-- MySQL dump 10.13  Distrib 5.7.26, for Linux (x86_64)
--
-- Host: localhost    Database: snake_db
-- ------------------------------------------------------
-- Server version	5.7.26-0ubuntu0.18.04.1

/*!40101 SET @OLD_CHARACTER_SET_CLIENT=@@CHARACTER_SET_CLIENT */;
/*!40101 SET @OLD_CHARACTER_SET_RESULTS=@@CHARACTER_SET_RESULTS */;
/*!40101 SET @OLD_COLLATION_CONNECTION=@@COLLATION_CONNECTION */;
/*!40101 SET NAMES utf8 */;
/*!40103 SET @OLD_TIME_ZONE=@@TIME_ZONE */;
/*!40103 SET TIME_ZONE='+00:00' */;
/*!40014 SET @OLD_UNIQUE_CHECKS=@@UNIQUE_CHECKS, UNIQUE_CHECKS=0 */;
/*!40014 SET @OLD_FOREIGN_KEY_CHECKS=@@FOREIGN_KEY_CHECKS, FOREIGN_KEY_CHECKS=0 */;
/*!40101 SET @OLD_SQL_MODE=@@SQL_MODE, SQL_MODE='NO_AUTO_VALUE_ON_ZERO' */;
/*!40111 SET @OLD_SQL_NOTES=@@SQL_NOTES, SQL_NOTES=0 */;

--
-- Table structure for table `inter_application`
--

DROP TABLE IF EXISTS `inter_application`;
/*!40101 SET @saved_cs_client     = @@character_set_client */;
/*!40101 SET character_set_client = utf8 */;
CREATE TABLE `inter_application` (
  `id_` bigint(4) NOT NULL AUTO_INCREMENT,
  `name_` varchar(20) DEFAULT NULL,
  `code_` varchar(20) DEFAULT NULL,
  `type_` varchar(20) DEFAULT NULL,
  `remark_` varchar(50) DEFAULT NULL,
  `created_time` timestamp NOT NULL DEFAULT CURRENT_TIMESTAMP ON UPDATE CURRENT_TIMESTAMP,
  `creator_id` bigint(4) DEFAULT NULL,
  PRIMARY KEY (`id_`)
) ENGINE=InnoDB AUTO_INCREMENT=2 DEFAULT CHARSET=utf8mb4;
/*!40101 SET character_set_client = @saved_cs_client */;

--
-- Dumping data for table `inter_application`
--

LOCK TABLES `inter_application` WRITE;
/*!40000 ALTER TABLE `inter_application` DISABLE KEYS */;
INSERT INTO `inter_application` VALUES (1,'动态血糖','glucose_db','service','动态血糖','2019-06-11 01:40:24',NULL);
/*!40000 ALTER TABLE `inter_application` ENABLE KEYS */;
UNLOCK TABLES;

--
-- Table structure for table `inter_group`
--

DROP TABLE IF EXISTS `inter_group`;
/*!40101 SET @saved_cs_client     = @@character_set_client */;
/*!40101 SET character_set_client = utf8 */;
CREATE TABLE `inter_group` (
  `id_` bigint(4) NOT NULL AUTO_INCREMENT,
  `application_id` bigint(4) DEFAULT NULL,
  `name_` varchar(20) DEFAULT NULL,
  `model_` varchar(20) DEFAULT NULL,
  `status_` int(1) DEFAULT NULL,
  `remark_` varchar(50) DEFAULT NULL,
  `created_time` timestamp NOT NULL DEFAULT CURRENT_TIMESTAMP ON UPDATE CURRENT_TIMESTAMP,
  `creator_id` bigint(4) DEFAULT NULL,
  PRIMARY KEY (`id_`)
) ENGINE=InnoDB DEFAULT CHARSET=utf8mb4;
/*!40101 SET character_set_client = @saved_cs_client */;

--
-- Dumping data for table `inter_group`
--

LOCK TABLES `inter_group` WRITE;
/*!40000 ALTER TABLE `inter_group` DISABLE KEYS */;
/*!40000 ALTER TABLE `inter_group` ENABLE KEYS */;
UNLOCK TABLES;

--
-- Table structure for table `inter_model`
--

DROP TABLE IF EXISTS `inter_model`;
/*!40101 SET @saved_cs_client     = @@character_set_client */;
/*!40101 SET character_set_client = utf8 */;
CREATE TABLE `inter_model` (
  `id_` bigint(4) NOT NULL AUTO_INCREMENT,
  `application_id` bigint(4) DEFAULT NULL,
  `name_` varchar(20) DEFAULT NULL,
  `code_` varchar(50) DEFAULT NULL,
  `status_` int(1) DEFAULT NULL,
  `remark_` varchar(50) DEFAULT NULL,
  `created_time` timestamp NOT NULL DEFAULT CURRENT_TIMESTAMP ON UPDATE CURRENT_TIMESTAMP,
  `creator_id` bigint(4) DEFAULT NULL,
  PRIMARY KEY (`id_`)
) ENGINE=InnoDB AUTO_INCREMENT=86 DEFAULT CHARSET=utf8mb4;
/*!40101 SET character_set_client = @saved_cs_client */;

--
-- Dumping data for table `inter_model`
--

LOCK TABLES `inter_model` WRITE;
/*!40000 ALTER TABLE `inter_model` DISABLE KEYS */;
INSERT INTO `inter_model` VALUES (1,1,'','analysis_glucose',0,NULL,'2019-06-11 01:40:25',NULL),(2,1,'','analysis_wear',0,NULL,'2019-06-11 01:40:25',NULL),(3,1,'','analysis_wear_temp',0,NULL,'2019-06-11 01:40:25',NULL),(4,1,'','api_com_log',0,NULL,'2019-06-11 01:40:25',NULL),(5,1,'血糖计算过程信息表','api_compute_glucose',0,NULL,'2019-06-11 01:40:25',NULL),(6,1,'血糖计算参比血糖表','api_compute_refer_glucose',0,NULL,'2019-06-11 01:40:26',NULL),(7,1,'','api_mobile',0,NULL,'2019-06-11 01:40:26',NULL),(8,1,'','api_sdk_electric',0,NULL,'2019-06-11 01:40:26',NULL),(9,1,'','api_sdk_emitter_work',0,NULL,'2019-06-11 01:40:26',NULL),(10,1,'应用科室同步','api_sync_app',0,NULL,'2019-06-11 01:40:26',NULL),(11,1,'客户端命令','app_command',0,NULL,'2019-06-11 01:40:26',NULL),(12,1,'金针检测信息','assembly_gold_needle',0,NULL,'2019-06-11 01:40:27',NULL),(13,1,'金针检测统计信息','assembly_gold_statistics',0,NULL,'2019-06-11 01:40:27',NULL),(14,1,'组装传感器信息表','assembly_sensor',0,NULL,'2019-06-11 01:40:27',NULL),(15,1,'传感器批次信息','assembly_sensor_batch',0,NULL,'2019-06-11 01:40:27',NULL),(16,1,'传感器体外检测信息表','assembly_sensor_detect',0,NULL,'2019-06-11 01:40:27',NULL),(17,1,'银针检测信息表','assembly_silver_statistics',0,NULL,'2019-06-11 01:40:28',NULL),(18,1,'基础附件信息表','base_attachment',0,NULL,'2019-06-11 01:40:28',NULL),(19,1,'基础附件信息表','base_big_file',0,NULL,'2019-06-11 01:40:28',NULL),(20,1,'中心机构','base_central',0,'中心机构','2019-06-11 01:43:47',NULL),(21,1,'系统菜单信息表','base_function',0,NULL,'2019-06-11 01:40:28',NULL),(22,1,'','base_hospital',3,NULL,'2019-06-11 08:27:45',NULL),(23,1,'系统日志信息表','base_log',0,NULL,'2019-06-11 01:40:28',NULL),(24,1,'医院机构信息表','base_organization',0,NULL,'2019-06-11 01:40:29',NULL),(25,1,'上传信息机构许可表','base_organization_token',0,NULL,'2019-06-11 01:40:29',NULL),(26,1,'角色信息表','base_role',0,NULL,'2019-06-11 01:40:29',NULL),(27,1,'角色与菜单关联表','base_role_function',0,NULL,'2019-06-11 01:40:29',NULL),(28,1,'基础序列表','base_sequence',0,NULL,'2019-06-11 01:40:29',NULL),(29,1,'用户信息表','base_user',0,NULL,'2019-06-11 01:40:29',NULL),(30,1,'','cgm_event',0,NULL,'2019-06-11 01:40:29',NULL),(31,1,'','cgm_glucose',0,NULL,'2019-06-11 01:40:29',NULL),(32,1,'','cgm_refer_glucose',0,NULL,'2019-06-11 01:40:30',NULL),(33,1,'','cgm_wear',0,NULL,'2019-06-11 01:40:30',NULL),(34,1,'用户设备工作状态信息表','collector_emitter_status',0,NULL,'2019-06-11 01:40:30',NULL),(35,1,'','collector_log',0,NULL,'2019-06-11 01:40:30',NULL),(36,1,'','collector_mobile_info',0,NULL,'2019-06-11 01:40:30',NULL),(37,1,'','collector_mobile_log',0,NULL,'2019-06-11 01:40:30',NULL),(38,1,'','collector_verify_code',0,NULL,'2019-06-11 01:40:30',NULL),(39,1,'金针涂膜环境信息','detect_gold_environment',0,NULL,'2019-06-11 01:40:31',NULL),(40,1,'传感器信息','detect_sensor',0,NULL,'2019-06-11 01:40:31',NULL),(41,1,'VIEW','detect_sensor_details_view',0,NULL,'2019-06-11 01:40:31',NULL),(42,1,'传感器单元信息','detect_sensor_unit',0,NULL,'2019-06-11 01:40:31',NULL),(43,1,'','emr_item',0,NULL,'2019-06-11 01:40:31',NULL),(44,1,'','emr_item_class',0,NULL,'2019-06-11 01:40:32',NULL),(45,1,'','emr_item_group',0,NULL,'2019-06-11 01:40:32',NULL),(46,1,'','emr_model',0,NULL,'2019-06-11 01:40:32',NULL),(47,1,'','emr_model_item',0,NULL,'2019-06-11 01:40:32',NULL),(48,1,'','emr_model_paragraph',0,NULL,'2019-06-11 01:40:32',NULL),(49,1,'','emr_patient_item',0,NULL,'2019-06-11 01:40:32',NULL),(50,1,'','emr_patient_model',0,NULL,'2019-06-11 01:40:32',NULL),(51,1,'','emr_query',0,NULL,'2019-06-11 01:40:32',NULL),(52,1,'','emr_query_item',0,NULL,'2019-06-11 01:40:32',NULL),(53,1,'gis位置记录表','g4_gisaddress',0,NULL,'2019-06-11 01:40:33',NULL),(54,1,'用户位置记录表','g4_location',0,NULL,'2019-06-11 01:40:33',NULL),(55,1,'用户位置信息表','g4_object',0,NULL,'2019-06-11 01:40:33',NULL),(56,1,'','g4_offset',0,NULL,'2019-06-11 01:40:33',NULL),(57,1,'告警信息存储表','sam_alert',0,NULL,'2019-06-11 01:40:33',NULL),(58,1,'告警信息处理过程的记录表','sam_alert_handle',0,NULL,'2019-06-11 01:40:33',NULL),(59,1,'','sam_attention',0,NULL,'2019-06-11 01:40:33',NULL),(60,1,'用户关注患者信息表','sam_attention_patient',0,NULL,'2019-06-11 01:40:33',NULL),(61,1,'中心医院关联信息表','sam_center_hospital',0,NULL,'2019-06-11 01:40:34',NULL),(62,1,'资料库信息表','sam_database',0,NULL,'2019-06-11 01:40:34',NULL),(63,1,'资料库分类信息表','sam_database_type',0,NULL,'2019-06-11 01:40:34',NULL),(64,1,'','sam_developer',0,NULL,'2019-06-11 01:40:34',NULL),(65,1,'发射器告警参数信息表','sam_emitter_alarm',0,NULL,'2019-06-11 01:40:34',NULL),(66,1,'发射器发货','sam_emitter_ship',0,NULL,'2019-06-11 01:40:34',NULL),(67,1,'患者活动事件信息表','sam_event',0,NULL,'2019-06-11 01:40:34',NULL),(68,1,'患者血糖记录表','sam_glucose',0,NULL,'2019-06-11 01:40:35',NULL),(69,1,'','sam_health_share',0,NULL,'2019-06-11 01:40:35',NULL),(70,1,'用户最新的血糖记录表','sam_last_glucose',0,NULL,'2019-06-11 01:40:35',NULL),(71,1,'血糖数据','sam_modd_glucose',0,NULL,'2019-06-11 01:40:35',NULL),(72,1,'血糖数据','sam_modd_pre_glucose',0,NULL,'2019-06-11 01:40:35',NULL),(73,1,'患者信息表','sam_patient',0,NULL,'2019-06-11 01:40:36',NULL),(74,1,'患者每日血糖统计','sam_patient_stat_daily',0,NULL,'2019-06-11 01:40:36',NULL),(75,1,'患者参比血糖信息表','sam_refer_glucose',0,NULL,'2019-06-11 01:40:36',NULL),(76,1,'升级包信息表','sam_upgrade',0,NULL,'2019-06-11 01:40:36',NULL),(77,1,'','sam_video',0,NULL,'2019-06-11 01:40:36',NULL),(78,1,'','sam_wear',0,NULL,'2019-06-11 01:40:36',NULL),(79,1,'分娩记录表','xj_childbirth',0,NULL,'2019-06-11 01:40:37',NULL),(80,1,'住院记录表','xj_hospital_record',0,NULL,'2019-06-11 01:40:37',NULL),(81,1,'产妇随访表','xj_maternal_survey',0,NULL,'2019-06-11 01:40:37',NULL),(82,1,'新生儿随访表','xj_newborn_survey',0,NULL,'2019-06-11 01:40:37',NULL),(83,1,'','xj_search_condition',0,NULL,'2019-06-11 01:40:37',NULL),(84,1,'体格及检查表','xj_sign_check',0,NULL,'2019-06-11 01:40:38',NULL),(85,1,'血糖监测与治疗表','xj_treatment',0,NULL,'2019-06-11 01:40:38',NULL);
/*!40000 ALTER TABLE `inter_model` ENABLE KEYS */;
UNLOCK TABLES;

--
-- Table structure for table `inter_model_parameter`
--

DROP TABLE IF EXISTS `inter_model_parameter`;
/*!40101 SET @saved_cs_client     = @@character_set_client */;
/*!40101 SET character_set_client = utf8 */;
CREATE TABLE `inter_model_parameter` (
  `id_` bigint(4) NOT NULL AUTO_INCREMENT,
  `model_id` bigint(4) DEFAULT NULL,
  `key_type` int(1) DEFAULT NULL,
  `name_` varchar(100) DEFAULT NULL,
  `code_` varchar(50) DEFAULT NULL,
  `type_` varchar(20) DEFAULT NULL,
  `is_array` int(1) DEFAULT NULL,
  `allow_blank` int(1) DEFAULT NULL,
  `length_` int(1) DEFAULT NULL,
  `regex_` varchar(20) DEFAULT NULL,
  `example_` varchar(20) DEFAULT NULL,
  `remark_` varchar(100) DEFAULT NULL,
  `created_time` timestamp NOT NULL DEFAULT CURRENT_TIMESTAMP ON UPDATE CURRENT_TIMESTAMP,
  `creator_id` bigint(4) DEFAULT NULL,
  PRIMARY KEY (`id_`)
) ENGINE=InnoDB AUTO_INCREMENT=1819 DEFAULT CHARSET=utf8mb4;
/*!40101 SET character_set_client = @saved_cs_client */;

--
-- Dumping data for table `inter_model_parameter`
--

LOCK TABLES `inter_model_parameter` WRITE;
/*!40000 ALTER TABLE `inter_model_parameter` DISABLE KEYS */;
INSERT INTO `inter_model_parameter` VALUES (1,1,1,'ID','id','Long',0,0,11,'*','11','主键','2019-06-11 01:40:25',NULL),(2,1,0,'已删除','deleted','Integer',0,0,1,'*','0','逻辑删除标志','2019-06-11 01:40:25',NULL),(3,1,0,'创建时间','createTime','String',0,0,19,'*','2016-12-27 14:59:16','时间格式字符串','2019-06-11 01:40:25',NULL),(4,1,0,'创建人ID','createId','Long',0,0,11,'*','11','创建人ID','2019-06-11 01:40:25',NULL),(5,1,0,'创建人名称','createUser','String',0,0,50,'*','wenxy','创建人名称','2019-06-11 01:40:25',NULL),(6,1,0,'更新时间','updateTime','String',0,0,19,'*','2016-12-27 15:11:55','更新时间','2019-06-11 01:40:25',NULL),(7,1,0,'更新人ID','updateId','Long',0,0,11,'*','11','更新人ID','2019-06-11 01:40:25',NULL),(8,1,0,'更信人名称','updateUser','String',0,0,50,'*','wenxy','更信人名称','2019-06-11 01:40:25',NULL),(9,1,NULL,'','id_','bigint',0,0,NULL,NULL,NULL,NULL,'2019-06-11 01:40:25',NULL),(10,1,NULL,'','created_','varchar',0,1,19,NULL,NULL,NULL,'2019-06-11 01:40:25',NULL),(11,1,NULL,'','current_','decimal',0,1,NULL,NULL,NULL,NULL,'2019-06-11 01:40:25',NULL),(12,1,NULL,'','time_','varchar',0,1,19,NULL,NULL,NULL,'2019-06-11 01:40:25',NULL),(13,1,NULL,'','user_id','bigint',0,1,NULL,NULL,NULL,NULL,'2019-06-11 01:40:25',NULL),(14,1,NULL,'','value_','decimal',0,1,NULL,NULL,NULL,NULL,'2019-06-11 01:40:25',NULL),(15,1,NULL,'','wear_id','bigint',0,1,NULL,NULL,NULL,NULL,'2019-06-11 01:40:25',NULL),(16,2,1,'ID','id','Long',0,0,11,'*','11','主键','2019-06-11 01:40:25',NULL),(17,2,0,'已删除','deleted','Integer',0,0,1,'*','0','逻辑删除标志','2019-06-11 01:40:25',NULL),(18,2,0,'创建时间','createTime','String',0,0,19,'*','2016-12-27 14:59:16','时间格式字符串','2019-06-11 01:40:25',NULL),(19,2,0,'创建人ID','createId','Long',0,0,11,'*','11','创建人ID','2019-06-11 01:40:25',NULL),(20,2,0,'创建人名称','createUser','String',0,0,50,'*','wenxy','创建人名称','2019-06-11 01:40:25',NULL),(21,2,0,'更新时间','updateTime','String',0,0,19,'*','2016-12-27 15:11:55','更新时间','2019-06-11 01:40:25',NULL),(22,2,0,'更新人ID','updateId','Long',0,0,11,'*','11','更新人ID','2019-06-11 01:40:25',NULL),(23,2,0,'更信人名称','updateUser','String',0,0,50,'*','wenxy','更信人名称','2019-06-11 01:40:25',NULL),(24,2,NULL,'','wear_id','bigint',0,0,NULL,NULL,NULL,NULL,'2019-06-11 01:40:25',NULL),(25,2,NULL,'','end_','varchar',0,1,19,NULL,NULL,NULL,'2019-06-11 01:40:25',NULL),(26,2,NULL,'','start_','varchar',0,1,19,NULL,NULL,NULL,'2019-06-11 01:40:25',NULL),(27,2,NULL,'','user_id','bigint',0,1,NULL,NULL,NULL,NULL,'2019-06-11 01:40:25',NULL),(28,2,NULL,'','glucose_count','int',0,1,NULL,NULL,NULL,NULL,'2019-06-11 01:40:25',NULL),(29,3,1,'ID','id','Long',0,0,11,'*','11','主键','2019-06-11 01:40:25',NULL),(30,3,0,'已删除','deleted','Integer',0,0,1,'*','0','逻辑删除标志','2019-06-11 01:40:25',NULL),(31,3,0,'创建时间','createTime','String',0,0,19,'*','2016-12-27 14:59:16','时间格式字符串','2019-06-11 01:40:25',NULL),(32,3,0,'创建人ID','createId','Long',0,0,11,'*','11','创建人ID','2019-06-11 01:40:25',NULL),(33,3,0,'创建人名称','createUser','String',0,0,50,'*','wenxy','创建人名称','2019-06-11 01:40:25',NULL),(34,3,0,'更新时间','updateTime','String',0,0,19,'*','2016-12-27 15:11:55','更新时间','2019-06-11 01:40:25',NULL),(35,3,0,'更新人ID','updateId','Long',0,0,11,'*','11','更新人ID','2019-06-11 01:40:25',NULL),(36,3,0,'更信人名称','updateUser','String',0,0,50,'*','wenxy','更信人名称','2019-06-11 01:40:25',NULL),(37,3,NULL,'','wear_id','bigint',0,0,NULL,NULL,NULL,NULL,'2019-06-11 01:40:25',NULL),(38,3,NULL,'','end_','varchar',0,1,255,NULL,NULL,NULL,'2019-06-11 01:40:25',NULL),(39,3,NULL,'','glucose_count','int',0,1,NULL,NULL,NULL,NULL,'2019-06-11 01:40:25',NULL),(40,3,NULL,'','start_','varchar',0,1,255,NULL,NULL,NULL,'2019-06-11 01:40:25',NULL),(41,3,NULL,'','user_id','bigint',0,1,NULL,NULL,NULL,NULL,'2019-06-11 01:40:25',NULL),(42,4,1,'ID','id','Long',0,0,11,'*','11','主键','2019-06-11 01:40:25',NULL),(43,4,0,'已删除','deleted','Integer',0,0,1,'*','0','逻辑删除标志','2019-06-11 01:40:25',NULL),(44,4,0,'创建时间','createTime','String',0,0,19,'*','2016-12-27 14:59:16','时间格式字符串','2019-06-11 01:40:25',NULL),(45,4,0,'创建人ID','createId','Long',0,0,11,'*','11','创建人ID','2019-06-11 01:40:25',NULL),(46,4,0,'创建人名称','createUser','String',0,0,50,'*','wenxy','创建人名称','2019-06-11 01:40:25',NULL),(47,4,0,'更新时间','updateTime','String',0,0,19,'*','2016-12-27 15:11:55','更新时间','2019-06-11 01:40:25',NULL),(48,4,0,'更新人ID','updateId','Long',0,0,11,'*','11','更新人ID','2019-06-11 01:40:25',NULL),(49,4,0,'更信人名称','updateUser','String',0,0,50,'*','wenxy','更信人名称','2019-06-11 01:40:25',NULL),(50,4,NULL,'','id_','bigint',0,0,NULL,NULL,NULL,NULL,'2019-06-11 01:40:25',NULL),(51,4,NULL,'用户id','user_id','bigint',0,1,NULL,NULL,NULL,NULL,'2019-06-11 01:40:25',NULL),(52,4,NULL,'','name_','varchar',0,1,50,NULL,NULL,NULL,'2019-06-11 01:40:25',NULL),(53,4,NULL,'','created_time','varchar',0,1,19,NULL,NULL,NULL,'2019-06-11 01:40:25',NULL),(54,4,NULL,'','content_','longblob',0,1,NULL,NULL,NULL,NULL,'2019-06-11 01:40:25',NULL),(55,4,NULL,'','result_','longtext',0,1,NULL,NULL,NULL,NULL,'2019-06-11 01:40:25',NULL),(56,4,NULL,'','hospital_id','bigint',0,1,NULL,NULL,NULL,NULL,'2019-06-11 01:40:25',NULL),(57,4,NULL,'','org_id','bigint',0,1,NULL,NULL,NULL,NULL,'2019-06-11 01:40:25',NULL),(58,4,NULL,'','type_','int',0,1,NULL,NULL,NULL,NULL,'2019-06-11 01:40:25',NULL),(59,5,1,'ID','id','Long',0,0,11,'*','11','主键','2019-06-11 01:40:26',NULL),(60,5,0,'已删除','deleted','Integer',0,0,1,'*','0','逻辑删除标志','2019-06-11 01:40:26',NULL),(61,5,0,'创建时间','createTime','String',0,0,19,'*','2016-12-27 14:59:16','时间格式字符串','2019-06-11 01:40:26',NULL),(62,5,0,'创建人ID','createId','Long',0,0,11,'*','11','创建人ID','2019-06-11 01:40:26',NULL),(63,5,0,'创建人名称','createUser','String',0,0,50,'*','wenxy','创建人名称','2019-06-11 01:40:26',NULL),(64,5,0,'更新时间','updateTime','String',0,0,19,'*','2016-12-27 15:11:55','更新时间','2019-06-11 01:40:26',NULL),(65,5,0,'更新人ID','updateId','Long',0,0,11,'*','11','更新人ID','2019-06-11 01:40:26',NULL),(66,5,0,'更信人名称','updateUser','String',0,0,50,'*','wenxy','更信人名称','2019-06-11 01:40:26',NULL),(67,5,NULL,'','id_','bigint',0,0,NULL,NULL,NULL,NULL,'2019-06-11 01:40:26',NULL),(68,5,NULL,'','user_id','bigint',0,1,NULL,NULL,NULL,NULL,'2019-06-11 01:40:26',NULL),(69,5,NULL,'传感器编号','emitter_code','varchar',0,1,50,NULL,NULL,NULL,'2019-06-11 01:40:26',NULL),(70,5,NULL,'','i0_','varchar',0,1,40,NULL,NULL,NULL,'2019-06-11 01:40:26',NULL),(71,5,NULL,'','i1_','varchar',0,1,40,NULL,NULL,NULL,'2019-06-11 01:40:26',NULL),(72,5,NULL,'','i2_','varchar',0,1,40,NULL,NULL,NULL,'2019-06-11 01:40:26',NULL),(73,5,NULL,'','i3_','varchar',0,1,40,NULL,NULL,NULL,'2019-06-11 01:40:26',NULL),(74,5,NULL,'','i4_','varchar',0,1,40,NULL,NULL,NULL,'2019-06-11 01:40:26',NULL),(75,5,NULL,'','k_','decimal',0,1,NULL,NULL,NULL,NULL,'2019-06-11 01:40:26',NULL),(76,5,NULL,'背景电流','back_current','int',0,1,NULL,NULL,NULL,NULL,'2019-06-11 01:40:26',NULL),(77,5,NULL,'电流值','current_value','decimal',0,1,NULL,NULL,NULL,NULL,'2019-06-11 01:40:26',NULL),(78,5,NULL,'血糖值','value_','decimal',0,1,NULL,NULL,NULL,NULL,'2019-06-11 01:40:26',NULL),(79,5,NULL,'采集时间','collected_time','varchar',0,1,19,NULL,NULL,NULL,'2019-06-11 01:40:26',NULL),(80,5,NULL,'客户端版本','version_','varchar',0,1,50,NULL,NULL,NULL,'2019-06-11 01:40:26',NULL),(81,5,NULL,'','created_time','varchar',0,1,19,NULL,NULL,NULL,'2019-06-11 01:40:26',NULL),(82,6,1,'ID','id','Long',0,0,11,'*','11','主键','2019-06-11 01:40:26',NULL),(83,6,0,'已删除','deleted','Integer',0,0,1,'*','0','逻辑删除标志','2019-06-11 01:40:26',NULL),(84,6,0,'创建时间','createTime','String',0,0,19,'*','2016-12-27 14:59:16','时间格式字符串','2019-06-11 01:40:26',NULL),(85,6,0,'创建人ID','createId','Long',0,0,11,'*','11','创建人ID','2019-06-11 01:40:26',NULL),(86,6,0,'创建人名称','createUser','String',0,0,50,'*','wenxy','创建人名称','2019-06-11 01:40:26',NULL),(87,6,0,'更新时间','updateTime','String',0,0,19,'*','2016-12-27 15:11:55','更新时间','2019-06-11 01:40:26',NULL),(88,6,0,'更新人ID','updateId','Long',0,0,11,'*','11','更新人ID','2019-06-11 01:40:26',NULL),(89,6,0,'更信人名称','updateUser','String',0,0,50,'*','wenxy','更信人名称','2019-06-11 01:40:26',NULL),(90,6,NULL,'','id_','bigint',0,0,NULL,NULL,NULL,NULL,'2019-06-11 01:40:26',NULL),(91,6,NULL,'','user_id','bigint',0,1,NULL,NULL,NULL,NULL,'2019-06-11 01:40:26',NULL),(92,6,NULL,'指血值','value_','decimal',0,1,NULL,NULL,NULL,NULL,'2019-06-11 01:40:26',NULL),(93,6,NULL,'采集时间','collected_time','varchar',0,1,19,NULL,NULL,NULL,'2019-06-11 01:40:26',NULL),(94,6,NULL,'客户端版本','version_','varchar',0,1,50,NULL,NULL,NULL,'2019-06-11 01:40:26',NULL),(95,6,NULL,'','created_time','varchar',0,1,19,NULL,NULL,NULL,'2019-06-11 01:40:26',NULL),(96,7,1,'ID','id','Long',0,0,11,'*','11','主键','2019-06-11 01:40:26',NULL),(97,7,0,'已删除','deleted','Integer',0,0,1,'*','0','逻辑删除标志','2019-06-11 01:40:26',NULL),(98,7,0,'创建时间','createTime','String',0,0,19,'*','2016-12-27 14:59:16','时间格式字符串','2019-06-11 01:40:26',NULL),(99,7,0,'创建人ID','createId','Long',0,0,11,'*','11','创建人ID','2019-06-11 01:40:26',NULL),(100,7,0,'创建人名称','createUser','String',0,0,50,'*','wenxy','创建人名称','2019-06-11 01:40:26',NULL),(101,7,0,'更新时间','updateTime','String',0,0,19,'*','2016-12-27 15:11:55','更新时间','2019-06-11 01:40:26',NULL),(102,7,0,'更新人ID','updateId','Long',0,0,11,'*','11','更新人ID','2019-06-11 01:40:26',NULL),(103,7,0,'更信人名称','updateUser','String',0,0,50,'*','wenxy','更信人名称','2019-06-11 01:40:26',NULL),(104,7,NULL,'','id_','bigint',0,0,NULL,NULL,NULL,NULL,'2019-06-11 01:40:26',NULL),(105,7,NULL,'','user_id','bigint',0,1,NULL,NULL,NULL,NULL,'2019-06-11 01:40:26',NULL),(106,7,NULL,'','imei_','varchar',0,1,50,NULL,NULL,NULL,'2019-06-11 01:40:26',NULL),(107,7,NULL,'','os_','varchar',0,1,50,NULL,NULL,NULL,'2019-06-11 01:40:26',NULL),(108,7,NULL,'','os_version','varchar',0,1,50,NULL,NULL,NULL,'2019-06-11 01:40:26',NULL),(109,7,NULL,'','version_','varchar',0,1,50,NULL,NULL,NULL,'2019-06-11 01:40:26',NULL),(110,7,NULL,'','phone_','varchar',0,1,50,NULL,NULL,NULL,'2019-06-11 01:40:26',NULL),(111,7,NULL,'','created_time','varchar',0,1,19,NULL,NULL,NULL,'2019-06-11 01:40:26',NULL),(112,8,1,'ID','id','Long',0,0,11,'*','11','主键','2019-06-11 01:40:26',NULL),(113,8,0,'已删除','deleted','Integer',0,0,1,'*','0','逻辑删除标志','2019-06-11 01:40:26',NULL),(114,8,0,'创建时间','createTime','String',0,0,19,'*','2016-12-27 14:59:16','时间格式字符串','2019-06-11 01:40:26',NULL),(115,8,0,'创建人ID','createId','Long',0,0,11,'*','11','创建人ID','2019-06-11 01:40:26',NULL),(116,8,0,'创建人名称','createUser','String',0,0,50,'*','wenxy','创建人名称','2019-06-11 01:40:26',NULL),(117,8,0,'更新时间','updateTime','String',0,0,19,'*','2016-12-27 15:11:55','更新时间','2019-06-11 01:40:26',NULL),(118,8,0,'更新人ID','updateId','Long',0,0,11,'*','11','更新人ID','2019-06-11 01:40:26',NULL),(119,8,0,'更信人名称','updateUser','String',0,0,50,'*','wenxy','更信人名称','2019-06-11 01:40:26',NULL),(120,8,NULL,'','id_','bigint',0,0,NULL,NULL,NULL,NULL,'2019-06-11 01:40:26',NULL),(121,8,NULL,'','emitter_work_id','bigint',0,1,NULL,NULL,NULL,NULL,'2019-06-11 01:40:26',NULL),(122,8,NULL,'','number_','bigint',0,1,NULL,NULL,NULL,NULL,'2019-06-11 01:40:26',NULL),(123,8,NULL,'','value_','decimal',0,1,NULL,NULL,NULL,NULL,'2019-06-11 01:40:26',NULL),(124,8,NULL,'','created_time','varchar',0,1,19,NULL,NULL,NULL,'2019-06-11 01:40:26',NULL),(125,9,1,'ID','id','Long',0,0,11,'*','11','主键','2019-06-11 01:40:26',NULL),(126,9,0,'已删除','deleted','Integer',0,0,1,'*','0','逻辑删除标志','2019-06-11 01:40:26',NULL),(127,9,0,'创建时间','createTime','String',0,0,19,'*','2016-12-27 14:59:16','时间格式字符串','2019-06-11 01:40:26',NULL),(128,9,0,'创建人ID','createId','Long',0,0,11,'*','11','创建人ID','2019-06-11 01:40:26',NULL),(129,9,0,'创建人名称','createUser','String',0,0,50,'*','wenxy','创建人名称','2019-06-11 01:40:26',NULL),(130,9,0,'更新时间','updateTime','String',0,0,19,'*','2016-12-27 15:11:55','更新时间','2019-06-11 01:40:26',NULL),(131,9,0,'更新人ID','updateId','Long',0,0,11,'*','11','更新人ID','2019-06-11 01:40:26',NULL),(132,9,0,'更信人名称','updateUser','String',0,0,50,'*','wenxy','更信人名称','2019-06-11 01:40:26',NULL),(133,9,NULL,'','id_','bigint',0,0,NULL,NULL,NULL,NULL,'2019-06-11 01:40:26',NULL),(134,9,NULL,'','imei_','varchar',0,1,50,NULL,NULL,NULL,'2019-06-11 01:40:26',NULL),(135,9,NULL,'','version_','varchar',0,1,50,NULL,NULL,NULL,'2019-06-11 01:40:26',NULL),(136,9,NULL,'','emitter_code','varchar',0,1,50,NULL,NULL,NULL,'2019-06-11 01:40:26',NULL),(137,9,NULL,'','time_','varchar',0,1,19,NULL,NULL,NULL,'2019-06-11 01:40:26',NULL),(138,9,NULL,'','last_','bigint',0,1,NULL,NULL,NULL,NULL,'2019-06-11 01:40:26',NULL),(139,9,NULL,'','created_time','varchar',0,1,19,NULL,NULL,NULL,'2019-06-11 01:40:26',NULL),(140,10,1,'ID','id','Long',0,0,11,'*','11','主键','2019-06-11 01:40:26',NULL),(141,10,0,'已删除','deleted','Integer',0,0,1,'*','0','逻辑删除标志','2019-06-11 01:40:26',NULL),(142,10,0,'创建时间','createTime','String',0,0,19,'*','2016-12-27 14:59:16','时间格式字符串','2019-06-11 01:40:26',NULL),(143,10,0,'创建人ID','createId','Long',0,0,11,'*','11','创建人ID','2019-06-11 01:40:26',NULL),(144,10,0,'创建人名称','createUser','String',0,0,50,'*','wenxy','创建人名称','2019-06-11 01:40:26',NULL),(145,10,0,'更新时间','updateTime','String',0,0,19,'*','2016-12-27 15:11:55','更新时间','2019-06-11 01:40:26',NULL),(146,10,0,'更新人ID','updateId','Long',0,0,11,'*','11','更新人ID','2019-06-11 01:40:26',NULL),(147,10,0,'更信人名称','updateUser','String',0,0,50,'*','wenxy','更信人名称','2019-06-11 01:40:26',NULL),(148,10,NULL,'','id_','bigint',0,0,NULL,NULL,NULL,NULL,'2019-06-11 01:40:26',NULL),(149,10,NULL,'','hospital_id','bigint',0,1,NULL,NULL,NULL,NULL,'2019-06-11 01:40:26',NULL),(150,10,NULL,'','org_id','bigint',0,1,NULL,NULL,NULL,NULL,'2019-06-11 01:40:26',NULL),(151,10,NULL,'','version_','varchar',0,1,30,NULL,NULL,NULL,'2019-06-11 01:40:26',NULL),(152,10,NULL,'','user_time','varchar',0,1,19,NULL,NULL,NULL,'2019-06-11 01:40:26',NULL),(153,10,NULL,'','wear_time','varchar',0,1,19,NULL,NULL,NULL,'2019-06-11 01:40:26',NULL),(154,10,NULL,'','glucose_time','varchar',0,1,19,NULL,NULL,NULL,'2019-06-11 01:40:26',NULL),(155,10,NULL,'','refer_time','varchar',0,1,19,NULL,NULL,NULL,'2019-06-11 01:40:26',NULL),(156,10,NULL,'','event_time','varchar',0,1,19,NULL,NULL,NULL,'2019-06-11 01:40:26',NULL),(157,10,NULL,'','created_time','datetime',0,1,NULL,NULL,NULL,NULL,'2019-06-11 01:40:26',NULL),(158,10,NULL,'','wear_id','bigint',0,1,NULL,NULL,NULL,NULL,'2019-06-11 01:40:26',NULL),(159,10,NULL,'','glucose_id','bigint',0,1,NULL,NULL,NULL,NULL,'2019-06-11 01:40:26',NULL),(160,10,NULL,'','refer_id','bigint',0,1,NULL,NULL,NULL,NULL,'2019-06-11 01:40:26',NULL),(161,10,NULL,'','event_id','bigint',0,1,NULL,NULL,NULL,NULL,'2019-06-11 01:40:26',NULL),(162,11,1,'ID','id','Long',0,0,11,'*','11','主键','2019-06-11 01:40:26',NULL),(163,11,0,'已删除','deleted','Integer',0,0,1,'*','0','逻辑删除标志','2019-06-11 01:40:26',NULL),(164,11,0,'创建时间','createTime','String',0,0,19,'*','2016-12-27 14:59:16','时间格式字符串','2019-06-11 01:40:26',NULL),(165,11,0,'创建人ID','createId','Long',0,0,11,'*','11','创建人ID','2019-06-11 01:40:26',NULL),(166,11,0,'创建人名称','createUser','String',0,0,50,'*','wenxy','创建人名称','2019-06-11 01:40:26',NULL),(167,11,0,'更新时间','updateTime','String',0,0,19,'*','2016-12-27 15:11:55','更新时间','2019-06-11 01:40:26',NULL),(168,11,0,'更新人ID','updateId','Long',0,0,11,'*','11','更新人ID','2019-06-11 01:40:26',NULL),(169,11,0,'更信人名称','updateUser','String',0,0,50,'*','wenxy','更信人名称','2019-06-11 01:40:26',NULL),(170,11,NULL,'','id_','bigint',0,0,NULL,NULL,NULL,NULL,'2019-06-11 01:40:27',NULL),(171,11,NULL,'','user_id','bigint',0,1,NULL,NULL,NULL,NULL,'2019-06-11 01:40:27',NULL),(172,11,NULL,'','type_','int',0,1,NULL,NULL,NULL,NULL,'2019-06-11 01:40:27',NULL),(173,11,NULL,'','operate_','int',0,1,NULL,NULL,NULL,NULL,'2019-06-11 01:40:27',NULL),(174,11,NULL,'','status_','int',0,1,NULL,NULL,NULL,NULL,'2019-06-11 01:40:27',NULL),(175,11,NULL,'','content_','text',0,1,65535,NULL,NULL,NULL,'2019-06-11 01:40:27',NULL),(176,11,NULL,'','created_time','datetime',0,1,NULL,NULL,NULL,NULL,'2019-06-11 01:40:27',NULL),(177,11,NULL,'','send_time','datetime',0,1,NULL,NULL,NULL,NULL,'2019-06-11 01:40:27',NULL),(178,12,1,'ID','id','Long',0,0,11,'*','11','主键','2019-06-11 01:40:27',NULL),(179,12,0,'已删除','deleted','Integer',0,0,1,'*','0','逻辑删除标志','2019-06-11 01:40:27',NULL),(180,12,0,'创建时间','createTime','String',0,0,19,'*','2016-12-27 14:59:16','时间格式字符串','2019-06-11 01:40:27',NULL),(181,12,0,'创建人ID','createId','Long',0,0,11,'*','11','创建人ID','2019-06-11 01:40:27',NULL),(182,12,0,'创建人名称','createUser','String',0,0,50,'*','wenxy','创建人名称','2019-06-11 01:40:27',NULL),(183,12,0,'更新时间','updateTime','String',0,0,19,'*','2016-12-27 15:11:55','更新时间','2019-06-11 01:40:27',NULL),(184,12,0,'更新人ID','updateId','Long',0,0,11,'*','11','更新人ID','2019-06-11 01:40:27',NULL),(185,12,0,'更信人名称','updateUser','String',0,0,50,'*','wenxy','更信人名称','2019-06-11 01:40:27',NULL),(186,12,NULL,'','id_','bigint',0,0,NULL,NULL,NULL,NULL,'2019-06-11 01:40:27',NULL),(187,12,NULL,'批号','batch_','varchar',0,1,20,NULL,NULL,NULL,'2019-06-11 01:40:27',NULL),(188,12,NULL,'单元号','unit_','int',0,1,NULL,NULL,NULL,NULL,'2019-06-11 01:40:27',NULL),(189,12,NULL,'序号','index_','int',0,1,NULL,NULL,NULL,NULL,'2019-06-11 01:40:27',NULL),(190,12,NULL,'金针生产日期','production_date','varchar',0,1,10,NULL,NULL,NULL,'2019-06-11 01:40:27',NULL),(191,12,NULL,'低浓度溶液(0mmol/L)电流值','low_glucose','decimal',0,1,NULL,NULL,NULL,NULL,'2019-06-11 01:40:27',NULL),(192,12,NULL,'中等浓度溶液(10mmol/L)电流值','middle_glucose','decimal',0,1,NULL,NULL,NULL,NULL,'2019-06-11 01:40:27',NULL),(193,12,NULL,'高浓度溶液(0mmol/L)电流值','high_glucose','decimal',0,1,NULL,NULL,NULL,NULL,'2019-06-11 01:40:27',NULL),(194,12,NULL,'溶液配制日期','glucose_date','varchar',0,1,10,NULL,NULL,NULL,'2019-06-11 01:40:27',NULL),(195,12,NULL,'灵敏度','sensitive_','decimal',0,1,NULL,NULL,NULL,NULL,'2019-06-11 01:40:27',NULL),(196,12,NULL,'线性','linear_','decimal',0,1,NULL,NULL,NULL,NULL,'2019-06-11 01:40:27',NULL),(197,12,NULL,'拉力','pull_','decimal',0,1,NULL,NULL,NULL,NULL,'2019-06-11 01:40:27',NULL),(198,12,NULL,'线性灵敏度合格','linear_qualified','tinyint',0,1,NULL,NULL,NULL,NULL,'2019-06-11 01:40:27',NULL),(199,12,NULL,'拉力合格','pull_qualified','tinyint',0,1,NULL,NULL,NULL,NULL,'2019-06-11 01:40:27',NULL),(200,12,NULL,'最终合格','qualified_','tinyint',0,1,NULL,NULL,NULL,NULL,'2019-06-11 01:40:27',NULL),(201,12,NULL,'检测日期','detect_date','varchar',0,1,10,NULL,NULL,NULL,'2019-06-11 01:40:27',NULL),(202,12,NULL,'','created_time','varchar',0,1,19,NULL,NULL,NULL,'2019-06-11 01:40:27',NULL),(203,12,NULL,'','creator_id','bigint',0,1,NULL,NULL,NULL,NULL,'2019-06-11 01:40:27',NULL),(204,13,1,'ID','id','Long',0,0,11,'*','11','主键','2019-06-11 01:40:27',NULL),(205,13,0,'已删除','deleted','Integer',0,0,1,'*','0','逻辑删除标志','2019-06-11 01:40:27',NULL),(206,13,0,'创建时间','createTime','String',0,0,19,'*','2016-12-27 14:59:16','时间格式字符串','2019-06-11 01:40:27',NULL),(207,13,0,'创建人ID','createId','Long',0,0,11,'*','11','创建人ID','2019-06-11 01:40:27',NULL),(208,13,0,'创建人名称','createUser','String',0,0,50,'*','wenxy','创建人名称','2019-06-11 01:40:27',NULL),(209,13,0,'更新时间','updateTime','String',0,0,19,'*','2016-12-27 15:11:55','更新时间','2019-06-11 01:40:27',NULL),(210,13,0,'更新人ID','updateId','Long',0,0,11,'*','11','更新人ID','2019-06-11 01:40:27',NULL),(211,13,0,'更信人名称','updateUser','String',0,0,50,'*','wenxy','更信人名称','2019-06-11 01:40:27',NULL),(212,13,NULL,'','id_','bigint',0,0,NULL,NULL,NULL,NULL,'2019-06-11 01:40:27',NULL),(213,13,NULL,'批次','batch_','varchar',0,1,20,NULL,NULL,NULL,'2019-06-11 01:40:27',NULL),(214,13,NULL,'生产日期','production_date','varchar',0,1,10,NULL,NULL,NULL,'2019-06-11 01:40:27',NULL),(215,13,NULL,'检测日期','detect_date','varchar',0,1,10,NULL,NULL,NULL,'2019-06-11 01:40:27',NULL),(216,13,NULL,'送检数','total_count','int',0,1,NULL,NULL,NULL,NULL,'2019-06-11 01:40:27',NULL),(217,13,NULL,'合格百分率','qualified_percent','decimal',0,1,NULL,NULL,NULL,NULL,'2019-06-11 01:40:27',NULL),(218,13,NULL,'合格数','qualified_count','int',0,1,NULL,NULL,NULL,NULL,'2019-06-11 01:40:27',NULL),(219,13,NULL,'A类数量','qualified_acount','int',0,1,NULL,NULL,NULL,NULL,'2019-06-11 01:40:27',NULL),(220,13,NULL,'不合格数','bad_count','int',0,1,NULL,NULL,NULL,NULL,'2019-06-11 01:40:27',NULL),(221,13,NULL,'空针数','empty_count','int',0,1,NULL,NULL,NULL,NULL,'2019-06-11 01:40:27',NULL),(222,13,NULL,'平均灵敏度','average_sensitive','decimal',0,1,NULL,NULL,NULL,NULL,'2019-06-11 01:40:27',NULL),(223,13,NULL,'金针测试文件id','detect_file_id','bigint',0,1,NULL,NULL,NULL,NULL,'2019-06-11 01:40:27',NULL),(224,14,1,'ID','id','Long',0,0,11,'*','11','主键','2019-06-11 01:40:27',NULL),(225,14,0,'已删除','deleted','Integer',0,0,1,'*','0','逻辑删除标志','2019-06-11 01:40:27',NULL),(226,14,0,'创建时间','createTime','String',0,0,19,'*','2016-12-27 14:59:16','时间格式字符串','2019-06-11 01:40:27',NULL),(227,14,0,'创建人ID','createId','Long',0,0,11,'*','11','创建人ID','2019-06-11 01:40:27',NULL),(228,14,0,'创建人名称','createUser','String',0,0,50,'*','wenxy','创建人名称','2019-06-11 01:40:27',NULL),(229,14,0,'更新时间','updateTime','String',0,0,19,'*','2016-12-27 15:11:55','更新时间','2019-06-11 01:40:27',NULL),(230,14,0,'更新人ID','updateId','Long',0,0,11,'*','11','更新人ID','2019-06-11 01:40:27',NULL),(231,14,0,'更信人名称','updateUser','String',0,0,50,'*','wenxy','更信人名称','2019-06-11 01:40:27',NULL),(232,14,NULL,'','id_','bigint',0,0,NULL,NULL,NULL,NULL,'2019-06-11 01:40:27',NULL),(233,14,NULL,'订单编号','order_code','varchar',0,0,20,NULL,NULL,NULL,'2019-06-11 01:40:27',NULL),(234,14,NULL,'生产日期','production_date','varchar',0,1,19,NULL,NULL,NULL,'2019-06-11 01:40:27',NULL),(235,14,NULL,'订单单元号','order_unit','int',0,1,NULL,NULL,NULL,NULL,'2019-06-11 01:40:27',NULL),(236,14,NULL,'金针码(格式:金针批号-单元号-序号)','gold_code','varchar',0,1,50,NULL,NULL,NULL,'2019-06-11 01:40:27',NULL),(237,14,NULL,'银针码(格式:银针批号-单元号-序号)','silver_code','varchar',0,1,50,NULL,NULL,NULL,'2019-06-11 01:40:27',NULL),(238,14,NULL,'金针单元号','gold_unit','int',0,1,NULL,NULL,NULL,NULL,'2019-06-11 01:40:27',NULL),(239,14,NULL,'金针单元内序号','gold_order','int',0,1,NULL,NULL,NULL,NULL,'2019-06-11 01:40:27',NULL),(240,14,NULL,'银针单元号','silver_unit','int',0,1,NULL,NULL,NULL,NULL,'2019-06-11 01:40:27',NULL),(241,14,NULL,'银针单元内序号','silver_order','int',0,1,NULL,NULL,NULL,NULL,'2019-06-11 01:40:27',NULL),(242,14,NULL,'','sensor_code','varchar',0,1,20,NULL,NULL,NULL,'2019-06-11 01:40:27',NULL),(243,14,NULL,'','code_','varchar',0,1,20,NULL,NULL,NULL,'2019-06-11 01:40:27',NULL),(244,14,NULL,'','created_time','varchar',0,1,19,NULL,NULL,NULL,'2019-06-11 01:40:27',NULL),(245,14,NULL,'','creator_id','bigint',0,1,NULL,NULL,NULL,NULL,'2019-06-11 01:40:27',NULL),(246,15,1,'ID','id','Long',0,0,11,'*','11','主键','2019-06-11 01:40:27',NULL),(247,15,0,'已删除','deleted','Integer',0,0,1,'*','0','逻辑删除标志','2019-06-11 01:40:27',NULL),(248,15,0,'创建时间','createTime','String',0,0,19,'*','2016-12-27 14:59:16','时间格式字符串','2019-06-11 01:40:27',NULL),(249,15,0,'创建人ID','createId','Long',0,0,11,'*','11','创建人ID','2019-06-11 01:40:27',NULL),(250,15,0,'创建人名称','createUser','String',0,0,50,'*','wenxy','创建人名称','2019-06-11 01:40:27',NULL),(251,15,0,'更新时间','updateTime','String',0,0,19,'*','2016-12-27 15:11:55','更新时间','2019-06-11 01:40:27',NULL),(252,15,0,'更新人ID','updateId','Long',0,0,11,'*','11','更新人ID','2019-06-11 01:40:27',NULL),(253,15,0,'更信人名称','updateUser','String',0,0,50,'*','wenxy','更信人名称','2019-06-11 01:40:27',NULL),(254,15,NULL,'','id_','bigint',0,0,NULL,NULL,NULL,NULL,'2019-06-11 01:40:27',NULL),(255,15,NULL,'传感器批号','batch_','varchar',0,1,20,NULL,NULL,NULL,'2019-06-11 01:40:27',NULL),(256,15,NULL,'传感器生产日期','production_date','varchar',0,1,19,NULL,NULL,NULL,'2019-06-11 01:40:27',NULL),(257,15,NULL,'传感器数量','count_','int',0,1,NULL,NULL,NULL,NULL,'2019-06-11 01:40:27',NULL),(258,15,NULL,'创建时间','created_time','varchar',0,1,19,NULL,NULL,NULL,'2019-06-11 01:40:27',NULL),(259,15,NULL,'创建人','creator_id','bigint',0,1,NULL,NULL,NULL,NULL,'2019-06-11 01:40:27',NULL),(260,15,NULL,'体外检测','outer_detected','tinyint',0,1,NULL,NULL,NULL,NULL,'2019-06-11 01:40:27',NULL),(261,15,NULL,'金针检测','gold_detected','tinyint',0,1,NULL,NULL,NULL,NULL,'2019-06-11 01:40:27',NULL),(262,15,NULL,'银针检测','silver_detected','tinyint',0,1,NULL,NULL,NULL,NULL,'2019-06-11 01:40:27',NULL),(263,15,NULL,'金针批次,多条用逗号隔开','gold_batch','tinytext',0,1,255,NULL,NULL,NULL,'2019-06-11 01:40:27',NULL),(264,15,NULL,'银针批次,多条用逗号隔开','silver_batch','tinytext',0,1,255,NULL,NULL,NULL,'2019-06-11 01:40:27',NULL),(265,15,NULL,'体外检测数量','detect_count','int',0,1,NULL,NULL,NULL,NULL,'2019-06-11 01:40:27',NULL),(266,15,NULL,'体外检测日期','detect_date','varchar',0,1,10,NULL,NULL,NULL,'2019-06-11 01:40:27',NULL),(267,15,NULL,'体外检测合格数量','qualified_count','int',0,1,NULL,NULL,NULL,NULL,'2019-06-11 01:40:27',NULL),(268,15,NULL,'体外检测合格百分比','qualified_percent','decimal',0,1,NULL,NULL,NULL,NULL,'2019-06-11 01:40:27',NULL),(269,15,NULL,'体外检测平均灵敏度','sensitive_','decimal',0,1,NULL,NULL,NULL,NULL,'2019-06-11 01:40:27',NULL),(270,15,NULL,'体外检测平均准确性','accuracy_','decimal',0,1,NULL,NULL,NULL,NULL,'2019-06-11 01:40:27',NULL),(271,15,NULL,'传感器文件id','file_id','bigint',0,1,NULL,NULL,NULL,NULL,'2019-06-11 01:40:27',NULL),(272,15,NULL,'传感器测试文件id','detect_file_id','bigint',0,1,NULL,NULL,NULL,NULL,'2019-06-11 01:40:27',NULL),(273,16,1,'ID','id','Long',0,0,11,'*','11','主键','2019-06-11 01:40:27',NULL),(274,16,0,'已删除','deleted','Integer',0,0,1,'*','0','逻辑删除标志','2019-06-11 01:40:27',NULL),(275,16,0,'创建时间','createTime','String',0,0,19,'*','2016-12-27 14:59:16','时间格式字符串','2019-06-11 01:40:27',NULL),(276,16,0,'创建人ID','createId','Long',0,0,11,'*','11','创建人ID','2019-06-11 01:40:27',NULL),(277,16,0,'创建人名称','createUser','String',0,0,50,'*','wenxy','创建人名称','2019-06-11 01:40:27',NULL),(278,16,0,'更新时间','updateTime','String',0,0,19,'*','2016-12-27 15:11:55','更新时间','2019-06-11 01:40:27',NULL),(279,16,0,'更新人ID','updateId','Long',0,0,11,'*','11','更新人ID','2019-06-11 01:40:27',NULL),(280,16,0,'更信人名称','updateUser','String',0,0,50,'*','wenxy','更信人名称','2019-06-11 01:40:27',NULL),(281,16,NULL,'','id_','bigint',0,0,NULL,NULL,NULL,NULL,'2019-06-11 01:40:27',NULL),(282,16,NULL,'批号','batch_','varchar',0,1,20,NULL,NULL,NULL,'2019-06-11 01:40:27',NULL),(283,16,NULL,'单元号;传感器后四位','unit_','varchar',0,1,10,NULL,NULL,NULL,'2019-06-11 01:40:27',NULL),(284,16,NULL,'生产日期','production_date','varchar',0,1,10,NULL,NULL,NULL,'2019-06-11 01:40:27',NULL),(285,16,NULL,'检测日期','detect_date','varchar',0,1,10,NULL,NULL,NULL,'2019-06-11 01:40:27',NULL),(286,16,NULL,'溶液配制日期','glucose_date','varchar',0,1,10,NULL,NULL,NULL,'2019-06-11 01:40:27',NULL),(287,16,NULL,'0mmol电流','zero_glucose','decimal',0,1,NULL,NULL,NULL,NULL,'2019-06-11 01:40:27',NULL),(288,16,NULL,'5mmol电流','five_glucose','decimal',0,1,NULL,NULL,NULL,NULL,'2019-06-11 01:40:27',NULL),(289,16,NULL,'10mmol电流','ten_glucose','decimal',0,1,NULL,NULL,NULL,NULL,'2019-06-11 01:40:27',NULL),(290,16,NULL,'15mmol电流','fifteen_glucose','decimal',0,1,NULL,NULL,NULL,NULL,'2019-06-11 01:40:27',NULL),(291,16,NULL,'20mmol电流','twenty_glucose','decimal',0,1,NULL,NULL,NULL,NULL,'2019-06-11 01:40:27',NULL),(292,16,NULL,'灵敏度','sensitive_','decimal',0,1,NULL,NULL,NULL,NULL,'2019-06-11 01:40:27',NULL),(293,16,NULL,'线性','linear_','decimal',0,1,NULL,NULL,NULL,NULL,'2019-06-11 01:40:27',NULL),(294,16,NULL,'拉力1','pull_one','decimal',0,1,NULL,NULL,NULL,NULL,'2019-06-11 01:40:27',NULL),(295,16,NULL,'拉力2','pull_two','decimal',0,1,NULL,NULL,NULL,NULL,'2019-06-11 01:40:27',NULL),(296,16,NULL,'准确性','accuracy_','decimal',0,1,NULL,NULL,NULL,NULL,'2019-06-11 01:40:27',NULL),(297,16,NULL,'线性灵敏度合格','linear_qualified','tinyint',0,1,NULL,NULL,NULL,NULL,'2019-06-11 01:40:27',NULL),(298,16,NULL,'拉力合格','pull_qualified','tinyint',0,1,NULL,NULL,NULL,NULL,'2019-06-11 01:40:27',NULL),(299,16,NULL,'单元合各','qualified_','tinyint',0,1,NULL,NULL,NULL,NULL,'2019-06-11 01:40:27',NULL),(300,16,NULL,'是否消毒','sterilization_','tinyint',0,1,NULL,NULL,NULL,NULL,'2019-06-11 01:40:27',NULL),(301,16,NULL,'消毒日期','sterilize_date','varchar',0,1,10,NULL,NULL,NULL,'2019-06-11 01:40:27',NULL),(302,16,NULL,'','created_time','varchar',0,1,19,NULL,NULL,NULL,'2019-06-11 01:40:27',NULL),(303,16,NULL,'','creator_id','bigint',0,1,NULL,NULL,NULL,NULL,'2019-06-11 01:40:27',NULL),(304,17,1,'ID','id','Long',0,0,11,'*','11','主键','2019-06-11 01:40:28',NULL),(305,17,0,'已删除','deleted','Integer',0,0,1,'*','0','逻辑删除标志','2019-06-11 01:40:28',NULL),(306,17,0,'创建时间','createTime','String',0,0,19,'*','2016-12-27 14:59:16','时间格式字符串','2019-06-11 01:40:28',NULL),(307,17,0,'创建人ID','createId','Long',0,0,11,'*','11','创建人ID','2019-06-11 01:40:28',NULL),(308,17,0,'创建人名称','createUser','String',0,0,50,'*','wenxy','创建人名称','2019-06-11 01:40:28',NULL),(309,17,0,'更新时间','updateTime','String',0,0,19,'*','2016-12-27 15:11:55','更新时间','2019-06-11 01:40:28',NULL),(310,17,0,'更新人ID','updateId','Long',0,0,11,'*','11','更新人ID','2019-06-11 01:40:28',NULL),(311,17,0,'更信人名称','updateUser','String',0,0,50,'*','wenxy','更信人名称','2019-06-11 01:40:28',NULL),(312,17,NULL,'','id_','bigint',0,0,NULL,NULL,NULL,NULL,'2019-06-11 01:40:28',NULL),(313,17,NULL,'','batch_','varchar',0,1,20,NULL,NULL,NULL,'2019-06-11 01:40:28',NULL),(314,17,NULL,'','production_date','varchar',0,1,10,NULL,NULL,NULL,'2019-06-11 01:40:28',NULL),(315,17,NULL,'','total_count','int',0,1,NULL,NULL,NULL,NULL,'2019-06-11 01:40:28',NULL),(316,17,NULL,'','detect_date','varchar',0,1,10,NULL,NULL,NULL,'2019-06-11 01:40:28',NULL),(317,17,NULL,'','detect_count','int',0,1,NULL,NULL,NULL,NULL,'2019-06-11 01:40:28',NULL),(318,17,NULL,'','qualified_count','int',0,1,NULL,NULL,NULL,NULL,'2019-06-11 01:40:28',NULL),(319,17,NULL,'','qualified_percent','decimal',0,1,NULL,NULL,NULL,NULL,'2019-06-11 01:40:28',NULL),(320,17,NULL,'','bad_count','int',0,1,NULL,NULL,NULL,NULL,'2019-06-11 01:40:28',NULL),(321,18,1,'ID','id','Long',0,0,11,'*','11','主键','2019-06-11 01:40:28',NULL),(322,18,0,'已删除','deleted','Integer',0,0,1,'*','0','逻辑删除标志','2019-06-11 01:40:28',NULL),(323,18,0,'创建时间','createTime','String',0,0,19,'*','2016-12-27 14:59:16','时间格式字符串','2019-06-11 01:40:28',NULL),(324,18,0,'创建人ID','createId','Long',0,0,11,'*','11','创建人ID','2019-06-11 01:40:28',NULL),(325,18,0,'创建人名称','createUser','String',0,0,50,'*','wenxy','创建人名称','2019-06-11 01:40:28',NULL),(326,18,0,'更新时间','updateTime','String',0,0,19,'*','2016-12-27 15:11:55','更新时间','2019-06-11 01:40:28',NULL),(327,18,0,'更新人ID','updateId','Long',0,0,11,'*','11','更新人ID','2019-06-11 01:40:28',NULL),(328,18,0,'更信人名称','updateUser','String',0,0,50,'*','wenxy','更信人名称','2019-06-11 01:40:28',NULL),(329,18,NULL,'主键','id_','bigint',0,0,NULL,NULL,NULL,NULL,'2019-06-11 01:40:28',NULL),(330,18,NULL,'原文件名','old_file_name','varchar',0,0,150,NULL,NULL,NULL,'2019-06-11 01:40:28',NULL),(331,18,NULL,'文件名','file_name','varchar',0,0,150,NULL,NULL,NULL,'2019-06-11 01:40:28',NULL),(332,18,NULL,'文件路径','file_path','varchar',0,1,500,NULL,NULL,NULL,'2019-06-11 01:40:28',NULL),(333,18,NULL,'文件大小','file_size','bigint',0,1,NULL,NULL,NULL,NULL,'2019-06-11 01:40:28',NULL),(334,18,NULL,'扩展名(后缀名)','file_ext','varchar',0,1,20,NULL,NULL,NULL,'2019-06-11 01:40:28',NULL),(335,18,NULL,'上传人','creator_id','bigint',0,1,NULL,NULL,NULL,NULL,'2019-06-11 01:40:28',NULL),(336,18,NULL,'上传时间','created_time','varchar',0,0,19,NULL,NULL,NULL,'2019-06-11 01:40:28',NULL),(337,18,NULL,'','file_','blob',0,1,65535,NULL,NULL,NULL,'2019-06-11 01:40:28',NULL),(338,19,1,'ID','id','Long',0,0,11,'*','11','主键','2019-06-11 01:40:28',NULL),(339,19,0,'已删除','deleted','Integer',0,0,1,'*','0','逻辑删除标志','2019-06-11 01:40:28',NULL),(340,19,0,'创建时间','createTime','String',0,0,19,'*','2016-12-27 14:59:16','时间格式字符串','2019-06-11 01:40:28',NULL),(341,19,0,'创建人ID','createId','Long',0,0,11,'*','11','创建人ID','2019-06-11 01:40:28',NULL),(342,19,0,'创建人名称','createUser','String',0,0,50,'*','wenxy','创建人名称','2019-06-11 01:40:28',NULL),(343,19,0,'更新时间','updateTime','String',0,0,19,'*','2016-12-27 15:11:55','更新时间','2019-06-11 01:40:28',NULL),(344,19,0,'更新人ID','updateId','Long',0,0,11,'*','11','更新人ID','2019-06-11 01:40:28',NULL),(345,19,0,'更信人名称','updateUser','String',0,0,50,'*','wenxy','更信人名称','2019-06-11 01:40:28',NULL),(346,19,NULL,'主键','id_','bigint',0,0,NULL,NULL,NULL,NULL,'2019-06-11 01:40:28',NULL),(347,19,NULL,'原文件名','old_name','varchar',0,0,150,NULL,NULL,NULL,'2019-06-11 01:40:28',NULL),(348,19,NULL,'文件路径','path_','varchar',0,1,200,NULL,NULL,NULL,'2019-06-11 01:40:28',NULL),(349,19,NULL,'文件名','file_name','varchar',0,0,150,NULL,NULL,NULL,'2019-06-11 01:40:28',NULL),(350,19,NULL,'扩展名(后缀名)','file_ext','varchar',0,1,20,NULL,NULL,NULL,'2019-06-11 01:40:28',NULL),(351,19,NULL,'文件大小','file_size','bigint',0,1,NULL,NULL,NULL,NULL,'2019-06-11 01:40:28',NULL),(352,19,NULL,'访问网址','url_','varchar',0,1,200,NULL,NULL,NULL,'2019-06-11 01:40:28',NULL),(353,19,NULL,'上传人','creator_id','bigint',0,1,NULL,NULL,NULL,NULL,'2019-06-11 01:40:28',NULL),(354,19,NULL,'上传时间','created_time','varchar',0,0,19,NULL,NULL,NULL,'2019-06-11 01:40:28',NULL),(355,20,1,'ID','id','Long',0,0,11,'*','11','主键','2019-06-11 01:40:28',NULL),(356,20,0,'已删除','deleted','Integer',0,0,1,'*','0','逻辑删除标志','2019-06-11 01:40:28',NULL),(357,20,0,'创建时间','createTime','String',0,0,19,'*','2016-12-27 14:59:16','时间格式字符串','2019-06-11 01:40:28',NULL),(358,20,0,'创建人ID','createId','Long',0,0,11,'*','11','创建人ID','2019-06-11 01:40:28',NULL),(359,20,0,'创建人名称','createUser','String',0,0,50,'*','wenxy','创建人名称','2019-06-11 01:40:28',NULL),(360,20,0,'更新时间','updateTime','String',0,0,19,'*','2016-12-27 15:11:55','更新时间','2019-06-11 01:40:28',NULL),(361,20,0,'更新人ID','updateId','Long',0,0,11,'*','11','更新人ID','2019-06-11 01:40:28',NULL),(362,20,0,'更信人名称','updateUser','String',0,0,50,'*','wenxy','更信人名称','2019-06-11 01:40:28',NULL),(363,20,NULL,'','id_','bigint',0,0,NULL,NULL,NULL,NULL,'2019-06-11 01:40:28',NULL),(364,20,NULL,'','name_','varchar',0,1,50,NULL,NULL,NULL,'2019-06-11 01:40:28',NULL),(365,20,NULL,'','created_time','datetime',0,1,NULL,NULL,NULL,NULL,'2019-06-11 01:40:28',NULL),(366,21,1,'ID','id','Long',0,0,11,'*','11','主键','2019-06-11 01:40:28',NULL),(367,21,0,'已删除','deleted','Integer',0,0,1,'*','0','逻辑删除标志','2019-06-11 01:40:28',NULL),(368,21,0,'创建时间','createTime','String',0,0,19,'*','2016-12-27 14:59:16','时间格式字符串','2019-06-11 01:40:28',NULL),(369,21,0,'创建人ID','createId','Long',0,0,11,'*','11','创建人ID','2019-06-11 01:40:28',NULL),(370,21,0,'创建人名称','createUser','String',0,0,50,'*','wenxy','创建人名称','2019-06-11 01:40:28',NULL),(371,21,0,'更新时间','updateTime','String',0,0,19,'*','2016-12-27 15:11:55','更新时间','2019-06-11 01:40:28',NULL),(372,21,0,'更新人ID','updateId','Long',0,0,11,'*','11','更新人ID','2019-06-11 01:40:28',NULL),(373,21,0,'更信人名称','updateUser','String',0,0,50,'*','wenxy','更信人名称','2019-06-11 01:40:28',NULL),(374,21,NULL,'主键','id_','bigint',0,0,NULL,NULL,NULL,NULL,'2019-06-11 01:40:28',NULL),(375,21,NULL,'菜单名称','name_','varchar',0,0,150,NULL,NULL,NULL,'2019-06-11 01:40:28',NULL),(376,21,NULL,'父菜单id','parent_id','bigint',0,1,NULL,NULL,NULL,NULL,'2019-06-11 01:40:28',NULL),(377,21,NULL,'菜单代码','code_','varchar',0,0,50,NULL,NULL,NULL,'2019-06-11 01:40:28',NULL),(378,21,NULL,'菜单地址','url_','varchar',0,1,500,NULL,NULL,NULL,'2019-06-11 01:40:28',NULL),(379,21,NULL,'菜单顺序','order_','int',0,1,NULL,NULL,NULL,NULL,'2019-06-11 01:40:28',NULL),(380,21,NULL,'菜单层级','level_','int',0,1,NULL,NULL,NULL,NULL,'2019-06-11 01:40:28',NULL),(381,21,NULL,'功能类型：1-菜单 2-按钮 3-功能','type_','int',0,0,NULL,NULL,NULL,NULL,'2019-06-11 01:40:28',NULL),(382,21,NULL,'日志级别','log_level','int',0,1,NULL,NULL,NULL,NULL,'2019-06-11 01:40:28',NULL),(383,21,NULL,'','remark_','varchar',0,1,300,NULL,NULL,NULL,'2019-06-11 01:40:28',NULL),(384,21,NULL,'','form_','varchar',0,0,50,NULL,NULL,NULL,'2019-06-11 01:40:28',NULL),(385,22,1,'ID','id','Long',0,0,11,'*','11','主键','2019-06-11 01:40:28',NULL),(386,22,0,'已删除','deleted','Integer',0,0,1,'*','0','逻辑删除标志','2019-06-11 01:40:28',NULL),(387,22,0,'创建时间','createTime','String',0,0,19,'*','2016-12-27 14:59:16','时间格式字符串','2019-06-11 01:40:28',NULL),(388,22,0,'创建人ID','createId','Long',0,0,11,'*','11','创建人ID','2019-06-11 01:40:28',NULL),(389,22,0,'创建人名称','createUser','String',0,0,50,'*','wenxy','创建人名称','2019-06-11 01:40:28',NULL),(390,22,0,'更新时间','updateTime','String',0,0,19,'*','2016-12-27 15:11:55','更新时间','2019-06-11 01:40:28',NULL),(391,22,0,'更新人ID','updateId','Long',0,0,11,'*','11','更新人ID','2019-06-11 01:40:28',NULL),(392,22,0,'更信人名称','updateUser','String',0,0,50,'*','wenxy','更信人名称','2019-06-11 01:40:28',NULL),(393,22,NULL,'医院ID','id_','bigint',0,0,NULL,NULL,NULL,NULL,'2019-06-11 01:40:28',NULL),(394,22,NULL,'医院名称','name_','varchar',0,0,50,NULL,NULL,NULL,'2019-06-11 01:40:28',NULL),(395,22,NULL,'医院短名','short_name','varchar',0,1,50,NULL,NULL,NULL,'2019-06-11 01:40:28',NULL),(396,22,NULL,'医院类型','type_','varchar',0,1,30,NULL,NULL,NULL,'2019-06-11 01:40:28',NULL),(397,22,NULL,'医院性质','property_','varchar',0,1,50,NULL,NULL,NULL,'2019-06-11 01:40:28',NULL),(398,22,NULL,'医院等级','rank_','varchar',0,1,50,NULL,NULL,NULL,'2019-06-11 01:40:28',NULL),(399,22,NULL,'联系电话','phone_','varchar',0,1,15,NULL,NULL,NULL,'2019-06-11 01:40:28',NULL),(400,22,NULL,'传真','fax_','varchar',0,1,15,NULL,NULL,NULL,'2019-06-11 01:40:28',NULL),(401,22,NULL,'邮编','postcode','varchar',0,1,6,NULL,NULL,NULL,'2019-06-11 01:40:28',NULL),(402,22,NULL,'联系地址','address','varchar',0,1,50,NULL,NULL,NULL,'2019-06-11 01:40:28',NULL),(403,22,NULL,'省(所在地区)','province_','varchar',0,1,30,NULL,NULL,NULL,'2019-06-11 01:40:28',NULL),(404,22,NULL,'市(所在地区)','city_','varchar',0,1,30,NULL,NULL,NULL,'2019-06-11 01:40:28',NULL),(405,22,NULL,'区(所在地区)','area_','varchar',0,1,30,NULL,NULL,NULL,'2019-06-11 01:40:28',NULL),(406,22,NULL,'联系人','link_man','varchar',0,1,30,NULL,NULL,NULL,'2019-06-11 01:40:28',NULL),(407,22,NULL,'建院年份','found_year','varchar',0,1,10,NULL,NULL,NULL,'2019-06-11 01:40:28',NULL),(408,22,NULL,'是否中心医院(0-否 1-是)','is_center','int',0,0,NULL,NULL,NULL,NULL,'2019-06-11 01:40:28',NULL),(409,22,NULL,'科室数量','org_num','int',0,1,NULL,NULL,NULL,NULL,'2019-06-11 01:40:28',NULL),(410,22,NULL,'医护人数','medic_num','int',0,1,NULL,NULL,NULL,NULL,'2019-06-11 01:40:28',NULL),(411,22,NULL,'病床数量','sickbed_num','int',0,1,NULL,NULL,NULL,NULL,'2019-06-11 01:40:28',NULL),(412,22,NULL,'是否支持医保(0-否 1-是)','is_insurance','int',0,1,NULL,NULL,NULL,NULL,'2019-06-11 01:40:28',NULL),(413,22,NULL,'医院简介','intro_','text',0,1,65535,NULL,NULL,NULL,'2019-06-11 01:40:28',NULL),(414,22,NULL,'先进设备','advance_device','text',0,1,65535,NULL,NULL,NULL,'2019-06-11 01:40:28',NULL),(415,22,NULL,'医院网址','url_','varchar',0,1,150,NULL,NULL,NULL,'2019-06-11 01:40:28',NULL),(416,22,NULL,'创建人','creator_id','bigint',0,0,NULL,NULL,NULL,NULL,'2019-06-11 01:40:28',NULL),(417,22,NULL,'创建时间','created_time','varchar',0,0,19,NULL,NULL,NULL,'2019-06-11 01:40:28',NULL),(418,22,NULL,'logo img url','logo_url','varchar',0,1,100,NULL,NULL,NULL,'2019-06-11 01:40:28',NULL),(419,22,NULL,'中心ID','central_id','bigint',0,1,NULL,NULL,NULL,NULL,'2019-06-11 01:40:28',NULL),(420,23,1,'ID','id','Long',0,0,11,'*','11','主键','2019-06-11 01:40:28',NULL),(421,23,0,'已删除','deleted','Integer',0,0,1,'*','0','逻辑删除标志','2019-06-11 01:40:28',NULL),(422,23,0,'创建时间','createTime','String',0,0,19,'*','2016-12-27 14:59:16','时间格式字符串','2019-06-11 01:40:28',NULL),(423,23,0,'创建人ID','createId','Long',0,0,11,'*','11','创建人ID','2019-06-11 01:40:28',NULL),(424,23,0,'创建人名称','createUser','String',0,0,50,'*','wenxy','创建人名称','2019-06-11 01:40:28',NULL),(425,23,0,'更新时间','updateTime','String',0,0,19,'*','2016-12-27 15:11:55','更新时间','2019-06-11 01:40:28',NULL),(426,23,0,'更新人ID','updateId','Long',0,0,11,'*','11','更新人ID','2019-06-11 01:40:28',NULL),(427,23,0,'更信人名称','updateUser','String',0,0,50,'*','wenxy','更信人名称','2019-06-11 01:40:28',NULL),(428,23,NULL,'主键','id_','bigint',0,0,NULL,NULL,NULL,NULL,'2019-06-11 01:40:29',NULL),(429,23,NULL,'','name_','varchar',0,1,50,NULL,NULL,NULL,'2019-06-11 01:40:29',NULL),(430,23,NULL,'操作的用户id','user_id','bigint',0,0,NULL,NULL,NULL,NULL,'2019-06-11 01:40:29',NULL),(431,23,NULL,'发生时间','created_time','varchar',0,0,19,NULL,NULL,NULL,'2019-06-11 01:40:29',NULL),(432,23,NULL,'执行方法','function_name','varchar',0,1,150,NULL,NULL,NULL,'2019-06-11 01:40:29',NULL),(433,23,NULL,'动作信息','remark_','varchar',0,1,150,NULL,NULL,NULL,'2019-06-11 01:40:29',NULL),(434,23,NULL,'是否成功 0-否  1-是','is_success','int',0,0,NULL,NULL,NULL,NULL,'2019-06-11 01:40:29',NULL),(435,23,NULL,'','code_','varchar',0,1,50,NULL,NULL,NULL,'2019-06-11 01:40:29',NULL),(436,24,1,'ID','id','Long',0,0,11,'*','11','主键','2019-06-11 01:40:29',NULL),(437,24,0,'已删除','deleted','Integer',0,0,1,'*','0','逻辑删除标志','2019-06-11 01:40:29',NULL),(438,24,0,'创建时间','createTime','String',0,0,19,'*','2016-12-27 14:59:16','时间格式字符串','2019-06-11 01:40:29',NULL),(439,24,0,'创建人ID','createId','Long',0,0,11,'*','11','创建人ID','2019-06-11 01:40:29',NULL),(440,24,0,'创建人名称','createUser','String',0,0,50,'*','wenxy','创建人名称','2019-06-11 01:40:29',NULL),(441,24,0,'更新时间','updateTime','String',0,0,19,'*','2016-12-27 15:11:55','更新时间','2019-06-11 01:40:29',NULL),(442,24,0,'更新人ID','updateId','Long',0,0,11,'*','11','更新人ID','2019-06-11 01:40:29',NULL),(443,24,0,'更信人名称','updateUser','String',0,0,50,'*','wenxy','更信人名称','2019-06-11 01:40:29',NULL),(444,24,NULL,'主键','id_','bigint',0,0,NULL,NULL,NULL,NULL,'2019-06-11 01:40:29',NULL),(445,24,NULL,'机构名称','name_','varchar',0,0,50,NULL,NULL,NULL,'2019-06-11 01:40:29',NULL),(446,24,NULL,'机构短名','short_name','varchar',0,1,50,NULL,NULL,NULL,'2019-06-11 01:40:29',NULL),(447,24,NULL,'所属医院','hospital_id','bigint',0,0,NULL,NULL,NULL,NULL,'2019-06-11 01:40:29',NULL),(448,24,NULL,'父机构ID','parent_id','bigint',0,1,NULL,NULL,NULL,NULL,'2019-06-11 01:40:29',NULL),(449,24,NULL,'机构负责人','manager_','varchar',0,1,30,NULL,NULL,NULL,'2019-06-11 01:40:29',NULL),(450,24,NULL,'联系电话','phone_','varchar',0,1,15,NULL,NULL,NULL,'2019-06-11 01:40:29',NULL),(451,24,NULL,'机构层级','level_','int',0,1,NULL,NULL,NULL,NULL,'2019-06-11 01:40:29',NULL),(452,24,NULL,'排序顺序','order_','int',0,1,NULL,NULL,NULL,NULL,'2019-06-11 01:40:29',NULL),(453,24,NULL,'创建人','creator_id','bigint',0,0,NULL,NULL,NULL,NULL,'2019-06-11 01:40:29',NULL),(454,24,NULL,'创建时间','created_time','varchar',0,0,19,NULL,NULL,NULL,'2019-06-11 01:40:29',NULL),(455,25,1,'ID','id','Long',0,0,11,'*','11','主键','2019-06-11 01:40:29',NULL),(456,25,0,'已删除','deleted','Integer',0,0,1,'*','0','逻辑删除标志','2019-06-11 01:40:29',NULL),(457,25,0,'创建时间','createTime','String',0,0,19,'*','2016-12-27 14:59:16','时间格式字符串','2019-06-11 01:40:29',NULL),(458,25,0,'创建人ID','createId','Long',0,0,11,'*','11','创建人ID','2019-06-11 01:40:29',NULL),(459,25,0,'创建人名称','createUser','String',0,0,50,'*','wenxy','创建人名称','2019-06-11 01:40:29',NULL),(460,25,0,'更新时间','updateTime','String',0,0,19,'*','2016-12-27 15:11:55','更新时间','2019-06-11 01:40:29',NULL),(461,25,0,'更新人ID','updateId','Long',0,0,11,'*','11','更新人ID','2019-06-11 01:40:29',NULL),(462,25,0,'更信人名称','updateUser','String',0,0,50,'*','wenxy','更信人名称','2019-06-11 01:40:29',NULL),(463,25,NULL,'','id_','bigint',0,0,NULL,NULL,NULL,NULL,'2019-06-11 01:40:29',NULL),(464,25,NULL,'','hospital_id','bigint',0,1,NULL,NULL,NULL,NULL,'2019-06-11 01:40:29',NULL),(465,25,NULL,'','org_id','bigint',0,1,NULL,NULL,NULL,NULL,'2019-06-11 01:40:29',NULL),(466,25,NULL,'许可码','token_','varchar',0,1,50,NULL,NULL,NULL,'2019-06-11 01:40:29',NULL),(467,25,NULL,'有效截止日期','valid_date','varchar',0,1,10,NULL,NULL,NULL,'2019-06-11 01:40:29',NULL),(468,25,NULL,'权限：0-只读 2-读写','authority_','int',0,1,NULL,NULL,NULL,NULL,'2019-06-11 01:40:29',NULL),(469,25,NULL,'','created_time','varchar',0,1,19,NULL,NULL,NULL,'2019-06-11 01:40:29',NULL),(470,25,NULL,'','creator_id','bigint',0,1,NULL,NULL,NULL,NULL,'2019-06-11 01:40:29',NULL),(471,25,NULL,'句柄钥匙','token_key','varchar',0,1,20,NULL,NULL,NULL,'2019-06-11 01:40:29',NULL),(472,26,1,'ID','id','Long',0,0,11,'*','11','主键','2019-06-11 01:40:29',NULL),(473,26,0,'已删除','deleted','Integer',0,0,1,'*','0','逻辑删除标志','2019-06-11 01:40:29',NULL),(474,26,0,'创建时间','createTime','String',0,0,19,'*','2016-12-27 14:59:16','时间格式字符串','2019-06-11 01:40:29',NULL),(475,26,0,'创建人ID','createId','Long',0,0,11,'*','11','创建人ID','2019-06-11 01:40:29',NULL),(476,26,0,'创建人名称','createUser','String',0,0,50,'*','wenxy','创建人名称','2019-06-11 01:40:29',NULL),(477,26,0,'更新时间','updateTime','String',0,0,19,'*','2016-12-27 15:11:55','更新时间','2019-06-11 01:40:29',NULL),(478,26,0,'更新人ID','updateId','Long',0,0,11,'*','11','更新人ID','2019-06-11 01:40:29',NULL),(479,26,0,'更信人名称','updateUser','String',0,0,50,'*','wenxy','更信人名称','2019-06-11 01:40:29',NULL),(480,26,NULL,'主键,自增','id_','bigint',0,0,NULL,NULL,NULL,NULL,'2019-06-11 01:40:29',NULL),(481,26,NULL,'','level_','int',0,1,NULL,NULL,NULL,NULL,'2019-06-11 01:40:29',NULL),(482,26,NULL,'角色代码','code_','varchar',0,0,30,NULL,NULL,NULL,'2019-06-11 01:40:29',NULL),(483,26,NULL,'角色名称','name_','varchar',0,0,30,NULL,NULL,NULL,'2019-06-11 01:40:29',NULL),(484,26,NULL,'状态：0-无效 1-正常','status_','char',0,0,1,NULL,NULL,NULL,'2019-06-11 01:40:29',NULL),(485,26,NULL,'创建人id','creator_id','bigint',0,0,NULL,NULL,NULL,NULL,'2019-06-11 01:40:29',NULL),(486,26,NULL,'创建时间','created_time','varchar',0,0,19,NULL,NULL,NULL,'2019-06-11 01:40:29',NULL),(487,26,NULL,'描述','remark_','varchar',0,1,300,NULL,NULL,NULL,'2019-06-11 01:40:29',NULL),(488,27,1,'ID','id','Long',0,0,11,'*','11','主键','2019-06-11 01:40:29',NULL),(489,27,0,'已删除','deleted','Integer',0,0,1,'*','0','逻辑删除标志','2019-06-11 01:40:29',NULL),(490,27,0,'创建时间','createTime','String',0,0,19,'*','2016-12-27 14:59:16','时间格式字符串','2019-06-11 01:40:29',NULL),(491,27,0,'创建人ID','createId','Long',0,0,11,'*','11','创建人ID','2019-06-11 01:40:29',NULL),(492,27,0,'创建人名称','createUser','String',0,0,50,'*','wenxy','创建人名称','2019-06-11 01:40:29',NULL),(493,27,0,'更新时间','updateTime','String',0,0,19,'*','2016-12-27 15:11:55','更新时间','2019-06-11 01:40:29',NULL),(494,27,0,'更新人ID','updateId','Long',0,0,11,'*','11','更新人ID','2019-06-11 01:40:29',NULL),(495,27,0,'更信人名称','updateUser','String',0,0,50,'*','wenxy','更信人名称','2019-06-11 01:40:29',NULL),(496,27,NULL,'','id_','bigint',0,0,NULL,NULL,NULL,NULL,'2019-06-11 01:40:29',NULL),(497,27,NULL,'角色ID','role_id','bigint',0,1,NULL,NULL,NULL,NULL,'2019-06-11 01:40:29',NULL),(498,27,NULL,'功能ID','function_id','bigint',0,1,NULL,NULL,NULL,NULL,'2019-06-11 01:40:29',NULL),(499,28,1,'ID','id','Long',0,0,11,'*','11','主键','2019-06-11 01:40:29',NULL),(500,28,0,'已删除','deleted','Integer',0,0,1,'*','0','逻辑删除标志','2019-06-11 01:40:29',NULL),(501,28,0,'创建时间','createTime','String',0,0,19,'*','2016-12-27 14:59:16','时间格式字符串','2019-06-11 01:40:29',NULL),(502,28,0,'创建人ID','createId','Long',0,0,11,'*','11','创建人ID','2019-06-11 01:40:29',NULL),(503,28,0,'创建人名称','createUser','String',0,0,50,'*','wenxy','创建人名称','2019-06-11 01:40:29',NULL),(504,28,0,'更新时间','updateTime','String',0,0,19,'*','2016-12-27 15:11:55','更新时间','2019-06-11 01:40:29',NULL),(505,28,0,'更新人ID','updateId','Long',0,0,11,'*','11','更新人ID','2019-06-11 01:40:29',NULL),(506,28,0,'更信人名称','updateUser','String',0,0,50,'*','wenxy','更信人名称','2019-06-11 01:40:29',NULL),(507,28,NULL,'主键','id_','bigint',0,0,NULL,NULL,NULL,NULL,'2019-06-11 01:40:29',NULL),(508,28,NULL,'序列的key','key_','varchar',0,0,50,NULL,NULL,NULL,'2019-06-11 01:40:29',NULL),(509,28,NULL,'','value_','bigint',0,1,NULL,NULL,NULL,NULL,'2019-06-11 01:40:29',NULL),(510,28,NULL,'序列值','sequence_','bigint',0,1,NULL,NULL,NULL,NULL,'2019-06-11 01:40:29',NULL),(511,28,NULL,'','created_time','varchar',0,1,19,NULL,NULL,NULL,'2019-06-11 01:40:29',NULL),(512,28,NULL,'','update_time','varchar',0,1,19,NULL,NULL,NULL,'2019-06-11 01:40:29',NULL),(513,28,NULL,'','update_version','varchar',0,1,50,NULL,NULL,NULL,'2019-06-11 01:40:29',NULL),(514,29,1,'ID','id','Long',0,0,11,'*','11','主键','2019-06-11 01:40:29',NULL),(515,29,0,'已删除','deleted','Integer',0,0,1,'*','0','逻辑删除标志','2019-06-11 01:40:29',NULL),(516,29,0,'创建时间','createTime','String',0,0,19,'*','2016-12-27 14:59:16','时间格式字符串','2019-06-11 01:40:29',NULL),(517,29,0,'创建人ID','createId','Long',0,0,11,'*','11','创建人ID','2019-06-11 01:40:29',NULL),(518,29,0,'创建人名称','createUser','String',0,0,50,'*','wenxy','创建人名称','2019-06-11 01:40:29',NULL),(519,29,0,'更新时间','updateTime','String',0,0,19,'*','2016-12-27 15:11:55','更新时间','2019-06-11 01:40:29',NULL),(520,29,0,'更新人ID','updateId','Long',0,0,11,'*','11','更新人ID','2019-06-11 01:40:29',NULL),(521,29,0,'更信人名称','updateUser','String',0,0,50,'*','wenxy','更信人名称','2019-06-11 01:40:29',NULL),(522,29,NULL,'用户ID','id_','bigint',0,0,NULL,NULL,NULL,NULL,'2019-06-11 01:40:29',NULL),(523,29,NULL,'用户角色ID','role_id','bigint',0,0,NULL,NULL,NULL,NULL,'2019-06-11 01:40:29',NULL),(524,29,NULL,'用户名称','user_name','varchar',0,0,30,NULL,NULL,NULL,'2019-06-11 01:40:29',NULL),(525,29,NULL,'登录名','login_name','varchar',0,0,40,NULL,NULL,NULL,'2019-06-11 01:40:29',NULL),(526,29,NULL,'登录密码','login_pwd','varchar',0,0,40,NULL,NULL,NULL,'2019-06-11 01:40:29',NULL),(527,29,NULL,'出生日期','birth_','varchar',0,1,10,NULL,NULL,NULL,'2019-06-11 01:40:29',NULL),(528,29,NULL,'性别：0-女 1-男','sex_','int',0,1,NULL,NULL,NULL,NULL,'2019-06-11 01:40:29',NULL),(529,29,NULL,'身份证号','id_card','varchar',0,1,25,NULL,NULL,NULL,'2019-06-11 01:40:29',NULL),(530,29,NULL,'手机号','mobile_','varchar',0,1,12,NULL,NULL,NULL,'2019-06-11 01:40:29',NULL),(531,29,NULL,'固定电话','phone_','varchar',0,1,12,NULL,NULL,NULL,'2019-06-11 01:40:29',NULL),(532,29,NULL,'邮箱','email_','varchar',0,1,30,NULL,NULL,NULL,'2019-06-11 01:40:29',NULL),(533,29,NULL,'民族','nation_','varchar',0,1,30,NULL,NULL,NULL,'2019-06-11 01:40:29',NULL),(534,29,NULL,'文化程度','culture_level','varchar',0,1,30,NULL,NULL,NULL,'2019-06-11 01:40:29',NULL),(535,29,NULL,'中心ID','central_id','bigint',0,1,NULL,NULL,NULL,NULL,'2019-06-11 01:40:29',NULL),(536,29,NULL,'医院ID','hospital_id','bigint',0,1,NULL,NULL,NULL,NULL,'2019-06-11 01:40:29',NULL),(537,29,NULL,'科室ID','org_id','bigint',0,1,NULL,NULL,NULL,NULL,'2019-06-11 01:40:29',NULL),(538,29,NULL,'0-禁用 1-未激活 2-正常','status_','int',0,0,NULL,NULL,NULL,NULL,'2019-06-11 01:40:29',NULL),(539,29,NULL,'出生地','birth_place','varchar',0,1,150,NULL,NULL,NULL,'2019-06-11 01:40:29',NULL),(540,29,NULL,'现居住地','now_place','varchar',0,1,150,NULL,NULL,NULL,'2019-06-11 01:40:29',NULL),(541,29,NULL,'创建人','creator_id','bigint',0,1,NULL,NULL,NULL,NULL,'2019-06-11 01:40:29',NULL),(542,29,NULL,'创建时间','created_time','varchar',0,0,19,NULL,NULL,NULL,'2019-06-11 01:40:29',NULL),(543,29,NULL,'备注','remark_','varchar',0,1,300,NULL,NULL,NULL,'2019-06-11 01:40:29',NULL),(544,29,NULL,'数据同步ID','sync_id','varchar',0,1,20,NULL,NULL,NULL,'2019-06-11 01:40:29',NULL),(545,29,NULL,'','uuid_','varbinary',0,1,50,NULL,NULL,NULL,'2019-06-11 01:40:29',NULL),(546,29,NULL,'','update_time','varchar',0,1,19,NULL,NULL,NULL,'2019-06-11 01:40:29',NULL),(547,30,1,'ID','id','Long',0,0,11,'*','11','主键','2019-06-11 01:40:29',NULL),(548,30,0,'已删除','deleted','Integer',0,0,1,'*','0','逻辑删除标志','2019-06-11 01:40:29',NULL),(549,30,0,'创建时间','createTime','String',0,0,19,'*','2016-12-27 14:59:16','时间格式字符串','2019-06-11 01:40:29',NULL),(550,30,0,'创建人ID','createId','Long',0,0,11,'*','11','创建人ID','2019-06-11 01:40:29',NULL),(551,30,0,'创建人名称','createUser','String',0,0,50,'*','wenxy','创建人名称','2019-06-11 01:40:29',NULL),(552,30,0,'更新时间','updateTime','String',0,0,19,'*','2016-12-27 15:11:55','更新时间','2019-06-11 01:40:29',NULL),(553,30,0,'更新人ID','updateId','Long',0,0,11,'*','11','更新人ID','2019-06-11 01:40:29',NULL),(554,30,0,'更信人名称','updateUser','String',0,0,50,'*','wenxy','更信人名称','2019-06-11 01:40:29',NULL),(555,30,NULL,'','id','bigint',0,0,NULL,NULL,NULL,NULL,'2019-06-11 01:40:29',NULL),(556,30,NULL,'','wear_id','bigint',0,1,NULL,NULL,NULL,NULL,'2019-06-11 01:40:29',NULL),(557,30,NULL,'','type','int',0,1,NULL,NULL,NULL,NULL,'2019-06-11 01:40:29',NULL),(558,30,NULL,'','content','varchar',0,1,50,NULL,NULL,NULL,'2019-06-11 01:40:29',NULL),(559,30,NULL,'','time','decimal',0,1,NULL,NULL,NULL,NULL,'2019-06-11 01:40:29',NULL),(560,31,1,'ID','id','Long',0,0,11,'*','11','主键','2019-06-11 01:40:29',NULL),(561,31,0,'已删除','deleted','Integer',0,0,1,'*','0','逻辑删除标志','2019-06-11 01:40:29',NULL),(562,31,0,'创建时间','createTime','String',0,0,19,'*','2016-12-27 14:59:16','时间格式字符串','2019-06-11 01:40:29',NULL),(563,31,0,'创建人ID','createId','Long',0,0,11,'*','11','创建人ID','2019-06-11 01:40:29',NULL),(564,31,0,'创建人名称','createUser','String',0,0,50,'*','wenxy','创建人名称','2019-06-11 01:40:29',NULL),(565,31,0,'更新时间','updateTime','String',0,0,19,'*','2016-12-27 15:11:55','更新时间','2019-06-11 01:40:29',NULL),(566,31,0,'更新人ID','updateId','Long',0,0,11,'*','11','更新人ID','2019-06-11 01:40:29',NULL),(567,31,0,'更信人名称','updateUser','String',0,0,50,'*','wenxy','更信人名称','2019-06-11 01:40:29',NULL),(568,31,NULL,'','id','bigint',0,0,NULL,NULL,NULL,NULL,'2019-06-11 01:40:30',NULL),(569,31,NULL,'','wear_id','bigint',0,1,NULL,NULL,NULL,NULL,'2019-06-11 01:40:30',NULL),(570,31,NULL,'','value','decimal',0,1,NULL,NULL,NULL,NULL,'2019-06-11 01:40:30',NULL),(571,31,NULL,'','current','decimal',0,1,NULL,NULL,NULL,NULL,'2019-06-11 01:40:30',NULL),(572,31,NULL,'','time','varchar',0,1,19,NULL,NULL,NULL,'2019-06-11 01:40:30',NULL),(573,31,NULL,'','created','varchar',0,1,19,NULL,NULL,NULL,'2019-06-11 01:40:30',NULL),(574,32,1,'ID','id','Long',0,0,11,'*','11','主键','2019-06-11 01:40:30',NULL),(575,32,0,'已删除','deleted','Integer',0,0,1,'*','0','逻辑删除标志','2019-06-11 01:40:30',NULL),(576,32,0,'创建时间','createTime','String',0,0,19,'*','2016-12-27 14:59:16','时间格式字符串','2019-06-11 01:40:30',NULL),(577,32,0,'创建人ID','createId','Long',0,0,11,'*','11','创建人ID','2019-06-11 01:40:30',NULL),(578,32,0,'创建人名称','createUser','String',0,0,50,'*','wenxy','创建人名称','2019-06-11 01:40:30',NULL),(579,32,0,'更新时间','updateTime','String',0,0,19,'*','2016-12-27 15:11:55','更新时间','2019-06-11 01:40:30',NULL),(580,32,0,'更新人ID','updateId','Long',0,0,11,'*','11','更新人ID','2019-06-11 01:40:30',NULL),(581,32,0,'更信人名称','updateUser','String',0,0,50,'*','wenxy','更信人名称','2019-06-11 01:40:30',NULL),(582,32,NULL,'','id','bigint',0,0,NULL,NULL,NULL,NULL,'2019-06-11 01:40:30',NULL),(583,32,NULL,'','wear_id','bigint',0,1,NULL,NULL,NULL,NULL,'2019-06-11 01:40:30',NULL),(584,32,NULL,'','value','decimal',0,1,NULL,NULL,NULL,NULL,'2019-06-11 01:40:30',NULL),(585,32,NULL,'','time','varchar',0,1,19,NULL,NULL,NULL,'2019-06-11 01:40:30',NULL),(586,32,NULL,'','created','varchar',0,1,19,NULL,NULL,NULL,'2019-06-11 01:40:30',NULL),(587,33,1,'ID','id','Long',0,0,11,'*','11','主键','2019-06-11 01:40:30',NULL),(588,33,0,'已删除','deleted','Integer',0,0,1,'*','0','逻辑删除标志','2019-06-11 01:40:30',NULL),(589,33,0,'创建时间','createTime','String',0,0,19,'*','2016-12-27 14:59:16','时间格式字符串','2019-06-11 01:40:30',NULL),(590,33,0,'创建人ID','createId','Long',0,0,11,'*','11','创建人ID','2019-06-11 01:40:30',NULL),(591,33,0,'创建人名称','createUser','String',0,0,50,'*','wenxy','创建人名称','2019-06-11 01:40:30',NULL),(592,33,0,'更新时间','updateTime','String',0,0,19,'*','2016-12-27 15:11:55','更新时间','2019-06-11 01:40:30',NULL),(593,33,0,'更新人ID','updateId','Long',0,0,11,'*','11','更新人ID','2019-06-11 01:40:30',NULL),(594,33,0,'更信人名称','updateUser','String',0,0,50,'*','wenxy','更信人名称','2019-06-11 01:40:30',NULL),(595,33,NULL,'','id_','bigint',0,0,NULL,NULL,NULL,NULL,'2019-06-11 01:40:30',NULL),(596,33,NULL,'','id_card','varchar',0,1,50,NULL,NULL,NULL,'2019-06-11 01:40:30',NULL),(597,33,NULL,'','emitter','varchar',0,1,50,NULL,NULL,NULL,'2019-06-11 01:40:30',NULL),(598,33,NULL,'','sensor','varchar',0,1,50,NULL,NULL,NULL,'2019-06-11 01:40:30',NULL),(599,33,NULL,'','start','varchar',0,1,19,NULL,NULL,NULL,'2019-06-11 01:40:30',NULL),(600,33,NULL,'','end','varchar',0,1,19,NULL,NULL,NULL,'2019-06-11 01:40:30',NULL),(601,33,NULL,'','count','int',0,1,NULL,NULL,NULL,NULL,'2019-06-11 01:40:30',NULL),(602,33,NULL,'','avg_glucose','decimal',0,1,NULL,NULL,NULL,NULL,'2019-06-11 01:40:30',NULL),(603,33,NULL,'','avg_current','decimal',0,1,NULL,NULL,NULL,NULL,'2019-06-11 01:40:30',NULL),(604,33,NULL,'','stddev_pop_current','decimal',0,1,NULL,NULL,NULL,NULL,'2019-06-11 01:40:30',NULL),(605,33,NULL,'','stddev_pop_glucose','decimal',0,1,NULL,NULL,NULL,NULL,'2019-06-11 01:40:30',NULL),(606,33,NULL,'','stddev_samp_glucose','decimal',0,1,NULL,NULL,NULL,NULL,'2019-06-11 01:40:30',NULL),(607,33,NULL,'','stddev_samp_current','decimal',0,1,NULL,NULL,NULL,NULL,'2019-06-11 01:40:30',NULL),(608,34,1,'ID','id','Long',0,0,11,'*','11','主键','2019-06-11 01:40:30',NULL),(609,34,0,'已删除','deleted','Integer',0,0,1,'*','0','逻辑删除标志','2019-06-11 01:40:30',NULL),(610,34,0,'创建时间','createTime','String',0,0,19,'*','2016-12-27 14:59:16','时间格式字符串','2019-06-11 01:40:30',NULL),(611,34,0,'创建人ID','createId','Long',0,0,11,'*','11','创建人ID','2019-06-11 01:40:30',NULL),(612,34,0,'创建人名称','createUser','String',0,0,50,'*','wenxy','创建人名称','2019-06-11 01:40:30',NULL),(613,34,0,'更新时间','updateTime','String',0,0,19,'*','2016-12-27 15:11:55','更新时间','2019-06-11 01:40:30',NULL),(614,34,0,'更新人ID','updateId','Long',0,0,11,'*','11','更新人ID','2019-06-11 01:40:30',NULL),(615,34,0,'更信人名称','updateUser','String',0,0,50,'*','wenxy','更信人名称','2019-06-11 01:40:30',NULL),(616,34,NULL,'主键','id_','bigint',0,0,NULL,NULL,NULL,NULL,'2019-06-11 01:40:30',NULL),(617,34,NULL,'用户ID','user_id','bigint',0,0,NULL,NULL,NULL,NULL,'2019-06-11 01:40:30',NULL),(618,34,NULL,'发射器编号','emitter_code','varchar',0,0,20,NULL,NULL,NULL,'2019-06-11 01:40:30',NULL),(619,34,NULL,'传感器编号','sensor_code','varchar',0,0,20,NULL,NULL,NULL,'2019-06-11 01:40:30',NULL),(620,34,NULL,'设备工作状态 1-设备极化中,2-传感器极化中,还需180分钟,3-正常,4-发射器失去连接,5-发射器失去连接20分钟,6-发射器失去连接60分钟,7-监测已结束','work_status','int',0,0,NULL,NULL,NULL,NULL,'2019-06-11 01:40:30',NULL),(621,34,NULL,'','collected_time','varchar',0,1,19,NULL,NULL,NULL,'2019-06-11 01:40:30',NULL),(622,34,NULL,'创建时间','created_time','varchar',0,0,19,NULL,NULL,NULL,'2019-06-11 01:40:30',NULL),(623,35,1,'ID','id','Long',0,0,11,'*','11','主键','2019-06-11 01:40:30',NULL),(624,35,0,'已删除','deleted','Integer',0,0,1,'*','0','逻辑删除标志','2019-06-11 01:40:30',NULL),(625,35,0,'创建时间','createTime','String',0,0,19,'*','2016-12-27 14:59:16','时间格式字符串','2019-06-11 01:40:30',NULL),(626,35,0,'创建人ID','createId','Long',0,0,11,'*','11','创建人ID','2019-06-11 01:40:30',NULL),(627,35,0,'创建人名称','createUser','String',0,0,50,'*','wenxy','创建人名称','2019-06-11 01:40:30',NULL),(628,35,0,'更新时间','updateTime','String',0,0,19,'*','2016-12-27 15:11:55','更新时间','2019-06-11 01:40:30',NULL),(629,35,0,'更新人ID','updateId','Long',0,0,11,'*','11','更新人ID','2019-06-11 01:40:30',NULL),(630,35,0,'更信人名称','updateUser','String',0,0,50,'*','wenxy','更信人名称','2019-06-11 01:40:30',NULL),(631,35,NULL,'','id_','bigint',0,0,NULL,NULL,NULL,NULL,'2019-06-11 01:40:30',NULL),(632,35,NULL,'','name_','varchar',0,1,50,NULL,NULL,NULL,'2019-06-11 01:40:30',NULL),(633,35,NULL,'','content_','text',0,1,65535,NULL,NULL,NULL,'2019-06-11 01:40:30',NULL),(634,35,NULL,'','user_id','bigint',0,1,NULL,NULL,NULL,NULL,'2019-06-11 01:40:30',NULL),(635,35,NULL,'','created_time','varchar',0,1,19,NULL,NULL,NULL,'2019-06-11 01:40:30',NULL),(636,35,NULL,'','success_','int',0,1,NULL,NULL,NULL,NULL,'2019-06-11 01:40:30',NULL),(637,35,NULL,'协议版本编号','protocol_','int',0,1,NULL,NULL,NULL,NULL,'2019-06-11 01:40:30',NULL),(638,35,NULL,'客户端编号 1-360-ios 2-360-android 11-examination-ios 12-examination-android','customer_','int',0,1,NULL,NULL,NULL,NULL,'2019-06-11 01:40:30',NULL),(639,35,NULL,'','millis_','bigint',0,1,NULL,NULL,NULL,NULL,'2019-06-11 01:40:30',NULL),(640,35,NULL,'流水号','serial_','int',0,1,NULL,NULL,NULL,NULL,'2019-06-11 01:40:30',NULL),(641,36,1,'ID','id','Long',0,0,11,'*','11','主键','2019-06-11 01:40:30',NULL),(642,36,0,'已删除','deleted','Integer',0,0,1,'*','0','逻辑删除标志','2019-06-11 01:40:30',NULL),(643,36,0,'创建时间','createTime','String',0,0,19,'*','2016-12-27 14:59:16','时间格式字符串','2019-06-11 01:40:30',NULL),(644,36,0,'创建人ID','createId','Long',0,0,11,'*','11','创建人ID','2019-06-11 01:40:30',NULL),(645,36,0,'创建人名称','createUser','String',0,0,50,'*','wenxy','创建人名称','2019-06-11 01:40:30',NULL),(646,36,0,'更新时间','updateTime','String',0,0,19,'*','2016-12-27 15:11:55','更新时间','2019-06-11 01:40:30',NULL),(647,36,0,'更新人ID','updateId','Long',0,0,11,'*','11','更新人ID','2019-06-11 01:40:30',NULL),(648,36,0,'更信人名称','updateUser','String',0,0,50,'*','wenxy','更信人名称','2019-06-11 01:40:30',NULL),(649,36,NULL,'','id_','bigint',0,0,NULL,NULL,NULL,NULL,'2019-06-11 01:40:30',NULL),(650,36,NULL,'发射器编号','emitter_','varchar',0,1,20,NULL,NULL,NULL,'2019-06-11 01:40:30',NULL),(651,36,NULL,'传感器编号','sensor_','varchar',0,1,20,NULL,NULL,NULL,'2019-06-11 01:40:30',NULL),(652,36,NULL,'佩戴时间','time_','varchar',0,1,19,NULL,NULL,NULL,'2019-06-11 01:40:30',NULL),(653,36,NULL,'客户端软件版本','version_','varchar',0,1,20,NULL,NULL,NULL,'2019-06-11 01:40:30',NULL),(654,36,NULL,'系统版本','sys_','varchar',0,1,20,NULL,NULL,NULL,'2019-06-11 01:40:30',NULL),(655,36,NULL,'生产商','product_','varchar',0,1,20,NULL,NULL,NULL,'2019-06-11 01:40:30',NULL),(656,36,NULL,'手机型号','model_','varchar',0,1,20,NULL,NULL,NULL,'2019-06-11 01:40:30',NULL),(657,36,NULL,'发射器编号','imei_','varchar',0,1,20,NULL,NULL,NULL,'2019-06-11 01:40:30',NULL),(658,36,NULL,'手机其他信息','phone_','text',0,1,65535,NULL,NULL,NULL,'2019-06-11 01:40:30',NULL),(659,36,NULL,'','created_time','datetime',0,1,NULL,NULL,NULL,NULL,'2019-06-11 01:40:30',NULL),(660,37,1,'ID','id','Long',0,0,11,'*','11','主键','2019-06-11 01:40:30',NULL),(661,37,0,'已删除','deleted','Integer',0,0,1,'*','0','逻辑删除标志','2019-06-11 01:40:30',NULL),(662,37,0,'创建时间','createTime','String',0,0,19,'*','2016-12-27 14:59:16','时间格式字符串','2019-06-11 01:40:30',NULL),(663,37,0,'创建人ID','createId','Long',0,0,11,'*','11','创建人ID','2019-06-11 01:40:30',NULL),(664,37,0,'创建人名称','createUser','String',0,0,50,'*','wenxy','创建人名称','2019-06-11 01:40:30',NULL),(665,37,0,'更新时间','updateTime','String',0,0,19,'*','2016-12-27 15:11:55','更新时间','2019-06-11 01:40:30',NULL),(666,37,0,'更新人ID','updateId','Long',0,0,11,'*','11','更新人ID','2019-06-11 01:40:30',NULL),(667,37,0,'更信人名称','updateUser','String',0,0,50,'*','wenxy','更信人名称','2019-06-11 01:40:30',NULL),(668,37,NULL,'','id_','bigint',0,0,NULL,NULL,NULL,NULL,'2019-06-11 01:40:30',NULL),(669,37,NULL,'发射器编号','emitter_','varchar',0,1,20,NULL,NULL,NULL,'2019-06-11 01:40:30',NULL),(670,37,NULL,'传感器编号','sensor_','varchar',0,1,20,NULL,NULL,NULL,'2019-06-11 01:40:30',NULL),(671,37,NULL,'佩戴时间','time_','varchar',0,1,19,NULL,NULL,NULL,'2019-06-11 01:40:30',NULL),(672,37,NULL,'日志类型','type_','int',0,1,NULL,NULL,NULL,NULL,'2019-06-11 01:40:30',NULL),(673,37,NULL,'日志内容','log_','text',0,1,65535,NULL,NULL,NULL,'2019-06-11 01:40:30',NULL),(674,37,NULL,'日志时间','log_time','varchar',0,1,19,NULL,NULL,NULL,'2019-06-11 01:40:30',NULL),(675,37,NULL,'','created_time','datetime',0,1,NULL,NULL,NULL,NULL,'2019-06-11 01:40:30',NULL),(676,38,1,'ID','id','Long',0,0,11,'*','11','主键','2019-06-11 01:40:30',NULL),(677,38,0,'已删除','deleted','Integer',0,0,1,'*','0','逻辑删除标志','2019-06-11 01:40:30',NULL),(678,38,0,'创建时间','createTime','String',0,0,19,'*','2016-12-27 14:59:16','时间格式字符串','2019-06-11 01:40:30',NULL),(679,38,0,'创建人ID','createId','Long',0,0,11,'*','11','创建人ID','2019-06-11 01:40:30',NULL),(680,38,0,'创建人名称','createUser','String',0,0,50,'*','wenxy','创建人名称','2019-06-11 01:40:30',NULL),(681,38,0,'更新时间','updateTime','String',0,0,19,'*','2016-12-27 15:11:55','更新时间','2019-06-11 01:40:30',NULL),(682,38,0,'更新人ID','updateId','Long',0,0,11,'*','11','更新人ID','2019-06-11 01:40:30',NULL),(683,38,0,'更信人名称','updateUser','String',0,0,50,'*','wenxy','更信人名称','2019-06-11 01:40:30',NULL),(684,38,NULL,'','id_','bigint',0,0,NULL,NULL,NULL,NULL,'2019-06-11 01:40:31',NULL),(685,38,NULL,'','name_','varchar',0,1,50,NULL,NULL,NULL,'2019-06-11 01:40:31',NULL),(686,38,NULL,'','type_','varchar',0,1,50,NULL,NULL,NULL,'2019-06-11 01:40:31',NULL),(687,38,NULL,'','login_name','varchar',0,1,50,NULL,NULL,NULL,'2019-06-11 01:40:31',NULL),(688,38,NULL,'','code_','varchar',0,1,50,NULL,NULL,NULL,'2019-06-11 01:40:31',NULL),(689,38,NULL,'','accept_','int',0,1,NULL,NULL,NULL,NULL,'2019-06-11 01:40:31',NULL),(690,38,NULL,'','created_time','varchar',0,1,19,NULL,NULL,NULL,'2019-06-11 01:40:31',NULL),(691,39,1,'ID','id','Long',0,0,11,'*','11','主键','2019-06-11 01:40:31',NULL),(692,39,0,'已删除','deleted','Integer',0,0,1,'*','0','逻辑删除标志','2019-06-11 01:40:31',NULL),(693,39,0,'创建时间','createTime','String',0,0,19,'*','2016-12-27 14:59:16','时间格式字符串','2019-06-11 01:40:31',NULL),(694,39,0,'创建人ID','createId','Long',0,0,11,'*','11','创建人ID','2019-06-11 01:40:31',NULL),(695,39,0,'创建人名称','createUser','String',0,0,50,'*','wenxy','创建人名称','2019-06-11 01:40:31',NULL),(696,39,0,'更新时间','updateTime','String',0,0,19,'*','2016-12-27 15:11:55','更新时间','2019-06-11 01:40:31',NULL),(697,39,0,'更新人ID','updateId','Long',0,0,11,'*','11','更新人ID','2019-06-11 01:40:31',NULL),(698,39,0,'更信人名称','updateUser','String',0,0,50,'*','wenxy','更信人名称','2019-06-11 01:40:31',NULL),(699,39,NULL,'','id_','bigint',0,0,NULL,NULL,NULL,NULL,'2019-06-11 01:40:31',NULL),(700,39,NULL,'酶电极批号','batch_','varchar',0,1,8,NULL,NULL,NULL,'2019-06-11 01:40:31',NULL),(701,39,NULL,'起始单元号','unit_start','int',0,1,NULL,NULL,NULL,NULL,'2019-06-11 01:40:31',NULL),(702,39,NULL,'结束单元号','unit_end','int',0,1,NULL,NULL,NULL,NULL,'2019-06-11 01:40:31',NULL),(703,39,NULL,'日期','date_','varchar',0,1,10,NULL,NULL,NULL,'2019-06-11 01:40:31',NULL),(704,39,NULL,'','time_','varchar',0,1,2,NULL,NULL,NULL,'2019-06-11 01:40:31',NULL),(705,39,NULL,'投产数','count_','int',0,1,NULL,NULL,NULL,NULL,'2019-06-11 01:40:31',NULL),(706,39,NULL,'合格数','qualified_','int',0,1,NULL,NULL,NULL,NULL,'2019-06-11 01:40:31',NULL),(707,39,NULL,'开始时间','ea_start','varchar',0,1,8,NULL,NULL,NULL,'2019-06-11 01:40:31',NULL),(708,39,NULL,'结束时间','ea_end','varchar',0,1,8,NULL,NULL,NULL,'2019-06-11 01:40:31',NULL),(709,39,NULL,'湿度 室外','ea_humidity1','decimal',0,1,NULL,NULL,NULL,NULL,'2019-06-11 01:40:31',NULL),(710,39,NULL,'湿度 房间','ea_humidity2','decimal',0,1,NULL,NULL,NULL,NULL,'2019-06-11 01:40:31',NULL),(711,39,NULL,'湿度 通风橱','ea_humidity3','decimal',0,1,NULL,NULL,NULL,NULL,'2019-06-11 01:40:31',NULL),(712,39,NULL,'湿度 手套箱','ea_humidity4','decimal',0,1,NULL,NULL,NULL,NULL,'2019-06-11 01:40:31',NULL),(713,39,NULL,'温度 室外','ea_temperature1','decimal',0,1,NULL,NULL,NULL,NULL,'2019-06-11 01:40:31',NULL),(714,39,NULL,'温度 房间','ea_temperature2','decimal',0,1,NULL,NULL,NULL,NULL,'2019-06-11 01:40:31',NULL),(715,39,NULL,'温度 通风橱','ea_temperature3','decimal',0,1,NULL,NULL,NULL,NULL,'2019-06-11 01:40:31',NULL),(716,39,NULL,'温度 手套箱','ea_temperature4','decimal',0,1,NULL,NULL,NULL,NULL,'2019-06-11 01:40:31',NULL),(717,39,NULL,'操作员','ea_operator','varchar',0,1,20,NULL,NULL,NULL,'2019-06-11 01:40:31',NULL),(718,39,NULL,'开始时间','eb_start','varchar',0,1,8,NULL,NULL,NULL,'2019-06-11 01:40:31',NULL),(719,39,NULL,'结束时间','eb_end','varchar',0,1,8,NULL,NULL,NULL,'2019-06-11 01:40:31',NULL),(720,39,NULL,'湿度 室外','eb_humidity1','decimal',0,1,NULL,NULL,NULL,NULL,'2019-06-11 01:40:31',NULL),(721,39,NULL,'湿度 房间','eb_humidity2','decimal',0,1,NULL,NULL,NULL,NULL,'2019-06-11 01:40:31',NULL),(722,39,NULL,'湿度 通风橱','eb_humidity3','decimal',0,1,NULL,NULL,NULL,NULL,'2019-06-11 01:40:31',NULL),(723,39,NULL,'湿度 手套箱','eb_humidity4','decimal',0,1,NULL,NULL,NULL,NULL,'2019-06-11 01:40:31',NULL),(724,39,NULL,'温度 室外','eb_temperature1','decimal',0,1,NULL,NULL,NULL,NULL,'2019-06-11 01:40:31',NULL),(725,39,NULL,'温度 房间','eb_temperature2','decimal',0,1,NULL,NULL,NULL,NULL,'2019-06-11 01:40:31',NULL),(726,39,NULL,'温度 通风橱','eb_temperature3','decimal',0,1,NULL,NULL,NULL,NULL,'2019-06-11 01:40:31',NULL),(727,39,NULL,'温度 手套箱','eb_temperature4','decimal',0,1,NULL,NULL,NULL,NULL,'2019-06-11 01:40:31',NULL),(728,39,NULL,'操作员','eb_operator','varchar',0,1,20,NULL,NULL,NULL,'2019-06-11 01:40:31',NULL),(729,39,NULL,'开始时间','ed_start','varchar',0,1,8,NULL,NULL,NULL,'2019-06-11 01:40:31',NULL),(730,39,NULL,'结束时间','ed_end','varchar',0,1,8,NULL,NULL,NULL,'2019-06-11 01:40:31',NULL),(731,39,NULL,'湿度 室外','ed_humidity1','decimal',0,1,NULL,NULL,NULL,NULL,'2019-06-11 01:40:31',NULL),(732,39,NULL,'湿度 房间','ed_humidity2','decimal',0,1,NULL,NULL,NULL,NULL,'2019-06-11 01:40:31',NULL),(733,39,NULL,'湿度 通风橱','ed_humidity3','decimal',0,1,NULL,NULL,NULL,NULL,'2019-06-11 01:40:31',NULL),(734,39,NULL,'湿度 手套箱','ed_humidity4','decimal',0,1,NULL,NULL,NULL,NULL,'2019-06-11 01:40:31',NULL),(735,39,NULL,'温度 室外','ed_temperature1','decimal',0,1,NULL,NULL,NULL,NULL,'2019-06-11 01:40:31',NULL),(736,39,NULL,'温度 房间','ed_temperature2','decimal',0,1,NULL,NULL,NULL,NULL,'2019-06-11 01:40:31',NULL),(737,39,NULL,'温度 通风橱','ed_temperature3','decimal',0,1,NULL,NULL,NULL,NULL,'2019-06-11 01:40:31',NULL),(738,39,NULL,'温度 手套箱','ed_temperature4','decimal',0,1,NULL,NULL,NULL,NULL,'2019-06-11 01:40:31',NULL),(739,39,NULL,'操作员','ed_operator','varchar',0,1,20,NULL,NULL,NULL,'2019-06-11 01:40:31',NULL),(740,39,NULL,'','created_time','varchar',0,1,19,NULL,NULL,NULL,'2019-06-11 01:40:31',NULL),(741,40,1,'ID','id','Long',0,0,11,'*','11','主键','2019-06-11 01:40:31',NULL),(742,40,0,'已删除','deleted','Integer',0,0,1,'*','0','逻辑删除标志','2019-06-11 01:40:31',NULL),(743,40,0,'创建时间','createTime','String',0,0,19,'*','2016-12-27 14:59:16','时间格式字符串','2019-06-11 01:40:31',NULL),(744,40,0,'创建人ID','createId','Long',0,0,11,'*','11','创建人ID','2019-06-11 01:40:31',NULL),(745,40,0,'创建人名称','createUser','String',0,0,50,'*','wenxy','创建人名称','2019-06-11 01:40:31',NULL),(746,40,0,'更新时间','updateTime','String',0,0,19,'*','2016-12-27 15:11:55','更新时间','2019-06-11 01:40:31',NULL),(747,40,0,'更新人ID','updateId','Long',0,0,11,'*','11','更新人ID','2019-06-11 01:40:31',NULL),(748,40,0,'更信人名称','updateUser','String',0,0,50,'*','wenxy','更信人名称','2019-06-11 01:40:31',NULL),(749,40,NULL,'','id_','bigint',0,0,NULL,NULL,NULL,NULL,'2019-06-11 01:40:31',NULL),(750,40,NULL,'编号','code_','varchar',0,1,20,NULL,NULL,NULL,'2019-06-11 01:40:31',NULL),(751,40,NULL,'批号','batch_','varchar',0,1,6,NULL,NULL,NULL,'2019-06-11 01:40:31',NULL),(752,40,NULL,'单元号','unit_','int',0,1,NULL,NULL,NULL,NULL,'2019-06-11 01:40:31',NULL),(753,40,NULL,'序号0-9','index_','int',0,1,NULL,NULL,NULL,NULL,'2019-06-11 01:40:31',NULL),(754,40,NULL,'金针批号','gold_batch','varchar',0,1,8,NULL,NULL,NULL,'2019-06-11 01:40:31',NULL),(755,40,NULL,'金针编号','gold_unit','int',0,1,NULL,NULL,NULL,NULL,'2019-06-11 01:40:31',NULL),(756,40,NULL,'金针序号0-9','gold_index','int',0,1,NULL,NULL,NULL,NULL,'2019-06-11 01:40:31',NULL),(757,40,NULL,'灵敏度','sensitivity_','decimal',0,1,NULL,NULL,NULL,NULL,'2019-06-11 01:40:31',NULL),(758,40,NULL,'线性度','linearity_','decimal',0,1,NULL,NULL,NULL,NULL,'2019-06-11 01:40:31',NULL),(759,40,NULL,'','created_time','varchar',0,1,19,NULL,NULL,NULL,'2019-06-11 01:40:31',NULL),(760,41,1,'ID','id','Long',0,0,11,'*','11','主键','2019-06-11 01:40:31',NULL),(761,41,0,'已删除','deleted','Integer',0,0,1,'*','0','逻辑删除标志','2019-06-11 01:40:31',NULL),(762,41,0,'创建时间','createTime','String',0,0,19,'*','2016-12-27 14:59:16','时间格式字符串','2019-06-11 01:40:31',NULL),(763,41,0,'创建人ID','createId','Long',0,0,11,'*','11','创建人ID','2019-06-11 01:40:31',NULL),(764,41,0,'创建人名称','createUser','String',0,0,50,'*','wenxy','创建人名称','2019-06-11 01:40:31',NULL),(765,41,0,'更新时间','updateTime','String',0,0,19,'*','2016-12-27 15:11:55','更新时间','2019-06-11 01:40:31',NULL),(766,41,0,'更新人ID','updateId','Long',0,0,11,'*','11','更新人ID','2019-06-11 01:40:31',NULL),(767,41,0,'更信人名称','updateUser','String',0,0,50,'*','wenxy','更信人名称','2019-06-11 01:40:31',NULL),(768,41,NULL,'','id_','bigint',0,0,NULL,NULL,NULL,NULL,'2019-06-11 01:40:31',NULL),(769,41,NULL,'编号','code_','varchar',0,1,20,NULL,NULL,NULL,'2019-06-11 01:40:31',NULL),(770,41,NULL,'批号','batch_','varchar',0,1,6,NULL,NULL,NULL,'2019-06-11 01:40:31',NULL),(771,41,NULL,'单元号','unit_','int',0,1,NULL,NULL,NULL,NULL,'2019-06-11 01:40:31',NULL),(772,41,NULL,'序号0-9','index_','int',0,1,NULL,NULL,NULL,NULL,'2019-06-11 01:40:31',NULL),(773,41,NULL,'金针批号','gold_batch','varchar',0,1,8,NULL,NULL,NULL,'2019-06-11 01:40:31',NULL),(774,41,NULL,'金针编号','gold_unit','int',0,1,NULL,NULL,NULL,NULL,'2019-06-11 01:40:31',NULL),(775,41,NULL,'金针序号0-9','gold_index','int',0,1,NULL,NULL,NULL,NULL,'2019-06-11 01:40:31',NULL),(776,41,NULL,'灵敏度','sensitivity_','decimal',0,1,NULL,NULL,NULL,NULL,'2019-06-11 01:40:31',NULL),(777,41,NULL,'线性度','linearity_','decimal',0,1,NULL,NULL,NULL,NULL,'2019-06-11 01:40:31',NULL),(778,41,NULL,'','created_time','varchar',0,1,19,NULL,NULL,NULL,'2019-06-11 01:40:31',NULL),(779,41,NULL,'投产数量','production_count','int',0,1,NULL,NULL,NULL,NULL,'2019-06-11 01:40:31',NULL),(780,41,NULL,'弯曲不良','poor_bend','int',0,1,NULL,NULL,NULL,NULL,'2019-06-11 01:40:31',NULL),(781,41,NULL,'外观不良','bad_appearance','int',0,1,NULL,NULL,NULL,NULL,'2019-06-11 01:40:31',NULL),(782,41,NULL,'包装数','package_count','int',0,1,NULL,NULL,NULL,NULL,'2019-06-11 01:40:31',NULL),(783,41,NULL,'初始污染','initial_pollution','int',0,1,NULL,NULL,NULL,NULL,'2019-06-11 01:40:31',NULL),(784,41,NULL,'请验数','check_count','int',0,1,NULL,NULL,NULL,NULL,'2019-06-11 01:40:31',NULL),(785,41,NULL,'抽样','sample_count','int',0,1,NULL,NULL,NULL,NULL,'2019-06-11 01:40:31',NULL),(786,41,NULL,'性能不良','poor_performance','int',0,1,NULL,NULL,NULL,NULL,'2019-06-11 01:40:31',NULL),(787,41,NULL,'合格数','unit_qualified','int',0,1,NULL,NULL,NULL,NULL,'2019-06-11 01:40:31',NULL),(788,41,NULL,'肉毒素化学性能','chemistry_performance','int',0,1,NULL,NULL,NULL,NULL,'2019-06-11 01:40:31',NULL),(789,41,NULL,'无菌检测','sterility_test','int',0,1,NULL,NULL,NULL,NULL,'2019-06-11 01:40:31',NULL),(790,41,NULL,'实物入库','store_count','int',0,1,NULL,NULL,NULL,NULL,'2019-06-11 01:40:31',NULL),(791,41,NULL,'无菌留样','sterile_sample','int',0,1,NULL,NULL,NULL,NULL,'2019-06-11 01:40:31',NULL),(792,41,NULL,'性能留样','performance_sample','int',0,1,NULL,NULL,NULL,NULL,'2019-06-11 01:40:31',NULL),(793,41,NULL,'发货数','ship_count','int',0,1,NULL,NULL,NULL,NULL,'2019-06-11 01:40:31',NULL),(794,41,NULL,'日期','coating_date','varchar',0,1,10,NULL,NULL,NULL,'2019-06-11 01:40:31',NULL),(795,41,NULL,'投产数','coating_count','int',0,1,NULL,NULL,NULL,NULL,'2019-06-11 01:40:31',NULL),(796,41,NULL,'合格数','coating_qualified','int',0,1,NULL,NULL,NULL,NULL,'2019-06-11 01:40:31',NULL),(797,41,NULL,'开始时间','ea_start','varchar',0,1,8,NULL,NULL,NULL,'2019-06-11 01:40:31',NULL),(798,41,NULL,'结束时间','ea_end','varchar',0,1,8,NULL,NULL,NULL,'2019-06-11 01:40:31',NULL),(799,41,NULL,'湿度 室外','ea_humidity1','decimal',0,1,NULL,NULL,NULL,NULL,'2019-06-11 01:40:31',NULL),(800,41,NULL,'湿度 房间','ea_humidity2','decimal',0,1,NULL,NULL,NULL,NULL,'2019-06-11 01:40:31',NULL),(801,41,NULL,'湿度 通风橱','ea_humidity3','decimal',0,1,NULL,NULL,NULL,NULL,'2019-06-11 01:40:31',NULL),(802,41,NULL,'湿度 手套箱','ea_humidity4','decimal',0,1,NULL,NULL,NULL,NULL,'2019-06-11 01:40:31',NULL),(803,41,NULL,'温度 室外','ea_temperature1','decimal',0,1,NULL,NULL,NULL,NULL,'2019-06-11 01:40:31',NULL),(804,41,NULL,'温度 房间','ea_temperature2','decimal',0,1,NULL,NULL,NULL,NULL,'2019-06-11 01:40:31',NULL),(805,41,NULL,'温度 通风橱','ea_temperature3','decimal',0,1,NULL,NULL,NULL,NULL,'2019-06-11 01:40:31',NULL),(806,41,NULL,'温度 手套箱','ea_temperature4','decimal',0,1,NULL,NULL,NULL,NULL,'2019-06-11 01:40:31',NULL),(807,41,NULL,'操作员','ea_operator','varchar',0,1,20,NULL,NULL,NULL,'2019-06-11 01:40:31',NULL),(808,41,NULL,'开始时间','eb_start','varchar',0,1,8,NULL,NULL,NULL,'2019-06-11 01:40:31',NULL),(809,41,NULL,'结束时间','eb_end','varchar',0,1,8,NULL,NULL,NULL,'2019-06-11 01:40:31',NULL),(810,41,NULL,'湿度 室外','eb_humidity1','decimal',0,1,NULL,NULL,NULL,NULL,'2019-06-11 01:40:31',NULL),(811,41,NULL,'湿度 房间','eb_humidity2','decimal',0,1,NULL,NULL,NULL,NULL,'2019-06-11 01:40:31',NULL),(812,41,NULL,'湿度 通风橱','eb_humidity3','decimal',0,1,NULL,NULL,NULL,NULL,'2019-06-11 01:40:31',NULL),(813,41,NULL,'湿度 手套箱','eb_humidity4','decimal',0,1,NULL,NULL,NULL,NULL,'2019-06-11 01:40:31',NULL),(814,41,NULL,'温度 室外','eb_temperature1','decimal',0,1,NULL,NULL,NULL,NULL,'2019-06-11 01:40:31',NULL),(815,41,NULL,'温度 房间','eb_temperature2','decimal',0,1,NULL,NULL,NULL,NULL,'2019-06-11 01:40:31',NULL),(816,41,NULL,'温度 通风橱','eb_temperature3','decimal',0,1,NULL,NULL,NULL,NULL,'2019-06-11 01:40:31',NULL),(817,41,NULL,'温度 手套箱','eb_temperature4','decimal',0,1,NULL,NULL,NULL,NULL,'2019-06-11 01:40:31',NULL),(818,41,NULL,'操作员','eb_operator','varchar',0,1,20,NULL,NULL,NULL,'2019-06-11 01:40:31',NULL),(819,41,NULL,'开始时间','ed_start','varchar',0,1,8,NULL,NULL,NULL,'2019-06-11 01:40:31',NULL),(820,41,NULL,'结束时间','ed_end','varchar',0,1,8,NULL,NULL,NULL,'2019-06-11 01:40:31',NULL),(821,41,NULL,'湿度 室外','ed_humidity1','decimal',0,1,NULL,NULL,NULL,NULL,'2019-06-11 01:40:31',NULL),(822,41,NULL,'湿度 房间','ed_humidity2','decimal',0,1,NULL,NULL,NULL,NULL,'2019-06-11 01:40:31',NULL),(823,41,NULL,'湿度 通风橱','ed_humidity3','decimal',0,1,NULL,NULL,NULL,NULL,'2019-06-11 01:40:31',NULL),(824,41,NULL,'湿度 手套箱','ed_humidity4','decimal',0,1,NULL,NULL,NULL,NULL,'2019-06-11 01:40:31',NULL),(825,41,NULL,'温度 室外','ed_temperature1','decimal',0,1,NULL,NULL,NULL,NULL,'2019-06-11 01:40:31',NULL),(826,41,NULL,'温度 房间','ed_temperature2','decimal',0,1,NULL,NULL,NULL,NULL,'2019-06-11 01:40:31',NULL),(827,41,NULL,'温度 通风橱','ed_temperature3','decimal',0,1,NULL,NULL,NULL,NULL,'2019-06-11 01:40:31',NULL),(828,41,NULL,'温度 手套箱','ed_temperature4','decimal',0,1,NULL,NULL,NULL,NULL,'2019-06-11 01:40:31',NULL),(829,41,NULL,'操作员','ed_operator','varchar',0,1,20,NULL,NULL,NULL,'2019-06-11 01:40:31',NULL),(830,42,1,'ID','id','Long',0,0,11,'*','11','主键','2019-06-11 01:40:31',NULL),(831,42,0,'已删除','deleted','Integer',0,0,1,'*','0','逻辑删除标志','2019-06-11 01:40:31',NULL),(832,42,0,'创建时间','createTime','String',0,0,19,'*','2016-12-27 14:59:16','时间格式字符串','2019-06-11 01:40:31',NULL),(833,42,0,'创建人ID','createId','Long',0,0,11,'*','11','创建人ID','2019-06-11 01:40:31',NULL),(834,42,0,'创建人名称','createUser','String',0,0,50,'*','wenxy','创建人名称','2019-06-11 01:40:31',NULL),(835,42,0,'更新时间','updateTime','String',0,0,19,'*','2016-12-27 15:11:55','更新时间','2019-06-11 01:40:31',NULL),(836,42,0,'更新人ID','updateId','Long',0,0,11,'*','11','更新人ID','2019-06-11 01:40:31',NULL),(837,42,0,'更信人名称','updateUser','String',0,0,50,'*','wenxy','更信人名称','2019-06-11 01:40:31',NULL),(838,42,NULL,'','id_','bigint',0,0,NULL,NULL,NULL,NULL,'2019-06-11 01:40:31',NULL),(839,42,NULL,'批号','batch_','varchar',0,1,6,NULL,NULL,NULL,'2019-06-11 01:40:31',NULL),(840,42,NULL,'单元号','unit_','int',0,1,NULL,NULL,NULL,NULL,'2019-06-11 01:40:31',NULL),(841,42,NULL,'投产数量','production_count','int',0,1,NULL,NULL,NULL,NULL,'2019-06-11 01:40:31',NULL),(842,42,NULL,'弯曲不良','poor_bend','int',0,1,NULL,NULL,NULL,NULL,'2019-06-11 01:40:31',NULL),(843,42,NULL,'外观不良','bad_appearance','int',0,1,NULL,NULL,NULL,NULL,'2019-06-11 01:40:31',NULL),(844,42,NULL,'包装数','package_count','int',0,1,NULL,NULL,NULL,NULL,'2019-06-11 01:40:31',NULL),(845,42,NULL,'初始污染','initial_pollution','int',0,1,NULL,NULL,NULL,NULL,'2019-06-11 01:40:31',NULL),(846,42,NULL,'请验数','check_count','int',0,1,NULL,NULL,NULL,NULL,'2019-06-11 01:40:31',NULL),(847,42,NULL,'抽样','sample_count','int',0,1,NULL,NULL,NULL,NULL,'2019-06-11 01:40:31',NULL),(848,42,NULL,'性能不良','poor_performance','int',0,1,NULL,NULL,NULL,NULL,'2019-06-11 01:40:31',NULL),(849,42,NULL,'合格数','unit_qualified','int',0,1,NULL,NULL,NULL,NULL,'2019-06-11 01:40:31',NULL),(850,42,NULL,'肉毒素化学性能','chemistry_performance','int',0,1,NULL,NULL,NULL,NULL,'2019-06-11 01:40:31',NULL),(851,42,NULL,'无菌检测','sterility_test','int',0,1,NULL,NULL,NULL,NULL,'2019-06-11 01:40:31',NULL),(852,42,NULL,'实物入库','store_count','int',0,1,NULL,NULL,NULL,NULL,'2019-06-11 01:40:31',NULL),(853,42,NULL,'无菌留样','sterile_sample','int',0,1,NULL,NULL,NULL,NULL,'2019-06-11 01:40:31',NULL),(854,42,NULL,'性能留样','performance_sample','int',0,1,NULL,NULL,NULL,NULL,'2019-06-11 01:40:31',NULL),(855,42,NULL,'发货数','ship_count','int',0,1,NULL,NULL,NULL,NULL,'2019-06-11 01:40:31',NULL),(856,42,NULL,'','created_time','varchar',0,1,19,NULL,NULL,NULL,'2019-06-11 01:40:31',NULL),(857,43,1,'ID','id','Long',0,0,11,'*','11','主键','2019-06-11 01:40:31',NULL),(858,43,0,'已删除','deleted','Integer',0,0,1,'*','0','逻辑删除标志','2019-06-11 01:40:31',NULL),(859,43,0,'创建时间','createTime','String',0,0,19,'*','2016-12-27 14:59:16','时间格式字符串','2019-06-11 01:40:31',NULL),(860,43,0,'创建人ID','createId','Long',0,0,11,'*','11','创建人ID','2019-06-11 01:40:31',NULL),(861,43,0,'创建人名称','createUser','String',0,0,50,'*','wenxy','创建人名称','2019-06-11 01:40:31',NULL),(862,43,0,'更新时间','updateTime','String',0,0,19,'*','2016-12-27 15:11:55','更新时间','2019-06-11 01:40:31',NULL),(863,43,0,'更新人ID','updateId','Long',0,0,11,'*','11','更新人ID','2019-06-11 01:40:31',NULL),(864,43,0,'更信人名称','updateUser','String',0,0,50,'*','wenxy','更信人名称','2019-06-11 01:40:31',NULL),(865,43,NULL,'','id_','bigint',0,0,NULL,NULL,NULL,NULL,'2019-06-11 01:40:31',NULL),(866,43,NULL,'指标名称','name_','varchar',0,0,50,NULL,NULL,NULL,'2019-06-11 01:40:31',NULL),(867,43,NULL,'指标类型','type_','varchar',0,0,20,NULL,NULL,NULL,'2019-06-11 01:40:31',NULL),(868,43,NULL,'是否显示名称：0-不可见,1-可见','is_display_name','int',0,1,NULL,NULL,NULL,NULL,'2019-06-11 01:40:31',NULL),(869,43,NULL,'排列顺序：0.值-名称1.名称-值','sort_type','int',0,1,NULL,NULL,NULL,NULL,'2019-06-11 01:40:31',NULL),(870,43,NULL,'分组id','group_id','bigint',0,1,NULL,NULL,NULL,NULL,'2019-06-11 01:40:31',NULL),(871,43,NULL,'指标单位','unit_','varchar',0,1,20,NULL,NULL,NULL,'2019-06-11 01:40:31',NULL),(872,43,NULL,'','created_time','varchar',0,1,19,NULL,NULL,NULL,'2019-06-11 01:40:31',NULL),(873,43,NULL,'','creator_id','bigint',0,1,NULL,NULL,NULL,NULL,'2019-06-11 01:40:31',NULL),(874,44,1,'ID','id','Long',0,0,11,'*','11','主键','2019-06-11 01:40:32',NULL),(875,44,0,'已删除','deleted','Integer',0,0,1,'*','0','逻辑删除标志','2019-06-11 01:40:32',NULL),(876,44,0,'创建时间','createTime','String',0,0,19,'*','2016-12-27 14:59:16','时间格式字符串','2019-06-11 01:40:32',NULL),(877,44,0,'创建人ID','createId','Long',0,0,11,'*','11','创建人ID','2019-06-11 01:40:32',NULL),(878,44,0,'创建人名称','createUser','String',0,0,50,'*','wenxy','创建人名称','2019-06-11 01:40:32',NULL),(879,44,0,'更新时间','updateTime','String',0,0,19,'*','2016-12-27 15:11:55','更新时间','2019-06-11 01:40:32',NULL),(880,44,0,'更新人ID','updateId','Long',0,0,11,'*','11','更新人ID','2019-06-11 01:40:32',NULL),(881,44,0,'更信人名称','updateUser','String',0,0,50,'*','wenxy','更信人名称','2019-06-11 01:40:32',NULL),(882,44,NULL,'','id_','bigint',0,0,NULL,NULL,NULL,NULL,'2019-06-11 01:40:32',NULL),(883,44,NULL,'值','value_','varchar',0,0,100,NULL,NULL,NULL,'2019-06-11 01:40:32',NULL),(884,44,NULL,'可以编辑','is_edit','bigint',0,1,NULL,NULL,NULL,NULL,'2019-06-11 01:40:32',NULL),(885,44,NULL,'指标id','item_id','bigint',0,0,NULL,NULL,NULL,NULL,'2019-06-11 01:40:32',NULL),(886,44,NULL,'','created_time','varchar',0,0,19,NULL,NULL,NULL,'2019-06-11 01:40:32',NULL),(887,44,NULL,'','creator_id','bigint',0,1,NULL,NULL,NULL,NULL,'2019-06-11 01:40:32',NULL),(888,45,1,'ID','id','Long',0,0,11,'*','11','主键','2019-06-11 01:40:32',NULL),(889,45,0,'已删除','deleted','Integer',0,0,1,'*','0','逻辑删除标志','2019-06-11 01:40:32',NULL),(890,45,0,'创建时间','createTime','String',0,0,19,'*','2016-12-27 14:59:16','时间格式字符串','2019-06-11 01:40:32',NULL),(891,45,0,'创建人ID','createId','Long',0,0,11,'*','11','创建人ID','2019-06-11 01:40:32',NULL),(892,45,0,'创建人名称','createUser','String',0,0,50,'*','wenxy','创建人名称','2019-06-11 01:40:32',NULL),(893,45,0,'更新时间','updateTime','String',0,0,19,'*','2016-12-27 15:11:55','更新时间','2019-06-11 01:40:32',NULL),(894,45,0,'更新人ID','updateId','Long',0,0,11,'*','11','更新人ID','2019-06-11 01:40:32',NULL),(895,45,0,'更信人名称','updateUser','String',0,0,50,'*','wenxy','更信人名称','2019-06-11 01:40:32',NULL),(896,45,NULL,'','id_','bigint',0,0,NULL,NULL,NULL,NULL,'2019-06-11 01:40:32',NULL),(897,45,NULL,'分组名称','name_','varchar',0,0,50,NULL,NULL,NULL,'2019-06-11 01:40:32',NULL),(898,45,NULL,'','created_time','varchar',0,0,19,NULL,NULL,NULL,'2019-06-11 01:40:32',NULL),(899,45,NULL,'','creator_id','bigint',0,1,NULL,NULL,NULL,NULL,'2019-06-11 01:40:32',NULL),(900,46,1,'ID','id','Long',0,0,11,'*','11','主键','2019-06-11 01:40:32',NULL),(901,46,0,'已删除','deleted','Integer',0,0,1,'*','0','逻辑删除标志','2019-06-11 01:40:32',NULL),(902,46,0,'创建时间','createTime','String',0,0,19,'*','2016-12-27 14:59:16','时间格式字符串','2019-06-11 01:40:32',NULL),(903,46,0,'创建人ID','createId','Long',0,0,11,'*','11','创建人ID','2019-06-11 01:40:32',NULL),(904,46,0,'创建人名称','createUser','String',0,0,50,'*','wenxy','创建人名称','2019-06-11 01:40:32',NULL),(905,46,0,'更新时间','updateTime','String',0,0,19,'*','2016-12-27 15:11:55','更新时间','2019-06-11 01:40:32',NULL),(906,46,0,'更新人ID','updateId','Long',0,0,11,'*','11','更新人ID','2019-06-11 01:40:32',NULL),(907,46,0,'更信人名称','updateUser','String',0,0,50,'*','wenxy','更信人名称','2019-06-11 01:40:32',NULL),(908,46,NULL,'','id_','bigint',0,0,NULL,NULL,NULL,NULL,'2019-06-11 01:40:32',NULL),(909,46,NULL,'模板名称','name_','varchar',0,0,50,NULL,NULL,NULL,'2019-06-11 01:40:32',NULL),(910,46,NULL,'状态:1-未发布,2-已发布','status_','int',0,0,NULL,NULL,NULL,NULL,'2019-06-11 01:40:32',NULL),(911,46,NULL,'','created_time','varchar',0,0,19,NULL,NULL,NULL,'2019-06-11 01:40:32',NULL),(912,46,NULL,'','creator_id','bigint',0,1,NULL,NULL,NULL,NULL,'2019-06-11 01:40:32',NULL),(913,47,1,'ID','id','Long',0,0,11,'*','11','主键','2019-06-11 01:40:32',NULL),(914,47,0,'已删除','deleted','Integer',0,0,1,'*','0','逻辑删除标志','2019-06-11 01:40:32',NULL),(915,47,0,'创建时间','createTime','String',0,0,19,'*','2016-12-27 14:59:16','时间格式字符串','2019-06-11 01:40:32',NULL),(916,47,0,'创建人ID','createId','Long',0,0,11,'*','11','创建人ID','2019-06-11 01:40:32',NULL),(917,47,0,'创建人名称','createUser','String',0,0,50,'*','wenxy','创建人名称','2019-06-11 01:40:32',NULL),(918,47,0,'更新时间','updateTime','String',0,0,19,'*','2016-12-27 15:11:55','更新时间','2019-06-11 01:40:32',NULL),(919,47,0,'更新人ID','updateId','Long',0,0,11,'*','11','更新人ID','2019-06-11 01:40:32',NULL),(920,47,0,'更信人名称','updateUser','String',0,0,50,'*','wenxy','更信人名称','2019-06-11 01:40:32',NULL),(921,47,NULL,'','id_','bigint',0,0,NULL,NULL,NULL,NULL,'2019-06-11 01:40:32',NULL),(922,47,NULL,'模板id','model_id','bigint',0,1,NULL,NULL,NULL,NULL,'2019-06-11 01:40:32',NULL),(923,47,NULL,'段落id','paragraph_id','bigint',0,1,NULL,NULL,NULL,NULL,'2019-06-11 01:40:32',NULL),(924,47,NULL,'指标id','item_id','bigint',0,1,NULL,NULL,NULL,NULL,'2019-06-11 01:40:32',NULL),(925,47,NULL,'是否显示名称','is_display_name','int',0,1,NULL,NULL,NULL,NULL,'2019-06-11 01:40:32',NULL),(926,47,NULL,'排序类型1：名称在前','sort_type','int',0,1,NULL,NULL,NULL,NULL,'2019-06-11 01:40:32',NULL),(927,47,NULL,'结尾符号','symbol_','varchar',0,1,50,NULL,NULL,NULL,'2019-06-11 01:40:32',NULL),(928,47,NULL,'顺序(由小到大)','order_','bigint',0,1,NULL,NULL,NULL,NULL,'2019-06-11 01:40:32',NULL),(929,47,NULL,'','created_time','varchar',0,1,19,NULL,NULL,NULL,'2019-06-11 01:40:32',NULL),(930,47,NULL,'','creator_id','bigint',0,1,NULL,NULL,NULL,NULL,'2019-06-11 01:40:32',NULL),(931,48,1,'ID','id','Long',0,0,11,'*','11','主键','2019-06-11 01:40:32',NULL),(932,48,0,'已删除','deleted','Integer',0,0,1,'*','0','逻辑删除标志','2019-06-11 01:40:32',NULL),(933,48,0,'创建时间','createTime','String',0,0,19,'*','2016-12-27 14:59:16','时间格式字符串','2019-06-11 01:40:32',NULL),(934,48,0,'创建人ID','createId','Long',0,0,11,'*','11','创建人ID','2019-06-11 01:40:32',NULL),(935,48,0,'创建人名称','createUser','String',0,0,50,'*','wenxy','创建人名称','2019-06-11 01:40:32',NULL),(936,48,0,'更新时间','updateTime','String',0,0,19,'*','2016-12-27 15:11:55','更新时间','2019-06-11 01:40:32',NULL),(937,48,0,'更新人ID','updateId','Long',0,0,11,'*','11','更新人ID','2019-06-11 01:40:32',NULL),(938,48,0,'更信人名称','updateUser','String',0,0,50,'*','wenxy','更信人名称','2019-06-11 01:40:32',NULL),(939,48,NULL,'','id_','bigint',0,0,NULL,NULL,NULL,NULL,'2019-06-11 01:40:32',NULL),(940,48,NULL,'名称','name_','varchar',0,1,50,NULL,NULL,NULL,'2019-06-11 01:40:32',NULL),(941,48,NULL,'模板id','model_id','bigint',0,1,NULL,NULL,NULL,NULL,'2019-06-11 01:40:32',NULL),(942,48,NULL,'顺序','order_','int',0,1,NULL,NULL,NULL,NULL,'2019-06-11 01:40:32',NULL),(943,48,NULL,'','created_time','varchar',0,1,19,NULL,NULL,NULL,'2019-06-11 01:40:32',NULL),(944,48,NULL,'','creator_id','bigint',0,1,NULL,NULL,NULL,NULL,'2019-06-11 01:40:32',NULL),(945,49,1,'ID','id','Long',0,0,11,'*','11','主键','2019-06-11 01:40:32',NULL),(946,49,0,'已删除','deleted','Integer',0,0,1,'*','0','逻辑删除标志','2019-06-11 01:40:32',NULL),(947,49,0,'创建时间','createTime','String',0,0,19,'*','2016-12-27 14:59:16','时间格式字符串','2019-06-11 01:40:32',NULL),(948,49,0,'创建人ID','createId','Long',0,0,11,'*','11','创建人ID','2019-06-11 01:40:32',NULL),(949,49,0,'创建人名称','createUser','String',0,0,50,'*','wenxy','创建人名称','2019-06-11 01:40:32',NULL),(950,49,0,'更新时间','updateTime','String',0,0,19,'*','2016-12-27 15:11:55','更新时间','2019-06-11 01:40:32',NULL),(951,49,0,'更新人ID','updateId','Long',0,0,11,'*','11','更新人ID','2019-06-11 01:40:32',NULL),(952,49,0,'更信人名称','updateUser','String',0,0,50,'*','wenxy','更信人名称','2019-06-11 01:40:32',NULL),(953,49,NULL,'','id_','bigint',0,0,NULL,NULL,NULL,NULL,'2019-06-11 01:40:32',NULL),(954,49,NULL,'病历id','emr_id','bigint',0,1,NULL,NULL,NULL,NULL,'2019-06-11 01:40:32',NULL),(955,49,NULL,'指标id','item_id','bigint',0,1,NULL,NULL,NULL,NULL,'2019-06-11 01:40:32',NULL),(956,49,NULL,'指标值','item_value','varchar',0,1,100,NULL,NULL,NULL,'2019-06-11 01:40:32',NULL),(957,50,1,'ID','id','Long',0,0,11,'*','11','主键','2019-06-11 01:40:32',NULL),(958,50,0,'已删除','deleted','Integer',0,0,1,'*','0','逻辑删除标志','2019-06-11 01:40:32',NULL),(959,50,0,'创建时间','createTime','String',0,0,19,'*','2016-12-27 14:59:16','时间格式字符串','2019-06-11 01:40:32',NULL),(960,50,0,'创建人ID','createId','Long',0,0,11,'*','11','创建人ID','2019-06-11 01:40:32',NULL),(961,50,0,'创建人名称','createUser','String',0,0,50,'*','wenxy','创建人名称','2019-06-11 01:40:32',NULL),(962,50,0,'更新时间','updateTime','String',0,0,19,'*','2016-12-27 15:11:55','更新时间','2019-06-11 01:40:32',NULL),(963,50,0,'更新人ID','updateId','Long',0,0,11,'*','11','更新人ID','2019-06-11 01:40:32',NULL),(964,50,0,'更信人名称','updateUser','String',0,0,50,'*','wenxy','更信人名称','2019-06-11 01:40:32',NULL),(965,50,NULL,'','id_','bigint',0,0,NULL,NULL,NULL,NULL,'2019-06-11 01:40:32',NULL),(966,50,NULL,'患者id','user_id','bigint',0,1,NULL,NULL,NULL,NULL,'2019-06-11 01:40:32',NULL),(967,50,NULL,'模板id','model_id','bigint',0,1,NULL,NULL,NULL,NULL,'2019-06-11 01:40:32',NULL),(968,50,NULL,'病历号','emr_code','varchar',0,1,30,NULL,NULL,NULL,'2019-06-11 01:40:32',NULL),(969,50,NULL,'就诊次数','count_','int',0,1,NULL,NULL,NULL,NULL,'2019-06-11 01:40:32',NULL),(970,50,NULL,'','created_time','varchar',0,1,19,NULL,NULL,NULL,'2019-06-11 01:40:32',NULL),(971,50,NULL,'','creator_id','bigint',0,1,NULL,NULL,NULL,NULL,'2019-06-11 01:40:32',NULL),(972,51,1,'ID','id','Long',0,0,11,'*','11','主键','2019-06-11 01:40:32',NULL),(973,51,0,'已删除','deleted','Integer',0,0,1,'*','0','逻辑删除标志','2019-06-11 01:40:32',NULL),(974,51,0,'创建时间','createTime','String',0,0,19,'*','2016-12-27 14:59:16','时间格式字符串','2019-06-11 01:40:32',NULL),(975,51,0,'创建人ID','createId','Long',0,0,11,'*','11','创建人ID','2019-06-11 01:40:32',NULL),(976,51,0,'创建人名称','createUser','String',0,0,50,'*','wenxy','创建人名称','2019-06-11 01:40:32',NULL),(977,51,0,'更新时间','updateTime','String',0,0,19,'*','2016-12-27 15:11:55','更新时间','2019-06-11 01:40:32',NULL),(978,51,0,'更新人ID','updateId','Long',0,0,11,'*','11','更新人ID','2019-06-11 01:40:32',NULL),(979,51,0,'更信人名称','updateUser','String',0,0,50,'*','wenxy','更信人名称','2019-06-11 01:40:32',NULL),(980,51,NULL,'','id_','bigint',0,0,NULL,NULL,NULL,NULL,'2019-06-11 01:40:32',NULL),(981,51,NULL,'名称','name_','varchar',0,1,50,NULL,NULL,NULL,'2019-06-11 01:40:32',NULL),(982,51,NULL,'','created_time','varchar',0,1,19,NULL,NULL,NULL,'2019-06-11 01:40:32',NULL),(983,51,NULL,'','creator_id','bigint',0,1,NULL,NULL,NULL,NULL,'2019-06-11 01:40:32',NULL),(984,52,1,'ID','id','Long',0,0,11,'*','11','主键','2019-06-11 01:40:32',NULL),(985,52,0,'已删除','deleted','Integer',0,0,1,'*','0','逻辑删除标志','2019-06-11 01:40:32',NULL),(986,52,0,'创建时间','createTime','String',0,0,19,'*','2016-12-27 14:59:16','时间格式字符串','2019-06-11 01:40:32',NULL),(987,52,0,'创建人ID','createId','Long',0,0,11,'*','11','创建人ID','2019-06-11 01:40:32',NULL),(988,52,0,'创建人名称','createUser','String',0,0,50,'*','wenxy','创建人名称','2019-06-11 01:40:32',NULL),(989,52,0,'更新时间','updateTime','String',0,0,19,'*','2016-12-27 15:11:55','更新时间','2019-06-11 01:40:32',NULL),(990,52,0,'更新人ID','updateId','Long',0,0,11,'*','11','更新人ID','2019-06-11 01:40:32',NULL),(991,52,0,'更信人名称','updateUser','String',0,0,50,'*','wenxy','更信人名称','2019-06-11 01:40:32',NULL),(992,52,NULL,'','id_','bigint',0,0,NULL,NULL,NULL,NULL,'2019-06-11 01:40:33',NULL),(993,52,NULL,'查询id','query_id','bigint',0,1,NULL,NULL,NULL,NULL,'2019-06-11 01:40:33',NULL),(994,52,NULL,'指标id','item_id','bigint',0,1,NULL,NULL,NULL,NULL,'2019-06-11 01:40:33',NULL),(995,53,1,'ID','id','Long',0,0,11,'*','11','主键','2019-06-11 01:40:33',NULL),(996,53,0,'已删除','deleted','Integer',0,0,1,'*','0','逻辑删除标志','2019-06-11 01:40:33',NULL),(997,53,0,'创建时间','createTime','String',0,0,19,'*','2016-12-27 14:59:16','时间格式字符串','2019-06-11 01:40:33',NULL),(998,53,0,'创建人ID','createId','Long',0,0,11,'*','11','创建人ID','2019-06-11 01:40:33',NULL),(999,53,0,'创建人名称','createUser','String',0,0,50,'*','wenxy','创建人名称','2019-06-11 01:40:33',NULL),(1000,53,0,'更新时间','updateTime','String',0,0,19,'*','2016-12-27 15:11:55','更新时间','2019-06-11 01:40:33',NULL),(1001,53,0,'更新人ID','updateId','Long',0,0,11,'*','11','更新人ID','2019-06-11 01:40:33',NULL),(1002,53,0,'更信人名称','updateUser','String',0,0,50,'*','wenxy','更信人名称','2019-06-11 01:40:33',NULL),(1003,53,NULL,'','lat_','decimal',0,1,NULL,NULL,NULL,NULL,'2019-06-11 01:40:33',NULL),(1004,53,NULL,'','lng_','decimal',0,1,NULL,NULL,NULL,NULL,'2019-06-11 01:40:33',NULL),(1005,53,NULL,'','address_','varchar',0,1,200,NULL,NULL,NULL,'2019-06-11 01:40:33',NULL),(1006,54,1,'ID','id','Long',0,0,11,'*','11','主键','2019-06-11 01:40:33',NULL),(1007,54,0,'已删除','deleted','Integer',0,0,1,'*','0','逻辑删除标志','2019-06-11 01:40:33',NULL),(1008,54,0,'创建时间','createTime','String',0,0,19,'*','2016-12-27 14:59:16','时间格式字符串','2019-06-11 01:40:33',NULL),(1009,54,0,'创建人ID','createId','Long',0,0,11,'*','11','创建人ID','2019-06-11 01:40:33',NULL),(1010,54,0,'创建人名称','createUser','String',0,0,50,'*','wenxy','创建人名称','2019-06-11 01:40:33',NULL),(1011,54,0,'更新时间','updateTime','String',0,0,19,'*','2016-12-27 15:11:55','更新时间','2019-06-11 01:40:33',NULL),(1012,54,0,'更新人ID','updateId','Long',0,0,11,'*','11','更新人ID','2019-06-11 01:40:33',NULL),(1013,54,0,'更信人名称','updateUser','String',0,0,50,'*','wenxy','更信人名称','2019-06-11 01:40:33',NULL),(1014,54,NULL,'ID,主键','id_','bigint',0,0,NULL,NULL,NULL,NULL,'2019-06-11 01:40:33',NULL),(1015,54,NULL,'用户Id','user_id','bigint',0,0,NULL,NULL,NULL,NULL,'2019-06-11 01:40:33',NULL),(1016,54,NULL,'经度','longitude','decimal',0,0,NULL,NULL,NULL,NULL,'2019-06-11 01:40:33',NULL),(1017,54,NULL,'偏移经度','lng_offset','decimal',0,1,NULL,NULL,NULL,NULL,'2019-06-11 01:40:33',NULL),(1018,54,NULL,'E:东经;W:西经','longitude_flag','char',0,0,1,NULL,NULL,NULL,'2019-06-11 01:40:33',NULL),(1019,54,NULL,'纬度','latitude','decimal',0,0,NULL,NULL,NULL,NULL,'2019-06-11 01:40:33',NULL),(1020,54,NULL,'偏移纬度','lat_offset','decimal',0,1,NULL,NULL,NULL,NULL,'2019-06-11 01:40:33',NULL),(1021,54,NULL,'N:北纬;S:南纬','latitude_flag','char',0,0,1,NULL,NULL,NULL,'2019-06-11 01:40:33',NULL),(1022,54,NULL,'单位:公里','speed','decimal',0,1,NULL,NULL,NULL,NULL,'2019-06-11 01:40:33',NULL),(1023,54,NULL,'方向','direction','decimal',0,1,NULL,NULL,NULL,NULL,'2019-06-11 01:40:33',NULL),(1024,54,NULL,'采集方式,1:GPS,2:基站,3:北斗','collect_method','char',0,0,1,NULL,NULL,NULL,'2019-06-11 01:40:33',NULL),(1025,54,NULL,'','status_','char',0,0,1,NULL,NULL,NULL,'2019-06-11 01:40:33',NULL),(1026,54,NULL,'点类型,1','type_','char',0,0,1,NULL,NULL,NULL,'2019-06-11 01:40:33',NULL),(1027,54,NULL,'GIS地址描述','gis_address','varchar',0,1,200,NULL,NULL,NULL,'2019-06-11 01:40:33',NULL),(1028,54,NULL,'距前点距离','dist_to_prev','decimal',0,1,NULL,NULL,NULL,NULL,'2019-06-11 01:40:33',NULL),(1029,54,NULL,'停留时间(分钟)','residence_time','int',0,1,NULL,NULL,NULL,NULL,'2019-06-11 01:40:33',NULL),(1030,54,NULL,'采集时间','collected_time','varchar',0,1,19,NULL,NULL,NULL,'2019-06-11 01:40:33',NULL),(1031,54,NULL,'入库时间','created_time','varchar',0,0,19,NULL,NULL,NULL,'2019-06-11 01:40:33',NULL),(1032,55,1,'ID','id','Long',0,0,11,'*','11','主键','2019-06-11 01:40:33',NULL),(1033,55,0,'已删除','deleted','Integer',0,0,1,'*','0','逻辑删除标志','2019-06-11 01:40:33',NULL),(1034,55,0,'创建时间','createTime','String',0,0,19,'*','2016-12-27 14:59:16','时间格式字符串','2019-06-11 01:40:33',NULL),(1035,55,0,'创建人ID','createId','Long',0,0,11,'*','11','创建人ID','2019-06-11 01:40:33',NULL),(1036,55,0,'创建人名称','createUser','String',0,0,50,'*','wenxy','创建人名称','2019-06-11 01:40:33',NULL),(1037,55,0,'更新时间','updateTime','String',0,0,19,'*','2016-12-27 15:11:55','更新时间','2019-06-11 01:40:33',NULL),(1038,55,0,'更新人ID','updateId','Long',0,0,11,'*','11','更新人ID','2019-06-11 01:40:33',NULL),(1039,55,0,'更信人名称','updateUser','String',0,0,50,'*','wenxy','更信人名称','2019-06-11 01:40:33',NULL),(1040,55,NULL,'患者id','user_id','bigint',0,0,NULL,NULL,NULL,NULL,'2019-06-11 01:40:33',NULL),(1041,55,NULL,'用户姓名','name_','varchar',0,0,60,NULL,NULL,NULL,'2019-06-11 01:40:33',NULL),(1042,55,NULL,'0:未启用;1:正常;2:禁用','status_','int',0,0,NULL,NULL,NULL,NULL,'2019-06-11 01:40:33',NULL),(1043,55,NULL,'最后经度','last_lng','decimal',0,1,NULL,NULL,NULL,NULL,'2019-06-11 01:40:33',NULL),(1044,55,NULL,'偏移后的经度','last_offsetlng','decimal',0,1,NULL,NULL,NULL,NULL,'2019-06-11 01:40:33',NULL),(1045,55,NULL,'最后纬度','last_lat','decimal',0,1,NULL,NULL,NULL,NULL,'2019-06-11 01:40:33',NULL),(1046,55,NULL,'偏移后的纬度','last_offsetlat','decimal',0,1,NULL,NULL,NULL,NULL,'2019-06-11 01:40:33',NULL),(1047,55,NULL,'最后速度','last_speed','decimal',0,1,NULL,NULL,NULL,NULL,'2019-06-11 01:40:33',NULL),(1048,55,NULL,'最后位置','last_position','varchar',0,1,100,NULL,NULL,NULL,'2019-06-11 01:40:33',NULL),(1049,55,NULL,'距离前点','dist_to_prev','decimal',0,1,NULL,NULL,NULL,NULL,'2019-06-11 01:40:33',NULL),(1050,55,NULL,'停留时间(分钟)','residence_time','int',0,1,NULL,NULL,NULL,NULL,'2019-06-11 01:40:33',NULL),(1051,55,NULL,'采集时间','collected_time','varchar',0,1,19,NULL,NULL,NULL,'2019-06-11 01:40:33',NULL),(1052,55,NULL,'最后的状态','last_status','char',0,1,1,NULL,NULL,NULL,'2019-06-11 01:40:33',NULL),(1053,55,NULL,'最后一次有效数据的采集时间','last_validtime','varchar',0,1,19,NULL,NULL,NULL,'2019-06-11 01:40:33',NULL),(1054,55,NULL,'服务器处理的最后时间','last_server_time','varchar',0,1,19,NULL,NULL,NULL,'2019-06-11 01:40:33',NULL),(1055,55,NULL,'创建时间','created_time','varchar',0,0,19,NULL,NULL,NULL,'2019-06-11 01:40:33',NULL),(1056,55,NULL,'','remark_','varchar',0,1,60,NULL,NULL,NULL,'2019-06-11 01:40:33',NULL),(1057,55,NULL,'最后方向','last_direction','decimal',0,1,NULL,NULL,NULL,NULL,'2019-06-11 01:40:33',NULL),(1058,56,1,'ID','id','Long',0,0,11,'*','11','主键','2019-06-11 01:40:33',NULL),(1059,56,0,'已删除','deleted','Integer',0,0,1,'*','0','逻辑删除标志','2019-06-11 01:40:33',NULL),(1060,56,0,'创建时间','createTime','String',0,0,19,'*','2016-12-27 14:59:16','时间格式字符串','2019-06-11 01:40:33',NULL),(1061,56,0,'创建人ID','createId','Long',0,0,11,'*','11','创建人ID','2019-06-11 01:40:33',NULL),(1062,56,0,'创建人名称','createUser','String',0,0,50,'*','wenxy','创建人名称','2019-06-11 01:40:33',NULL),(1063,56,0,'更新时间','updateTime','String',0,0,19,'*','2016-12-27 15:11:55','更新时间','2019-06-11 01:40:33',NULL),(1064,56,0,'更新人ID','updateId','Long',0,0,11,'*','11','更新人ID','2019-06-11 01:40:33',NULL),(1065,56,0,'更信人名称','updateUser','String',0,0,50,'*','wenxy','更信人名称','2019-06-11 01:40:33',NULL),(1066,56,NULL,'','LNG','decimal',0,0,NULL,NULL,NULL,NULL,'2019-06-11 01:40:33',NULL),(1067,56,NULL,'','lat','decimal',0,0,NULL,NULL,NULL,NULL,'2019-06-11 01:40:33',NULL),(1068,56,NULL,'','offset_x','int',0,0,NULL,NULL,NULL,NULL,'2019-06-11 01:40:33',NULL),(1069,56,NULL,'','offset_y','int',0,0,NULL,NULL,NULL,NULL,'2019-06-11 01:40:33',NULL),(1070,56,NULL,'','OFFSET_LNG','decimal',0,0,NULL,NULL,NULL,NULL,'2019-06-11 01:40:33',NULL),(1071,56,NULL,'','OFFSET_LAT','decimal',0,0,NULL,NULL,NULL,NULL,'2019-06-11 01:40:33',NULL),(1072,57,1,'ID','id','Long',0,0,11,'*','11','主键','2019-06-11 01:40:33',NULL),(1073,57,0,'已删除','deleted','Integer',0,0,1,'*','0','逻辑删除标志','2019-06-11 01:40:33',NULL),(1074,57,0,'创建时间','createTime','String',0,0,19,'*','2016-12-27 14:59:16','时间格式字符串','2019-06-11 01:40:33',NULL),(1075,57,0,'创建人ID','createId','Long',0,0,11,'*','11','创建人ID','2019-06-11 01:40:33',NULL),(1076,57,0,'创建人名称','createUser','String',0,0,50,'*','wenxy','创建人名称','2019-06-11 01:40:33',NULL),(1077,57,0,'更新时间','updateTime','String',0,0,19,'*','2016-12-27 15:11:55','更新时间','2019-06-11 01:40:33',NULL),(1078,57,0,'更新人ID','updateId','Long',0,0,11,'*','11','更新人ID','2019-06-11 01:40:33',NULL),(1079,57,0,'更信人名称','updateUser','String',0,0,50,'*','wenxy','更信人名称','2019-06-11 01:40:33',NULL),(1080,57,NULL,'告警信息主键id','id_','bigint',0,0,NULL,NULL,NULL,NULL,'2019-06-11 01:40:33',NULL),(1081,57,NULL,'佩戴传感器用户主键','user_id','bigint',0,1,NULL,NULL,NULL,NULL,'2019-06-11 01:40:33',NULL),(1082,57,NULL,'告警时间','alert_time','varchar',0,1,19,NULL,NULL,NULL,'2019-06-11 01:40:33',NULL),(1083,57,NULL,'门限值','alert_value','decimal',0,1,NULL,NULL,NULL,NULL,'2019-06-11 01:40:33',NULL),(1084,57,NULL,'告警值','current_value','decimal',0,1,NULL,NULL,NULL,NULL,'2019-06-11 01:40:33',NULL),(1085,57,NULL,'告警类型','alert_type','int',0,1,NULL,NULL,NULL,NULL,'2019-06-11 01:40:33',NULL),(1086,57,NULL,'告警级别','alert_level','int',0,1,NULL,NULL,NULL,NULL,'2019-06-11 01:40:33',NULL),(1087,57,NULL,'当前需要处理此告警的医院','hospital_id','bigint',0,1,NULL,NULL,NULL,NULL,'2019-06-11 01:40:33',NULL),(1088,57,NULL,'当前需要处理此告警的科室','org_id','bigint',0,1,NULL,NULL,NULL,NULL,'2019-06-11 01:40:33',NULL),(1089,57,NULL,'告警状态:0-未处理,1-已处理','status_','int',0,1,NULL,NULL,NULL,NULL,'2019-06-11 01:40:33',NULL),(1090,57,NULL,'确认处理用户主键','confirm_id','bigint',0,1,NULL,NULL,NULL,NULL,'2019-06-11 01:40:33',NULL),(1091,57,NULL,'确认时间','confirm_time','varchar',0,1,19,NULL,NULL,NULL,'2019-06-11 01:40:33',NULL),(1092,57,NULL,'云端创建时间','created_time','varchar',0,1,19,NULL,NULL,NULL,'2019-06-11 01:40:33',NULL),(1093,57,NULL,'告警内容','content_','varchar',0,1,1000,NULL,NULL,NULL,'2019-06-11 01:40:33',NULL),(1094,58,1,'ID','id','Long',0,0,11,'*','11','主键','2019-06-11 01:40:33',NULL),(1095,58,0,'已删除','deleted','Integer',0,0,1,'*','0','逻辑删除标志','2019-06-11 01:40:33',NULL),(1096,58,0,'创建时间','createTime','String',0,0,19,'*','2016-12-27 14:59:16','时间格式字符串','2019-06-11 01:40:33',NULL),(1097,58,0,'创建人ID','createId','Long',0,0,11,'*','11','创建人ID','2019-06-11 01:40:33',NULL),(1098,58,0,'创建人名称','createUser','String',0,0,50,'*','wenxy','创建人名称','2019-06-11 01:40:33',NULL),(1099,58,0,'更新时间','updateTime','String',0,0,19,'*','2016-12-27 15:11:55','更新时间','2019-06-11 01:40:33',NULL),(1100,58,0,'更新人ID','updateId','Long',0,0,11,'*','11','更新人ID','2019-06-11 01:40:33',NULL),(1101,58,0,'更信人名称','updateUser','String',0,0,50,'*','wenxy','更信人名称','2019-06-11 01:40:33',NULL),(1102,58,NULL,'主键','id_','bigint',0,0,NULL,NULL,NULL,NULL,'2019-06-11 01:40:33',NULL),(1103,58,NULL,'告警主键','alert_id','bigint',0,1,NULL,NULL,NULL,NULL,'2019-06-11 01:40:33',NULL),(1104,58,NULL,'创建人/提交人主键','creator_id','bigint',0,1,NULL,NULL,NULL,NULL,'2019-06-11 01:40:33',NULL),(1105,58,NULL,'提交时设定','hospital_id','bigint',0,1,NULL,NULL,NULL,NULL,'2019-06-11 01:40:33',NULL),(1106,58,NULL,'提交时设定','org_id','bigint',0,1,NULL,NULL,NULL,NULL,'2019-06-11 01:40:33',NULL),(1107,58,NULL,'创建时间','created_time','varchar',0,1,19,NULL,NULL,NULL,'2019-06-11 01:40:33',NULL),(1108,58,NULL,'处理人','handle_id','bigint',0,1,NULL,NULL,NULL,NULL,'2019-06-11 01:40:33',NULL),(1109,58,NULL,'处理/确认时间','handle_time','varchar',0,1,19,NULL,NULL,NULL,'2019-06-11 01:40:33',NULL),(1110,58,NULL,'0.未处理1.确认、结束告警2.上报告警','handle_status','int',0,1,NULL,NULL,NULL,NULL,'2019-06-11 01:40:33',NULL),(1111,58,NULL,'处理意见或过程','remark_','varchar',0,1,100,NULL,NULL,NULL,'2019-06-11 01:40:33',NULL),(1112,59,1,'ID','id','Long',0,0,11,'*','11','主键','2019-06-11 01:40:33',NULL),(1113,59,0,'已删除','deleted','Integer',0,0,1,'*','0','逻辑删除标志','2019-06-11 01:40:33',NULL),(1114,59,0,'创建时间','createTime','String',0,0,19,'*','2016-12-27 14:59:16','时间格式字符串','2019-06-11 01:40:33',NULL),(1115,59,0,'创建人ID','createId','Long',0,0,11,'*','11','创建人ID','2019-06-11 01:40:33',NULL),(1116,59,0,'创建人名称','createUser','String',0,0,50,'*','wenxy','创建人名称','2019-06-11 01:40:33',NULL),(1117,59,0,'更新时间','updateTime','String',0,0,19,'*','2016-12-27 15:11:55','更新时间','2019-06-11 01:40:33',NULL),(1118,59,0,'更新人ID','updateId','Long',0,0,11,'*','11','更新人ID','2019-06-11 01:40:33',NULL),(1119,59,0,'更信人名称','updateUser','String',0,0,50,'*','wenxy','更信人名称','2019-06-11 01:40:33',NULL),(1120,59,NULL,'','id_','bigint',0,0,NULL,NULL,NULL,NULL,'2019-06-11 01:40:33',NULL),(1121,59,NULL,'','patient_id','bigint',0,1,NULL,NULL,NULL,NULL,'2019-06-11 01:40:33',NULL),(1122,59,NULL,'','user_id','bigint',0,1,NULL,NULL,NULL,NULL,'2019-06-11 01:40:33',NULL),(1123,60,1,'ID','id','Long',0,0,11,'*','11','主键','2019-06-11 01:40:33',NULL),(1124,60,0,'已删除','deleted','Integer',0,0,1,'*','0','逻辑删除标志','2019-06-11 01:40:33',NULL),(1125,60,0,'创建时间','createTime','String',0,0,19,'*','2016-12-27 14:59:16','时间格式字符串','2019-06-11 01:40:33',NULL),(1126,60,0,'创建人ID','createId','Long',0,0,11,'*','11','创建人ID','2019-06-11 01:40:33',NULL),(1127,60,0,'创建人名称','createUser','String',0,0,50,'*','wenxy','创建人名称','2019-06-11 01:40:33',NULL),(1128,60,0,'更新时间','updateTime','String',0,0,19,'*','2016-12-27 15:11:55','更新时间','2019-06-11 01:40:33',NULL),(1129,60,0,'更新人ID','updateId','Long',0,0,11,'*','11','更新人ID','2019-06-11 01:40:33',NULL),(1130,60,0,'更信人名称','updateUser','String',0,0,50,'*','wenxy','更信人名称','2019-06-11 01:40:33',NULL),(1131,60,NULL,'用户ID','user_id','bigint',0,0,NULL,NULL,NULL,NULL,'2019-06-11 01:40:33',NULL),(1132,60,NULL,'患者ID','patient_id','bigint',0,0,NULL,NULL,NULL,NULL,'2019-06-11 01:40:33',NULL),(1133,60,NULL,'关注时间','attention_time','varchar',0,0,19,NULL,NULL,NULL,'2019-06-11 01:40:33',NULL),(1134,61,1,'ID','id','Long',0,0,11,'*','11','主键','2019-06-11 01:40:34',NULL),(1135,61,0,'已删除','deleted','Integer',0,0,1,'*','0','逻辑删除标志','2019-06-11 01:40:34',NULL),(1136,61,0,'创建时间','createTime','String',0,0,19,'*','2016-12-27 14:59:16','时间格式字符串','2019-06-11 01:40:34',NULL),(1137,61,0,'创建人ID','createId','Long',0,0,11,'*','11','创建人ID','2019-06-11 01:40:34',NULL),(1138,61,0,'创建人名称','createUser','String',0,0,50,'*','wenxy','创建人名称','2019-06-11 01:40:34',NULL),(1139,61,0,'更新时间','updateTime','String',0,0,19,'*','2016-12-27 15:11:55','更新时间','2019-06-11 01:40:34',NULL),(1140,61,0,'更新人ID','updateId','Long',0,0,11,'*','11','更新人ID','2019-06-11 01:40:34',NULL),(1141,61,0,'更信人名称','updateUser','String',0,0,50,'*','wenxy','更信人名称','2019-06-11 01:40:34',NULL),(1142,61,NULL,'中心医院ID','center_id','bigint',0,0,NULL,NULL,NULL,NULL,'2019-06-11 01:40:34',NULL),(1143,61,NULL,'医院ID','hospital_id','bigint',0,0,NULL,NULL,NULL,NULL,'2019-06-11 01:40:34',NULL),(1144,62,1,'ID','id','Long',0,0,11,'*','11','主键','2019-06-11 01:40:34',NULL),(1145,62,0,'已删除','deleted','Integer',0,0,1,'*','0','逻辑删除标志','2019-06-11 01:40:34',NULL),(1146,62,0,'创建时间','createTime','String',0,0,19,'*','2016-12-27 14:59:16','时间格式字符串','2019-06-11 01:40:34',NULL),(1147,62,0,'创建人ID','createId','Long',0,0,11,'*','11','创建人ID','2019-06-11 01:40:34',NULL),(1148,62,0,'创建人名称','createUser','String',0,0,50,'*','wenxy','创建人名称','2019-06-11 01:40:34',NULL),(1149,62,0,'更新时间','updateTime','String',0,0,19,'*','2016-12-27 15:11:55','更新时间','2019-06-11 01:40:34',NULL),(1150,62,0,'更新人ID','updateId','Long',0,0,11,'*','11','更新人ID','2019-06-11 01:40:34',NULL),(1151,62,0,'更信人名称','updateUser','String',0,0,50,'*','wenxy','更信人名称','2019-06-11 01:40:34',NULL),(1152,62,NULL,'主键','id_','bigint',0,0,NULL,NULL,NULL,NULL,'2019-06-11 01:40:34',NULL),(1153,62,NULL,'资料分类ID','type_id','bigint',0,0,NULL,NULL,NULL,NULL,'2019-06-11 01:40:34',NULL),(1154,62,NULL,'标题','title_','varchar',0,0,50,NULL,NULL,NULL,'2019-06-11 01:40:34',NULL),(1155,62,NULL,'资料内容','content_','text',0,1,65535,NULL,NULL,NULL,'2019-06-11 01:40:34',NULL),(1156,62,NULL,'浏览数量','browse_num','int',0,1,NULL,NULL,NULL,NULL,'2019-06-11 01:40:34',NULL),(1157,62,NULL,'最后更新时间','last_edit_time','varchar',0,1,19,NULL,NULL,NULL,'2019-06-11 01:40:34',NULL),(1158,62,NULL,'创建人','creator_id','bigint',0,0,NULL,NULL,NULL,NULL,'2019-06-11 01:40:34',NULL),(1159,62,NULL,'创建时间','created_time','varchar',0,0,19,NULL,NULL,NULL,'2019-06-11 01:40:34',NULL),(1160,62,NULL,'资料简介','intro_','varchar',0,1,200,NULL,NULL,NULL,'2019-06-11 01:40:34',NULL),(1161,63,1,'ID','id','Long',0,0,11,'*','11','主键','2019-06-11 01:40:34',NULL),(1162,63,0,'已删除','deleted','Integer',0,0,1,'*','0','逻辑删除标志','2019-06-11 01:40:34',NULL),(1163,63,0,'创建时间','createTime','String',0,0,19,'*','2016-12-27 14:59:16','时间格式字符串','2019-06-11 01:40:34',NULL),(1164,63,0,'创建人ID','createId','Long',0,0,11,'*','11','创建人ID','2019-06-11 01:40:34',NULL),(1165,63,0,'创建人名称','createUser','String',0,0,50,'*','wenxy','创建人名称','2019-06-11 01:40:34',NULL),(1166,63,0,'更新时间','updateTime','String',0,0,19,'*','2016-12-27 15:11:55','更新时间','2019-06-11 01:40:34',NULL),(1167,63,0,'更新人ID','updateId','Long',0,0,11,'*','11','更新人ID','2019-06-11 01:40:34',NULL),(1168,63,0,'更信人名称','updateUser','String',0,0,50,'*','wenxy','更信人名称','2019-06-11 01:40:34',NULL),(1169,63,NULL,'主键','id_','bigint',0,0,NULL,NULL,NULL,NULL,'2019-06-11 01:40:34',NULL),(1170,63,NULL,'分类名称','name_','varchar',0,0,50,NULL,NULL,NULL,'2019-06-11 01:40:34',NULL),(1171,63,NULL,'父分类ID','parent_id','bigint',0,1,NULL,NULL,NULL,NULL,'2019-06-11 01:40:34',NULL),(1172,63,NULL,'显示顺序','order_','int',0,1,NULL,NULL,NULL,NULL,'2019-06-11 01:40:34',NULL),(1173,63,NULL,'创建人','creator_id','bigint',0,0,NULL,NULL,NULL,NULL,'2019-06-11 01:40:34',NULL),(1174,63,NULL,'创建时间','created_time','varchar',0,0,19,NULL,NULL,NULL,'2019-06-11 01:40:34',NULL),(1175,64,1,'ID','id','Long',0,0,11,'*','11','主键','2019-06-11 01:40:34',NULL),(1176,64,0,'已删除','deleted','Integer',0,0,1,'*','0','逻辑删除标志','2019-06-11 01:40:34',NULL),(1177,64,0,'创建时间','createTime','String',0,0,19,'*','2016-12-27 14:59:16','时间格式字符串','2019-06-11 01:40:34',NULL),(1178,64,0,'创建人ID','createId','Long',0,0,11,'*','11','创建人ID','2019-06-11 01:40:34',NULL),(1179,64,0,'创建人名称','createUser','String',0,0,50,'*','wenxy','创建人名称','2019-06-11 01:40:34',NULL),(1180,64,0,'更新时间','updateTime','String',0,0,19,'*','2016-12-27 15:11:55','更新时间','2019-06-11 01:40:34',NULL),(1181,64,0,'更新人ID','updateId','Long',0,0,11,'*','11','更新人ID','2019-06-11 01:40:34',NULL),(1182,64,0,'更信人名称','updateUser','String',0,0,50,'*','wenxy','更信人名称','2019-06-11 01:40:34',NULL),(1183,64,NULL,'','user_id','bigint',0,0,NULL,NULL,NULL,NULL,'2019-06-11 01:40:34',NULL),(1184,64,NULL,'','token_','varchar',0,1,50,NULL,NULL,NULL,'2019-06-11 01:40:34',NULL),(1185,64,NULL,'','valid_date','varchar',0,1,10,NULL,NULL,NULL,'2019-06-11 01:40:34',NULL),(1186,64,NULL,'','author_id','bigint',0,1,NULL,NULL,NULL,NULL,'2019-06-11 01:40:34',NULL),(1187,64,NULL,'0-为认证1-查询2-上传和查询','authority_','int',0,1,NULL,NULL,NULL,NULL,'2019-06-11 01:40:34',NULL),(1188,64,NULL,'','any_organization','tinyint',0,0,NULL,NULL,NULL,NULL,'2019-06-11 01:40:34',NULL),(1189,65,1,'ID','id','Long',0,0,11,'*','11','主键','2019-06-11 01:40:34',NULL),(1190,65,0,'已删除','deleted','Integer',0,0,1,'*','0','逻辑删除标志','2019-06-11 01:40:34',NULL),(1191,65,0,'创建时间','createTime','String',0,0,19,'*','2016-12-27 14:59:16','时间格式字符串','2019-06-11 01:40:34',NULL),(1192,65,0,'创建人ID','createId','Long',0,0,11,'*','11','创建人ID','2019-06-11 01:40:34',NULL),(1193,65,0,'创建人名称','createUser','String',0,0,50,'*','wenxy','创建人名称','2019-06-11 01:40:34',NULL),(1194,65,0,'更新时间','updateTime','String',0,0,19,'*','2016-12-27 15:11:55','更新时间','2019-06-11 01:40:34',NULL),(1195,65,0,'更新人ID','updateId','Long',0,0,11,'*','11','更新人ID','2019-06-11 01:40:34',NULL),(1196,65,0,'更信人名称','updateUser','String',0,0,50,'*','wenxy','更信人名称','2019-06-11 01:40:34',NULL),(1197,65,NULL,'','id_','bigint',0,0,NULL,NULL,NULL,NULL,'2019-06-11 01:40:34',NULL),(1198,65,NULL,'发射器代码','emitter_type','varchar',0,0,20,NULL,NULL,NULL,'2019-06-11 01:40:34',NULL),(1199,65,NULL,'高电流告警值(mA)','high_current','double',0,0,NULL,NULL,NULL,NULL,'2019-06-11 01:40:34',NULL),(1200,65,NULL,'低电流告警值(mA)','low_current','double',0,0,NULL,NULL,NULL,NULL,'2019-06-11 01:40:34',NULL),(1201,65,NULL,'高电流持续时长(分钟)','high_current_sustain_time','bigint',0,1,NULL,NULL,NULL,NULL,'2019-06-11 01:40:34',NULL),(1202,65,NULL,'低电流持续时长(分钟)','low_current_sustain_time','bigint',0,1,NULL,NULL,NULL,NULL,'2019-06-11 01:40:34',NULL),(1203,65,NULL,'佩戴超时告警值(天)','adorn_timeout','int',0,0,NULL,NULL,NULL,NULL,'2019-06-11 01:40:34',NULL),(1204,66,1,'ID','id','Long',0,0,11,'*','11','主键','2019-06-11 01:40:34',NULL),(1205,66,0,'已删除','deleted','Integer',0,0,1,'*','0','逻辑删除标志','2019-06-11 01:40:34',NULL),(1206,66,0,'创建时间','createTime','String',0,0,19,'*','2016-12-27 14:59:16','时间格式字符串','2019-06-11 01:40:34',NULL),(1207,66,0,'创建人ID','createId','Long',0,0,11,'*','11','创建人ID','2019-06-11 01:40:34',NULL),(1208,66,0,'创建人名称','createUser','String',0,0,50,'*','wenxy','创建人名称','2019-06-11 01:40:34',NULL),(1209,66,0,'更新时间','updateTime','String',0,0,19,'*','2016-12-27 15:11:55','更新时间','2019-06-11 01:40:34',NULL),(1210,66,0,'更新人ID','updateId','Long',0,0,11,'*','11','更新人ID','2019-06-11 01:40:34',NULL),(1211,66,0,'更信人名称','updateUser','String',0,0,50,'*','wenxy','更信人名称','2019-06-11 01:40:34',NULL),(1212,66,NULL,'','id_','bigint',0,0,NULL,NULL,NULL,NULL,'2019-06-11 01:40:34',NULL),(1213,66,NULL,'发射器工厂编号','code_','varchar',0,1,20,NULL,NULL,NULL,'2019-06-11 01:40:34',NULL),(1214,66,NULL,'收货人','receive_','text',0,1,65535,NULL,NULL,NULL,'2019-06-11 01:40:34',NULL),(1215,66,NULL,'收货地址','address_','text',0,1,65535,NULL,NULL,NULL,'2019-06-11 01:40:34',NULL),(1216,66,NULL,'发货日期','ship_date','date',0,1,NULL,NULL,NULL,NULL,'2019-06-11 01:40:34',NULL),(1217,66,NULL,'','created_time','datetime',0,1,NULL,NULL,NULL,NULL,'2019-06-11 01:40:34',NULL),(1218,66,NULL,'发射器蓝牙名称','emitter_','varchar',0,1,20,NULL,NULL,NULL,'2019-06-11 01:40:34',NULL),(1219,67,1,'ID','id','Long',0,0,11,'*','11','主键','2019-06-11 01:40:34',NULL),(1220,67,0,'已删除','deleted','Integer',0,0,1,'*','0','逻辑删除标志','2019-06-11 01:40:34',NULL),(1221,67,0,'创建时间','createTime','String',0,0,19,'*','2016-12-27 14:59:16','时间格式字符串','2019-06-11 01:40:34',NULL),(1222,67,0,'创建人ID','createId','Long',0,0,11,'*','11','创建人ID','2019-06-11 01:40:34',NULL),(1223,67,0,'创建人名称','createUser','String',0,0,50,'*','wenxy','创建人名称','2019-06-11 01:40:34',NULL),(1224,67,0,'更新时间','updateTime','String',0,0,19,'*','2016-12-27 15:11:55','更新时间','2019-06-11 01:40:34',NULL),(1225,67,0,'更新人ID','updateId','Long',0,0,11,'*','11','更新人ID','2019-06-11 01:40:34',NULL),(1226,67,0,'更信人名称','updateUser','String',0,0,50,'*','wenxy','更信人名称','2019-06-11 01:40:34',NULL),(1227,67,NULL,'主键','id_','bigint',0,0,NULL,NULL,NULL,NULL,'2019-06-11 01:40:35',NULL),(1228,67,NULL,'用户id','user_id','bigint',0,0,NULL,NULL,NULL,NULL,'2019-06-11 01:40:35',NULL),(1229,67,NULL,'事件类型代码(1','event_type','int',0,0,NULL,NULL,NULL,NULL,'2019-06-11 01:40:35',NULL),(1230,67,NULL,'餐别(1-早餐,2-中餐,3-晚餐)','meal_type','int',0,1,NULL,NULL,NULL,NULL,'2019-06-11 01:40:35',NULL),(1231,67,NULL,'餐食内容','food_','varchar',0,1,100,NULL,NULL,NULL,'2019-06-11 01:40:35',NULL),(1232,67,NULL,'胰岛素名称','insulin_','varchar',0,1,40,NULL,NULL,NULL,'2019-06-11 01:40:35',NULL),(1233,67,NULL,'胰岛素单位','insulin_unit','int',0,1,NULL,NULL,NULL,NULL,'2019-06-11 01:40:35',NULL),(1234,67,NULL,'用药药品名称','medicine_','varchar',0,1,40,NULL,NULL,NULL,'2019-06-11 01:40:35',NULL),(1235,67,NULL,'用药剂量','medicine_unit','int',0,1,NULL,NULL,NULL,NULL,'2019-06-11 01:40:35',NULL),(1236,67,NULL,'锻炼时长(分钟)','exercise_time','int',0,1,NULL,NULL,NULL,NULL,'2019-06-11 01:40:35',NULL),(1237,67,NULL,'事件时间','event_time','varchar',0,1,19,NULL,NULL,NULL,'2019-06-11 01:40:35',NULL),(1238,67,NULL,'录入人','creator_id','bigint',0,0,NULL,NULL,NULL,NULL,'2019-06-11 01:40:35',NULL),(1239,67,NULL,'录入时间','created_time','varchar',0,0,19,NULL,NULL,NULL,'2019-06-11 01:40:35',NULL),(1240,67,NULL,'备注','remark_','varchar',0,1,300,NULL,NULL,NULL,'2019-06-11 01:40:35',NULL),(1241,67,NULL,'','meal_time','int',0,1,NULL,NULL,NULL,NULL,'2019-06-11 01:40:35',NULL),(1242,67,NULL,'','glucose_peak','int',0,1,NULL,NULL,NULL,NULL,'2019-06-11 01:40:35',NULL),(1243,67,NULL,'','insulin_efficacy','int',0,1,NULL,NULL,NULL,NULL,'2019-06-11 01:40:35',NULL),(1244,67,NULL,'','medicine_efficacy','int',0,1,NULL,NULL,NULL,NULL,'2019-06-11 01:40:35',NULL),(1245,67,NULL,'饮食图片id','diet_photo_id','bigint',0,1,NULL,NULL,NULL,NULL,'2019-06-11 01:40:35',NULL),(1246,67,NULL,'佩戴记录id','wear_id','bigint',0,1,NULL,NULL,NULL,NULL,'2019-06-11 01:40:35',NULL),(1247,68,1,'ID','id','Long',0,0,11,'*','11','主键','2019-06-11 01:40:35',NULL),(1248,68,0,'已删除','deleted','Integer',0,0,1,'*','0','逻辑删除标志','2019-06-11 01:40:35',NULL),(1249,68,0,'创建时间','createTime','String',0,0,19,'*','2016-12-27 14:59:16','时间格式字符串','2019-06-11 01:40:35',NULL),(1250,68,0,'创建人ID','createId','Long',0,0,11,'*','11','创建人ID','2019-06-11 01:40:35',NULL),(1251,68,0,'创建人名称','createUser','String',0,0,50,'*','wenxy','创建人名称','2019-06-11 01:40:35',NULL),(1252,68,0,'更新时间','updateTime','String',0,0,19,'*','2016-12-27 15:11:55','更新时间','2019-06-11 01:40:35',NULL),(1253,68,0,'更新人ID','updateId','Long',0,0,11,'*','11','更新人ID','2019-06-11 01:40:35',NULL),(1254,68,0,'更信人名称','updateUser','String',0,0,50,'*','wenxy','更信人名称','2019-06-11 01:40:35',NULL),(1255,68,NULL,'主键','id_','bigint',0,0,NULL,NULL,NULL,NULL,'2019-06-11 01:40:35',NULL),(1256,68,NULL,'用户id','user_id','bigint',0,0,NULL,NULL,NULL,NULL,'2019-06-11 01:40:35',NULL),(1257,68,NULL,'血糖值','value_','decimal',0,0,NULL,NULL,NULL,NULL,'2019-06-11 01:40:35',NULL),(1258,68,NULL,'电流值','current_value','decimal',0,1,NULL,NULL,NULL,NULL,'2019-06-11 01:40:35',NULL),(1259,68,NULL,'采集时间','collected_time','varchar',0,1,19,NULL,NULL,NULL,'2019-06-11 01:40:35',NULL),(1260,68,NULL,'创建时间','created_time','varchar',0,0,19,NULL,NULL,NULL,'2019-06-11 01:40:35',NULL),(1261,68,NULL,'','voltage_','decimal',0,0,NULL,NULL,NULL,NULL,'2019-06-11 01:40:35',NULL),(1262,68,NULL,'佩戴记录id','wear_id','bigint',0,1,NULL,NULL,NULL,NULL,'2019-06-11 01:40:35',NULL),(1263,68,NULL,'','analysis_wear_id','bigint',0,1,NULL,NULL,NULL,NULL,'2019-06-11 01:40:35',NULL),(1264,69,1,'ID','id','Long',0,0,11,'*','11','主键','2019-06-11 01:40:35',NULL),(1265,69,0,'已删除','deleted','Integer',0,0,1,'*','0','逻辑删除标志','2019-06-11 01:40:35',NULL),(1266,69,0,'创建时间','createTime','String',0,0,19,'*','2016-12-27 14:59:16','时间格式字符串','2019-06-11 01:40:35',NULL),(1267,69,0,'创建人ID','createId','Long',0,0,11,'*','11','创建人ID','2019-06-11 01:40:35',NULL),(1268,69,0,'创建人名称','createUser','String',0,0,50,'*','wenxy','创建人名称','2019-06-11 01:40:35',NULL),(1269,69,0,'更新时间','updateTime','String',0,0,19,'*','2016-12-27 15:11:55','更新时间','2019-06-11 01:40:35',NULL),(1270,69,0,'更新人ID','updateId','Long',0,0,11,'*','11','更新人ID','2019-06-11 01:40:35',NULL),(1271,69,0,'更信人名称','updateUser','String',0,0,50,'*','wenxy','更信人名称','2019-06-11 01:40:35',NULL),(1272,69,NULL,'主键','id_','bigint',0,0,NULL,NULL,NULL,NULL,'2019-06-11 01:40:35',NULL),(1273,69,NULL,'标题','title_','varchar',0,0,40,NULL,NULL,NULL,'2019-06-11 01:40:35',NULL),(1274,69,NULL,'内容','content_','text',0,1,65535,NULL,NULL,NULL,'2019-06-11 01:40:35',NULL),(1275,69,NULL,'分享次数','share_count','int',0,1,NULL,NULL,NULL,NULL,'2019-06-11 01:40:35',NULL),(1276,69,NULL,'主题类型：1-健康饮食 2-运动健身 3-用药常识 4-胰岛素解疑','type_','int',0,1,NULL,NULL,NULL,NULL,'2019-06-11 01:40:35',NULL),(1277,69,NULL,'客户端类型：1-中文版 2-国际版','client_type','int',0,1,NULL,NULL,NULL,NULL,'2019-06-11 01:40:35',NULL),(1278,69,NULL,'发布时间','created_time','varchar',0,0,19,NULL,NULL,NULL,'2019-06-11 01:40:35',NULL),(1279,69,NULL,'发布人','creator_id','bigint',0,1,NULL,NULL,NULL,NULL,'2019-06-11 01:40:35',NULL),(1280,69,NULL,'附件图片id','file_id','bigint',0,1,NULL,NULL,NULL,NULL,'2019-06-11 01:40:35',NULL),(1281,69,NULL,'简介','intro_','varchar',0,1,300,NULL,NULL,NULL,'2019-06-11 01:40:35',NULL),(1282,70,1,'ID','id','Long',0,0,11,'*','11','主键','2019-06-11 01:40:35',NULL),(1283,70,0,'已删除','deleted','Integer',0,0,1,'*','0','逻辑删除标志','2019-06-11 01:40:35',NULL),(1284,70,0,'创建时间','createTime','String',0,0,19,'*','2016-12-27 14:59:16','时间格式字符串','2019-06-11 01:40:35',NULL),(1285,70,0,'创建人ID','createId','Long',0,0,11,'*','11','创建人ID','2019-06-11 01:40:35',NULL),(1286,70,0,'创建人名称','createUser','String',0,0,50,'*','wenxy','创建人名称','2019-06-11 01:40:35',NULL),(1287,70,0,'更新时间','updateTime','String',0,0,19,'*','2016-12-27 15:11:55','更新时间','2019-06-11 01:40:35',NULL),(1288,70,0,'更新人ID','updateId','Long',0,0,11,'*','11','更新人ID','2019-06-11 01:40:35',NULL),(1289,70,0,'更信人名称','updateUser','String',0,0,50,'*','wenxy','更信人名称','2019-06-11 01:40:35',NULL),(1290,70,NULL,'用户id','user_id','bigint',0,0,NULL,NULL,NULL,NULL,'2019-06-11 01:40:35',NULL),(1291,70,NULL,'佩戴记录id','wear_id','bigint',0,1,NULL,NULL,NULL,NULL,'2019-06-11 01:40:35',NULL),(1292,70,NULL,'血糖值','value_','decimal',0,0,NULL,NULL,NULL,NULL,'2019-06-11 01:40:35',NULL),(1293,70,NULL,'电流值','current_value','decimal',0,1,NULL,NULL,NULL,NULL,'2019-06-11 01:40:35',NULL),(1294,70,NULL,'采集时间','collected_time','varchar',0,1,19,NULL,NULL,NULL,'2019-06-11 01:40:35',NULL),(1295,70,NULL,'创建时间','created_time','varchar',0,0,19,NULL,NULL,NULL,'2019-06-11 01:40:35',NULL),(1296,70,NULL,'','voltage_','decimal',0,0,NULL,NULL,NULL,NULL,'2019-06-11 01:40:35',NULL),(1297,71,1,'ID','id','Long',0,0,11,'*','11','主键','2019-06-11 01:40:35',NULL),(1298,71,0,'已删除','deleted','Integer',0,0,1,'*','0','逻辑删除标志','2019-06-11 01:40:35',NULL),(1299,71,0,'创建时间','createTime','String',0,0,19,'*','2016-12-27 14:59:16','时间格式字符串','2019-06-11 01:40:35',NULL),(1300,71,0,'创建人ID','createId','Long',0,0,11,'*','11','创建人ID','2019-06-11 01:40:35',NULL),(1301,71,0,'创建人名称','createUser','String',0,0,50,'*','wenxy','创建人名称','2019-06-11 01:40:35',NULL),(1302,71,0,'更新时间','updateTime','String',0,0,19,'*','2016-12-27 15:11:55','更新时间','2019-06-11 01:40:35',NULL),(1303,71,0,'更新人ID','updateId','Long',0,0,11,'*','11','更新人ID','2019-06-11 01:40:35',NULL),(1304,71,0,'更信人名称','updateUser','String',0,0,50,'*','wenxy','更信人名称','2019-06-11 01:40:35',NULL),(1305,71,NULL,'血糖值,mmol/l','value_','decimal',0,0,NULL,NULL,NULL,NULL,'2019-06-11 01:40:35',NULL),(1306,71,NULL,'数据时间(HH:m)','time_','varchar',0,0,4,NULL,NULL,NULL,'2019-06-11 01:40:35',NULL),(1307,72,1,'ID','id','Long',0,0,11,'*','11','主键','2019-06-11 01:40:35',NULL),(1308,72,0,'已删除','deleted','Integer',0,0,1,'*','0','逻辑删除标志','2019-06-11 01:40:35',NULL),(1309,72,0,'创建时间','createTime','String',0,0,19,'*','2016-12-27 14:59:16','时间格式字符串','2019-06-11 01:40:35',NULL),(1310,72,0,'创建人ID','createId','Long',0,0,11,'*','11','创建人ID','2019-06-11 01:40:35',NULL),(1311,72,0,'创建人名称','createUser','String',0,0,50,'*','wenxy','创建人名称','2019-06-11 01:40:35',NULL),(1312,72,0,'更新时间','updateTime','String',0,0,19,'*','2016-12-27 15:11:55','更新时间','2019-06-11 01:40:35',NULL),(1313,72,0,'更新人ID','updateId','Long',0,0,11,'*','11','更新人ID','2019-06-11 01:40:35',NULL),(1314,72,0,'更信人名称','updateUser','String',0,0,50,'*','wenxy','更信人名称','2019-06-11 01:40:35',NULL),(1315,72,NULL,'血糖值,mmol/l','value_','decimal',0,0,NULL,NULL,NULL,NULL,'2019-06-11 01:40:35',NULL),(1316,72,NULL,'数据时间(HH:m)','time_','varchar',0,0,4,NULL,NULL,NULL,'2019-06-11 01:40:35',NULL),(1317,73,1,'ID','id','Long',0,0,11,'*','11','主键','2019-06-11 01:40:36',NULL),(1318,73,0,'已删除','deleted','Integer',0,0,1,'*','0','逻辑删除标志','2019-06-11 01:40:36',NULL),(1319,73,0,'创建时间','createTime','String',0,0,19,'*','2016-12-27 14:59:16','时间格式字符串','2019-06-11 01:40:36',NULL),(1320,73,0,'创建人ID','createId','Long',0,0,11,'*','11','创建人ID','2019-06-11 01:40:36',NULL),(1321,73,0,'创建人名称','createUser','String',0,0,50,'*','wenxy','创建人名称','2019-06-11 01:40:36',NULL),(1322,73,0,'更新时间','updateTime','String',0,0,19,'*','2016-12-27 15:11:55','更新时间','2019-06-11 01:40:36',NULL),(1323,73,0,'更新人ID','updateId','Long',0,0,11,'*','11','更新人ID','2019-06-11 01:40:36',NULL),(1324,73,0,'更信人名称','updateUser','String',0,0,50,'*','wenxy','更信人名称','2019-06-11 01:40:36',NULL),(1325,73,NULL,'患者用户ID','user_id','bigint',0,0,NULL,NULL,NULL,NULL,'2019-06-11 01:40:36',NULL),(1326,73,NULL,'住院号','hospital_code','varchar',0,1,30,NULL,NULL,NULL,'2019-06-11 01:40:36',NULL),(1327,73,NULL,'医保卡号','insurance_id','varchar',0,1,30,NULL,NULL,NULL,'2019-06-11 01:40:36',NULL),(1328,73,NULL,'身高(cm)','height_','decimal',0,1,NULL,NULL,NULL,NULL,'2019-06-11 01:40:36',NULL),(1329,73,NULL,'所在省','province_','varchar',0,1,30,NULL,NULL,NULL,'2019-06-11 01:40:36',NULL),(1330,73,NULL,'所在市','city_','varchar',0,1,30,NULL,NULL,NULL,'2019-06-11 01:40:36',NULL),(1331,73,NULL,'所在区','area_','varchar',0,1,30,NULL,NULL,NULL,'2019-06-11 01:40:36',NULL),(1332,73,NULL,'糖尿病类型 1','dm_type','int',0,1,NULL,NULL,NULL,NULL,'2019-06-11 01:40:36',NULL),(1333,73,NULL,'从事行业','industry_','varchar',0,1,30,NULL,NULL,NULL,'2019-06-11 01:40:36',NULL),(1334,73,NULL,'从事职业','job_','varchar',0,1,30,NULL,NULL,NULL,'2019-06-11 01:40:36',NULL),(1335,73,NULL,'不良孕产史','abnormal_pregnancy','varchar',0,1,20,NULL,NULL,NULL,'2019-06-11 01:40:36',NULL),(1336,73,NULL,'不良孕产史备注','abnormal_pregnancy_desc','varchar',0,1,500,NULL,NULL,NULL,'2019-06-11 01:40:36',NULL),(1337,73,NULL,'不良家族史','bad_family','varchar',0,1,1000,NULL,NULL,NULL,'2019-06-11 01:40:36',NULL),(1338,73,NULL,'最高血糖告警值','high_alarm','decimal',0,1,NULL,NULL,NULL,NULL,'2019-06-11 01:40:36',NULL),(1339,73,NULL,'最低血糖告警值','low_alarm','decimal',0,1,NULL,NULL,NULL,NULL,'2019-06-11 01:40:36',NULL),(1340,73,NULL,'高血糖持续时长(分钟)','high_sustain_time','int',0,1,NULL,NULL,NULL,NULL,'2019-06-11 01:40:36',NULL),(1341,73,NULL,'低血糖持续时长(分钟)','low_sustain_time','int',0,1,NULL,NULL,NULL,NULL,'2019-06-11 01:40:36',NULL),(1342,73,NULL,'既往史','past_history','varchar',0,1,20,NULL,NULL,NULL,'2019-06-11 01:40:36',NULL),(1343,73,NULL,'既往史备注','past_history_desc','varchar',0,1,500,NULL,NULL,NULL,'2019-06-11 01:40:36',NULL),(1344,73,NULL,'手术史','surgery_history','varchar',0,1,20,NULL,NULL,NULL,'2019-06-11 01:40:36',NULL),(1345,73,NULL,'手术史备注','surgery_history_desc','varchar',0,1,500,NULL,NULL,NULL,'2019-06-11 01:40:36',NULL),(1346,73,NULL,'初产年龄','first_age','int',0,1,NULL,NULL,NULL,NULL,'2019-06-11 01:40:36',NULL),(1347,73,NULL,'家庭人均月收入','avg_revenue','decimal',0,1,NULL,NULL,NULL,NULL,'2019-06-11 01:40:36',NULL),(1348,73,NULL,'体重','weight_','decimal',0,1,NULL,NULL,NULL,NULL,'2019-06-11 01:40:36',NULL),(1349,73,NULL,'最后活动时间','last_active_time','varchar',0,1,19,NULL,NULL,NULL,'2019-06-11 01:40:36',NULL),(1350,73,NULL,'','waistline_','decimal',0,1,NULL,NULL,NULL,NULL,'2019-06-11 01:40:36',NULL),(1351,73,NULL,'','systolic_pressure','decimal',0,1,NULL,NULL,NULL,NULL,'2019-06-11 01:40:36',NULL),(1352,73,NULL,'','have_family_history','tinyint',0,1,NULL,NULL,NULL,NULL,'2019-06-11 01:40:36',NULL),(1353,73,NULL,'','open_alarm','tinyint',0,0,NULL,NULL,NULL,NULL,'2019-06-11 01:40:36',NULL),(1354,73,NULL,'0-无糖尿病,1-I型糖尿病,2-II型糖尿病','glucose_type','int',0,0,NULL,NULL,NULL,NULL,'2019-06-11 01:40:36',NULL),(1355,74,1,'ID','id','Long',0,0,11,'*','11','主键','2019-06-11 01:40:36',NULL),(1356,74,0,'已删除','deleted','Integer',0,0,1,'*','0','逻辑删除标志','2019-06-11 01:40:36',NULL),(1357,74,0,'创建时间','createTime','String',0,0,19,'*','2016-12-27 14:59:16','时间格式字符串','2019-06-11 01:40:36',NULL),(1358,74,0,'创建人ID','createId','Long',0,0,11,'*','11','创建人ID','2019-06-11 01:40:36',NULL),(1359,74,0,'创建人名称','createUser','String',0,0,50,'*','wenxy','创建人名称','2019-06-11 01:40:36',NULL),(1360,74,0,'更新时间','updateTime','String',0,0,19,'*','2016-12-27 15:11:55','更新时间','2019-06-11 01:40:36',NULL),(1361,74,0,'更新人ID','updateId','Long',0,0,11,'*','11','更新人ID','2019-06-11 01:40:36',NULL),(1362,74,0,'更信人名称','updateUser','String',0,0,50,'*','wenxy','更信人名称','2019-06-11 01:40:36',NULL),(1363,74,NULL,'','id_','int',0,0,NULL,NULL,NULL,NULL,'2019-06-11 01:40:36',NULL),(1364,74,NULL,'用户id','user_id','int',0,0,NULL,NULL,NULL,NULL,'2019-06-11 01:40:36',NULL),(1365,74,NULL,'日期','day_','varchar',0,1,10,NULL,NULL,NULL,'2019-06-11 01:40:36',NULL),(1366,74,NULL,'有效点','valid_count','int',0,1,NULL,NULL,NULL,NULL,'2019-06-11 01:40:36',NULL),(1367,74,NULL,'有效时间(以小时为单位)','valid_time','int',0,1,NULL,NULL,NULL,NULL,'2019-06-11 01:40:36',NULL),(1368,74,NULL,'事件数','event_count','int',0,1,NULL,NULL,NULL,NULL,'2019-06-11 01:40:36',NULL),(1369,74,NULL,'参比数','refer_count','int',0,1,NULL,NULL,NULL,NULL,'2019-06-11 01:40:36',NULL),(1370,74,NULL,'最早时间','start_time','varchar',0,1,19,NULL,NULL,NULL,'2019-06-11 01:40:36',NULL),(1371,74,NULL,'最后时间','end_time','varchar',0,1,19,NULL,NULL,NULL,'2019-06-11 01:40:36',NULL),(1372,74,NULL,'最高血糖值','max_','decimal',0,1,NULL,NULL,NULL,NULL,'2019-06-11 01:40:36',NULL),(1373,74,NULL,'最低血糖值','min_','decimal',0,1,NULL,NULL,NULL,NULL,'2019-06-11 01:40:36',NULL),(1374,74,NULL,'葡萄糖平均值','avg_','decimal',0,1,NULL,NULL,NULL,NULL,'2019-06-11 01:40:36',NULL),(1375,74,NULL,'最大血糖波动幅度','lage_','decimal',0,1,NULL,NULL,NULL,NULL,'2019-06-11 01:40:36',NULL),(1376,74,NULL,'血糖水平标准差','sdbg_','decimal',0,1,NULL,NULL,NULL,NULL,'2019-06-11 01:40:36',NULL),(1377,74,NULL,'日间血糖平均绝对差','avg_diff','decimal',0,1,NULL,NULL,NULL,NULL,'2019-06-11 01:40:36',NULL),(1378,74,NULL,'血糖曲线下面积—高血糖','area_high','decimal',0,1,NULL,NULL,NULL,NULL,'2019-06-11 01:40:36',NULL),(1379,74,NULL,'血糖曲线下面积—低血糖','area_low','decimal',0,1,NULL,NULL,NULL,NULL,'2019-06-11 01:40:36',NULL),(1380,74,NULL,'早餐后2小时平均值','breakfast_avg','decimal',0,1,NULL,NULL,NULL,NULL,'2019-06-11 01:40:36',NULL),(1381,74,NULL,'早餐后2小时最小值','breakfast_min','decimal',0,1,NULL,NULL,NULL,NULL,'2019-06-11 01:40:36',NULL),(1382,74,NULL,'早餐后2小时最大值','breakfast_max','decimal',0,1,NULL,NULL,NULL,NULL,'2019-06-11 01:40:36',NULL),(1383,74,NULL,'午餐后2小时平均值','lunch_avg','decimal',0,1,NULL,NULL,NULL,NULL,'2019-06-11 01:40:36',NULL),(1384,74,NULL,'午餐后2小时最小值','lunch_min','decimal',0,1,NULL,NULL,NULL,NULL,'2019-06-11 01:40:36',NULL),(1385,74,NULL,'午餐后2小时最大值','lunch_max','decimal',0,1,NULL,NULL,NULL,NULL,'2019-06-11 01:40:36',NULL),(1386,74,NULL,'晚餐后2小时平均值','supper_avg','decimal',0,1,NULL,NULL,NULL,NULL,'2019-06-11 01:40:36',NULL),(1387,74,NULL,'晚餐后2小时最小值','supper_min','decimal',0,1,NULL,NULL,NULL,NULL,'2019-06-11 01:40:36',NULL),(1388,74,NULL,'晚餐后2小时最大值','supper_max','decimal',0,1,NULL,NULL,NULL,NULL,'2019-06-11 01:40:36',NULL),(1389,74,NULL,'高血糖百分比>=11.1','high_percent','decimal',0,1,NULL,NULL,NULL,NULL,'2019-06-11 01:40:36',NULL),(1390,74,NULL,'高血糖百分比>=7.8','high7_percent','decimal',0,1,NULL,NULL,NULL,NULL,'2019-06-11 01:40:36',NULL),(1391,74,NULL,'正常血糖百分比3.9~7.8','normal_percent','decimal',0,1,NULL,NULL,NULL,NULL,'2019-06-11 01:40:36',NULL),(1392,74,NULL,'低血糖百分比<=3.9','low_percent','decimal',0,1,NULL,NULL,NULL,NULL,'2019-06-11 01:40:36',NULL),(1393,74,NULL,'','modd_','decimal',0,1,NULL,NULL,NULL,NULL,'2019-06-11 01:40:36',NULL),(1394,75,1,'ID','id','Long',0,0,11,'*','11','主键','2019-06-11 01:40:36',NULL),(1395,75,0,'已删除','deleted','Integer',0,0,1,'*','0','逻辑删除标志','2019-06-11 01:40:36',NULL),(1396,75,0,'创建时间','createTime','String',0,0,19,'*','2016-12-27 14:59:16','时间格式字符串','2019-06-11 01:40:36',NULL),(1397,75,0,'创建人ID','createId','Long',0,0,11,'*','11','创建人ID','2019-06-11 01:40:36',NULL),(1398,75,0,'创建人名称','createUser','String',0,0,50,'*','wenxy','创建人名称','2019-06-11 01:40:36',NULL),(1399,75,0,'更新时间','updateTime','String',0,0,19,'*','2016-12-27 15:11:55','更新时间','2019-06-11 01:40:36',NULL),(1400,75,0,'更新人ID','updateId','Long',0,0,11,'*','11','更新人ID','2019-06-11 01:40:36',NULL),(1401,75,0,'更信人名称','updateUser','String',0,0,50,'*','wenxy','更信人名称','2019-06-11 01:40:36',NULL),(1402,75,NULL,'主键','id_','bigint',0,0,NULL,NULL,NULL,NULL,'2019-06-11 01:40:36',NULL),(1403,75,NULL,'用户id','user_id','bigint',0,0,NULL,NULL,NULL,NULL,'2019-06-11 01:40:36',NULL),(1404,75,NULL,'血糖单位 1-mmol/L 2-mg/dl','unit_','int',0,0,NULL,NULL,NULL,NULL,'2019-06-11 01:40:36',NULL),(1405,75,NULL,'血糖','value_','decimal',0,0,NULL,NULL,NULL,NULL,'2019-06-11 01:40:36',NULL),(1406,75,NULL,'采集时间','collected_time','varchar',0,1,19,NULL,NULL,NULL,'2019-06-11 01:40:36',NULL),(1407,75,NULL,'创建时间','created_time','varchar',0,0,19,NULL,NULL,NULL,'2019-06-11 01:40:36',NULL),(1408,75,NULL,'相对差平均值','mard_','decimal',0,1,NULL,NULL,NULL,NULL,'2019-06-11 01:40:36',NULL),(1409,75,NULL,'佩戴记录id','wear_id','bigint',0,1,NULL,NULL,NULL,NULL,'2019-06-11 01:40:36',NULL),(1410,75,NULL,'100-upload init 110-hide on graph 111-hide on app 200-handle create 210-push to app 211-drop on app','status_','int',0,1,NULL,NULL,NULL,NULL,'2019-06-11 01:40:36',NULL),(1411,76,1,'ID','id','Long',0,0,11,'*','11','主键','2019-06-11 01:40:36',NULL),(1412,76,0,'已删除','deleted','Integer',0,0,1,'*','0','逻辑删除标志','2019-06-11 01:40:36',NULL),(1413,76,0,'创建时间','createTime','String',0,0,19,'*','2016-12-27 14:59:16','时间格式字符串','2019-06-11 01:40:36',NULL),(1414,76,0,'创建人ID','createId','Long',0,0,11,'*','11','创建人ID','2019-06-11 01:40:36',NULL),(1415,76,0,'创建人名称','createUser','String',0,0,50,'*','wenxy','创建人名称','2019-06-11 01:40:36',NULL),(1416,76,0,'更新时间','updateTime','String',0,0,19,'*','2016-12-27 15:11:55','更新时间','2019-06-11 01:40:36',NULL),(1417,76,0,'更新人ID','updateId','Long',0,0,11,'*','11','更新人ID','2019-06-11 01:40:36',NULL),(1418,76,0,'更信人名称','updateUser','String',0,0,50,'*','wenxy','更信人名称','2019-06-11 01:40:36',NULL),(1419,76,NULL,'主键','id_','bigint',0,0,NULL,NULL,NULL,NULL,'2019-06-11 01:40:36',NULL),(1420,76,NULL,'名称','name_','varchar',0,0,60,NULL,NULL,NULL,'2019-06-11 01:40:36',NULL),(1421,76,NULL,'版本','version_','varchar',0,0,32,NULL,NULL,NULL,'2019-06-11 01:40:36',NULL),(1422,76,NULL,'版本数字','version_num','int',0,1,NULL,NULL,NULL,NULL,'2019-06-11 01:40:36',NULL),(1423,76,NULL,'语言','language_','varchar',0,1,10,NULL,NULL,NULL,'2019-06-11 01:40:36',NULL),(1424,76,NULL,'类型,1:PC客户端;2:手机客户端','type_','int',0,1,NULL,NULL,NULL,NULL,'2019-06-11 01:40:36',NULL),(1425,76,NULL,'安装包附件id','file_id','bigint',0,1,NULL,NULL,NULL,NULL,'2019-06-11 01:40:36',NULL),(1426,76,NULL,'版本说明','release_note','varchar',0,1,500,NULL,NULL,NULL,'2019-06-11 01:40:36',NULL),(1427,76,NULL,'发布人id','creator_id','bigint',0,0,NULL,NULL,NULL,NULL,'2019-06-11 01:40:36',NULL),(1428,76,NULL,'发布时间','created_time','varchar',0,0,19,NULL,NULL,NULL,'2019-06-11 01:40:36',NULL),(1429,77,1,'ID','id','Long',0,0,11,'*','11','主键','2019-06-11 01:40:36',NULL),(1430,77,0,'已删除','deleted','Integer',0,0,1,'*','0','逻辑删除标志','2019-06-11 01:40:36',NULL),(1431,77,0,'创建时间','createTime','String',0,0,19,'*','2016-12-27 14:59:16','时间格式字符串','2019-06-11 01:40:36',NULL),(1432,77,0,'创建人ID','createId','Long',0,0,11,'*','11','创建人ID','2019-06-11 01:40:36',NULL),(1433,77,0,'创建人名称','createUser','String',0,0,50,'*','wenxy','创建人名称','2019-06-11 01:40:36',NULL),(1434,77,0,'更新时间','updateTime','String',0,0,19,'*','2016-12-27 15:11:55','更新时间','2019-06-11 01:40:36',NULL),(1435,77,0,'更新人ID','updateId','Long',0,0,11,'*','11','更新人ID','2019-06-11 01:40:36',NULL),(1436,77,0,'更信人名称','updateUser','String',0,0,50,'*','wenxy','更信人名称','2019-06-11 01:40:36',NULL),(1437,77,NULL,'','id_','bigint',0,0,NULL,NULL,NULL,NULL,'2019-06-11 01:40:36',NULL),(1438,77,NULL,'视频标题','title_','varchar',0,0,50,NULL,NULL,NULL,'2019-06-11 01:40:36',NULL),(1439,77,NULL,'视频文件附件id','video_id','bigint',0,1,NULL,NULL,NULL,NULL,'2019-06-11 01:40:36',NULL),(1440,77,NULL,'图片文件附件id','image_id','bigint',0,1,NULL,NULL,NULL,NULL,'2019-06-11 01:40:36',NULL),(1441,77,NULL,'创建时间','created_time','varchar',0,1,19,NULL,NULL,NULL,'2019-06-11 01:40:36',NULL),(1442,77,NULL,'创建人','creator_id','bigint',0,1,NULL,NULL,NULL,NULL,'2019-06-11 01:40:36',NULL),(1443,77,NULL,'浏览次数','times_','int',0,1,NULL,NULL,NULL,NULL,'2019-06-11 01:40:36',NULL),(1444,78,1,'ID','id','Long',0,0,11,'*','11','主键','2019-06-11 01:40:36',NULL),(1445,78,0,'已删除','deleted','Integer',0,0,1,'*','0','逻辑删除标志','2019-06-11 01:40:36',NULL),(1446,78,0,'创建时间','createTime','String',0,0,19,'*','2016-12-27 14:59:16','时间格式字符串','2019-06-11 01:40:36',NULL),(1447,78,0,'创建人ID','createId','Long',0,0,11,'*','11','创建人ID','2019-06-11 01:40:36',NULL),(1448,78,0,'创建人名称','createUser','String',0,0,50,'*','wenxy','创建人名称','2019-06-11 01:40:36',NULL),(1449,78,0,'更新时间','updateTime','String',0,0,19,'*','2016-12-27 15:11:55','更新时间','2019-06-11 01:40:36',NULL),(1450,78,0,'更新人ID','updateId','Long',0,0,11,'*','11','更新人ID','2019-06-11 01:40:36',NULL),(1451,78,0,'更信人名称','updateUser','String',0,0,50,'*','wenxy','更信人名称','2019-06-11 01:40:36',NULL),(1452,78,NULL,'','id_','bigint',0,0,NULL,NULL,NULL,NULL,'2019-06-11 01:40:36',NULL),(1453,78,NULL,'','user_id','bigint',0,0,NULL,NULL,NULL,NULL,'2019-06-11 01:40:36',NULL),(1454,78,NULL,'开始时间','start_time','varchar',0,0,19,NULL,NULL,NULL,'2019-06-11 01:40:36',NULL),(1455,78,NULL,'结束时间','end_time','varchar',0,1,19,NULL,NULL,NULL,'2019-06-11 01:40:36',NULL),(1456,78,NULL,'发射器编号','emitter_code','varchar',0,1,50,NULL,NULL,NULL,'2019-06-11 01:40:36',NULL),(1457,78,NULL,'传感器批号','sensor_code','varchar',0,1,50,NULL,NULL,NULL,'2019-06-11 01:40:36',NULL),(1458,78,NULL,'创建时间','created_time','varchar',0,1,19,NULL,NULL,NULL,'2019-06-11 01:40:36',NULL),(1459,78,NULL,'创建人id','creator_id','bigint',0,1,NULL,NULL,NULL,NULL,'2019-06-11 01:40:36',NULL),(1460,78,NULL,'采集血糖数','glucose_count','int',0,1,NULL,NULL,NULL,NULL,'2019-06-11 01:40:36',NULL),(1461,78,NULL,'平均血糖值','avg_glucose','decimal',0,1,NULL,NULL,NULL,NULL,'2019-06-11 01:40:36',NULL),(1462,78,NULL,'最大血糖值','max_glucose','decimal',0,1,NULL,NULL,NULL,NULL,'2019-06-11 01:40:36',NULL),(1463,78,NULL,'最小血糖值','min_glucose','decimal',0,1,NULL,NULL,NULL,NULL,'2019-06-11 01:40:36',NULL),(1464,78,NULL,'血糖水平标准差','sdbg_','decimal',0,1,NULL,NULL,NULL,NULL,'2019-06-11 01:40:36',NULL),(1465,78,NULL,'佩戴状态:1-佩戴中,2-佩戴结束','status_','int',0,1,NULL,NULL,NULL,NULL,'2019-06-11 01:40:36',NULL),(1466,78,NULL,'血糖单位','unit_','int',0,1,NULL,NULL,NULL,NULL,'2019-06-11 01:40:36',NULL),(1467,78,NULL,'数据来源软件版本(android(1.开始)、ios(2.开始)、pc(3.开始))','version_','varchar',0,1,30,NULL,NULL,NULL,'2019-06-11 01:40:36',NULL),(1468,78,NULL,'设备类型 1-TA 2-TB 3-TC 4-TH','device_type','int',0,1,NULL,NULL,NULL,NULL,'2019-06-11 01:40:36',NULL),(1469,78,NULL,'','quality_','int',0,1,NULL,NULL,NULL,NULL,'2019-06-11 01:40:36',NULL),(1470,78,NULL,'相对差平均值','mard_','decimal',0,0,NULL,NULL,NULL,NULL,'2019-06-11 01:40:36',NULL),(1471,78,NULL,'最大mard','mard_max','decimal',0,0,NULL,NULL,NULL,NULL,'2019-06-11 01:40:36',NULL),(1472,78,NULL,'最小mard','mard_min','decimal',0,0,NULL,NULL,NULL,NULL,'2019-06-11 01:40:36',NULL),(1473,78,NULL,'','high_percent','decimal',0,0,NULL,NULL,NULL,NULL,'2019-06-11 01:40:36',NULL),(1474,78,NULL,'','low_percent','decimal',0,0,NULL,NULL,NULL,NULL,'2019-06-11 01:40:36',NULL),(1475,78,NULL,'餐后血糖','postprandial_glucose','decimal',0,0,NULL,NULL,NULL,NULL,'2019-06-11 01:40:36',NULL),(1476,78,NULL,'空腹血糖','fasting_glucose','decimal',0,0,NULL,NULL,NULL,NULL,'2019-06-11 01:40:36',NULL),(1477,78,NULL,'糖化血红蛋白','glycated_hemoglobin','decimal',0,0,NULL,NULL,NULL,NULL,'2019-06-11 01:40:36',NULL),(1478,78,NULL,'1-E1毛刺 2-E2漂移 3-Hi高电流 4-L1(1~10nA) 5-L2(10~50nA) 6-L3(先低后正常) 7-负电流 8-拉直线 9-先高后低 10-跳电流 21-过短 22-丢弃','current_quality','int',0,1,NULL,NULL,NULL,NULL,'2019-06-11 01:40:36',NULL),(1479,78,NULL,'','complete_status','int',0,1,NULL,NULL,NULL,NULL,'2019-06-11 01:40:36',NULL),(1480,79,1,'ID','id','Long',0,0,11,'*','11','主键','2019-06-11 01:40:37',NULL),(1481,79,0,'已删除','deleted','Integer',0,0,1,'*','0','逻辑删除标志','2019-06-11 01:40:37',NULL),(1482,79,0,'创建时间','createTime','String',0,0,19,'*','2016-12-27 14:59:16','时间格式字符串','2019-06-11 01:40:37',NULL),(1483,79,0,'创建人ID','createId','Long',0,0,11,'*','11','创建人ID','2019-06-11 01:40:37',NULL),(1484,79,0,'创建人名称','createUser','String',0,0,50,'*','wenxy','创建人名称','2019-06-11 01:40:37',NULL),(1485,79,0,'更新时间','updateTime','String',0,0,19,'*','2016-12-27 15:11:55','更新时间','2019-06-11 01:40:37',NULL),(1486,79,0,'更新人ID','updateId','Long',0,0,11,'*','11','更新人ID','2019-06-11 01:40:37',NULL),(1487,79,0,'更信人名称','updateUser','String',0,0,50,'*','wenxy','更信人名称','2019-06-11 01:40:37',NULL),(1488,79,NULL,'','id_','bigint',0,0,NULL,NULL,NULL,NULL,'2019-06-11 01:40:37',NULL),(1489,79,NULL,'患者id','user_id','bigint',0,0,NULL,NULL,NULL,NULL,'2019-06-11 01:40:37',NULL),(1490,79,NULL,'分娩时间','birth_time','varchar',0,0,19,NULL,NULL,NULL,'2019-06-11 01:40:37',NULL),(1491,79,NULL,'分娩孕周','birth_week','int',0,1,NULL,NULL,NULL,NULL,'2019-06-11 01:40:37',NULL),(1492,79,NULL,'分娩孕周(天)','birth_day','int',0,1,NULL,NULL,NULL,NULL,'2019-06-11 01:40:37',NULL),(1493,79,NULL,'胎数','child_count','int',0,1,NULL,NULL,NULL,NULL,'2019-06-11 01:40:37',NULL),(1494,79,NULL,'分娩方式:1-阴道分娩,2-剖宫产','birth_type','int',0,1,NULL,NULL,NULL,NULL,'2019-06-11 01:40:37',NULL),(1495,79,NULL,'产后出血量(ml)','postpartum_hemorrhage','int',0,1,NULL,NULL,NULL,NULL,'2019-06-11 01:40:37',NULL),(1496,79,NULL,'羊水量(ml)','amniotic_volume','int',0,1,NULL,NULL,NULL,NULL,'2019-06-11 01:40:37',NULL),(1497,79,NULL,'羊水性状','amniotic_characteristics','int',0,1,NULL,NULL,NULL,NULL,'2019-06-11 01:40:37',NULL),(1498,79,NULL,'Apgar评分(一分钟)','apgar_one_minute','int',0,1,NULL,NULL,NULL,NULL,'2019-06-11 01:40:37',NULL),(1499,79,NULL,'Apgar评分(五分钟)','apgar_five_minute','int',0,1,NULL,NULL,NULL,NULL,'2019-06-11 01:40:37',NULL),(1500,79,NULL,'Apgar评分(十分钟)','apgar_ten_minute','int',0,1,NULL,NULL,NULL,NULL,'2019-06-11 01:40:37',NULL),(1501,79,NULL,'特殊情况','special_case','int',0,1,NULL,NULL,NULL,NULL,'2019-06-11 01:40:37',NULL),(1502,79,NULL,'性别:1-男,0-女','sex_','int',0,1,NULL,NULL,NULL,NULL,'2019-06-11 01:40:37',NULL),(1503,79,NULL,'体重(kg)','weight_','decimal',0,1,NULL,NULL,NULL,NULL,'2019-06-11 01:40:37',NULL),(1504,79,NULL,'身长(cm)','height_','decimal',0,1,NULL,NULL,NULL,NULL,'2019-06-11 01:40:37',NULL),(1505,79,NULL,'头围(cm)','head_girth','decimal',0,1,NULL,NULL,NULL,NULL,'2019-06-11 01:40:37',NULL),(1506,79,NULL,'胸围(cm)','bust_','decimal',0,1,NULL,NULL,NULL,NULL,'2019-06-11 01:40:37',NULL),(1507,79,NULL,'新生儿疾病','newborn_diseases','varchar',0,1,300,NULL,NULL,NULL,'2019-06-11 01:40:37',NULL),(1508,79,NULL,'围产儿结局','perinatal_outcomes','varchar',0,1,300,NULL,NULL,NULL,'2019-06-11 01:40:37',NULL),(1509,79,NULL,'胎儿畸形','fetal_malformations','varchar',0,1,300,NULL,NULL,NULL,'2019-06-11 01:40:37',NULL),(1510,79,NULL,'即可血糖','right_glucose','decimal',0,1,NULL,NULL,NULL,NULL,'2019-06-11 01:40:37',NULL),(1511,79,NULL,'分娩后一小时','one_hour_glucose','decimal',0,1,NULL,NULL,NULL,NULL,'2019-06-11 01:40:37',NULL),(1512,79,NULL,'分娩后两小时','two_hour_glucose','decimal',0,1,NULL,NULL,NULL,NULL,'2019-06-11 01:40:37',NULL),(1513,79,NULL,'分娩后三小时','three_hour_glucose','decimal',0,1,NULL,NULL,NULL,NULL,'2019-06-11 01:40:37',NULL),(1514,79,NULL,'分娩后四小时','four_hour_glucose','decimal',0,1,NULL,NULL,NULL,NULL,'2019-06-11 01:40:37',NULL),(1515,79,NULL,'分娩后五小时','five_hour_glucose','decimal',0,1,NULL,NULL,NULL,NULL,'2019-06-11 01:40:37',NULL),(1516,79,NULL,'备注(分娩后血糖监测)','after_birth_desc','varchar',0,1,100,NULL,NULL,NULL,'2019-06-11 01:40:37',NULL),(1517,79,NULL,'空腹血糖','fasting_glucose','decimal',0,1,NULL,NULL,NULL,NULL,'2019-06-11 01:40:37',NULL),(1518,79,NULL,'早餐后(2H)血糖','after_breakfast_glucose','decimal',0,1,NULL,NULL,NULL,NULL,'2019-06-11 01:40:37',NULL),(1519,79,NULL,'午餐前血糖','before_lunch_glucose','decimal',0,1,NULL,NULL,NULL,NULL,'2019-06-11 01:40:37',NULL),(1520,79,NULL,'午餐后(2H)血糖','after_lunch_glucose','decimal',0,1,NULL,NULL,NULL,NULL,'2019-06-11 01:40:37',NULL),(1521,79,NULL,'晚餐前血糖','before_supper_glucose','decimal',0,1,NULL,NULL,NULL,NULL,'2019-06-11 01:40:37',NULL),(1522,79,NULL,'晚餐后(2H)血糖','after_supper_glucose','decimal',0,1,NULL,NULL,NULL,NULL,'2019-06-11 01:40:37',NULL),(1523,79,NULL,'临睡前血糖','bedtime_glucose','decimal',0,1,NULL,NULL,NULL,NULL,'2019-06-11 01:40:37',NULL),(1524,79,NULL,'备注(出院前血糖监测)','before_leave_desc','varchar',0,1,100,NULL,NULL,NULL,'2019-06-11 01:40:37',NULL),(1525,79,NULL,'','created_time','varchar',0,1,19,NULL,NULL,NULL,'2019-06-11 01:40:37',NULL),(1526,79,NULL,'','creator_id','bigint',0,1,NULL,NULL,NULL,NULL,'2019-06-11 01:40:37',NULL),(1527,80,1,'ID','id','Long',0,0,11,'*','11','主键','2019-06-11 01:40:37',NULL),(1528,80,0,'已删除','deleted','Integer',0,0,1,'*','0','逻辑删除标志','2019-06-11 01:40:37',NULL),(1529,80,0,'创建时间','createTime','String',0,0,19,'*','2016-12-27 14:59:16','时间格式字符串','2019-06-11 01:40:37',NULL),(1530,80,0,'创建人ID','createId','Long',0,0,11,'*','11','创建人ID','2019-06-11 01:40:37',NULL),(1531,80,0,'创建人名称','createUser','String',0,0,50,'*','wenxy','创建人名称','2019-06-11 01:40:37',NULL),(1532,80,0,'更新时间','updateTime','String',0,0,19,'*','2016-12-27 15:11:55','更新时间','2019-06-11 01:40:37',NULL),(1533,80,0,'更新人ID','updateId','Long',0,0,11,'*','11','更新人ID','2019-06-11 01:40:37',NULL),(1534,80,0,'更信人名称','updateUser','String',0,0,50,'*','wenxy','更信人名称','2019-06-11 01:40:37',NULL),(1535,80,NULL,'','id_','bigint',0,0,NULL,NULL,NULL,NULL,'2019-06-11 01:40:37',NULL),(1536,80,NULL,'患者id','user_id','bigint',0,1,NULL,NULL,NULL,NULL,'2019-06-11 01:40:37',NULL),(1537,80,NULL,'住院号','hospital_code','varchar',0,0,50,NULL,NULL,NULL,'2019-06-11 01:40:37',NULL),(1538,80,NULL,'入院日期','hospitalized_date','varchar',0,0,19,NULL,NULL,NULL,'2019-06-11 01:40:37',NULL),(1539,80,NULL,'出院日期','leave_date','varchar',0,1,19,NULL,NULL,NULL,'2019-06-11 01:40:37',NULL),(1540,80,NULL,'入院孕周','hospitalized_week','int',0,0,NULL,NULL,NULL,NULL,'2019-06-11 01:40:37',NULL),(1541,80,NULL,'入院天数','hospitalized_day','int',0,1,NULL,NULL,NULL,NULL,'2019-06-11 01:40:37',NULL),(1542,80,NULL,'孕次','pregnant_times','int',0,1,NULL,NULL,NULL,NULL,'2019-06-11 01:40:37',NULL),(1543,80,NULL,'产次','birth_times','int',0,1,NULL,NULL,NULL,NULL,'2019-06-11 01:40:37',NULL),(1544,80,NULL,'胰岛素治疗:0-否,1-是','is_insulin_treatment','int',0,1,NULL,NULL,NULL,NULL,'2019-06-11 01:40:37',NULL),(1545,80,NULL,'合并症:0-否,1-是','is_merge_disease','int',0,1,NULL,NULL,NULL,NULL,'2019-06-11 01:40:37',NULL),(1546,80,NULL,'子痫前期:1-轻度,2-重度','merge_preeclampsia','int',0,1,NULL,NULL,NULL,NULL,'2019-06-11 01:40:37',NULL),(1547,80,NULL,'子痫:0-无,1-有','eclampsia_','int',0,1,NULL,NULL,NULL,NULL,'2019-06-11 01:40:37',NULL),(1548,80,NULL,'HELLP:0-无,1-有','hellp_','int',0,1,NULL,NULL,NULL,NULL,'2019-06-11 01:40:37',NULL),(1549,80,NULL,'妊娠期高血压:0-否,1-是','gestational_hypertension','int',0,1,NULL,NULL,NULL,NULL,'2019-06-11 01:40:37',NULL),(1550,80,NULL,'慢性高血压:0-无,1-有','chronic_hypertension','int',0,1,NULL,NULL,NULL,NULL,'2019-06-11 01:40:37',NULL),(1551,80,NULL,'甲状腺疾病','thyroid_disease','int',0,1,NULL,NULL,NULL,NULL,'2019-06-11 01:40:37',NULL),(1552,80,NULL,'血脂异常:0-无,1-有','dyslipidemia_','int',0,1,NULL,NULL,NULL,NULL,'2019-06-11 01:40:37',NULL),(1553,80,NULL,'羊水量','amniotic_volume','int',0,1,NULL,NULL,NULL,NULL,'2019-06-11 01:40:37',NULL),(1554,80,NULL,'妊娠期肝内胆汁淤积症:0-无,1-有','cholestasis_','int',0,1,NULL,NULL,NULL,NULL,'2019-06-11 01:40:37',NULL),(1555,80,NULL,'胎儿生长受限:0-无,1-有','fetal_growth_restriction','int',0,1,NULL,NULL,NULL,NULL,'2019-06-11 01:40:37',NULL),(1556,80,NULL,'肾炎:0-无,1-有','nephritis_','int',0,1,NULL,NULL,NULL,NULL,'2019-06-11 01:40:37',NULL),(1557,80,NULL,'感染(多选)','infection_','varchar',0,1,8,NULL,NULL,NULL,'2019-06-11 01:40:37',NULL),(1558,80,NULL,'合并心脏病','merge_heart','int',0,1,NULL,NULL,NULL,NULL,'2019-06-11 01:40:37',NULL),(1559,80,NULL,'贫血:0-无,1-轻度,2-重度','anemia_','int',0,1,NULL,NULL,NULL,NULL,'2019-06-11 01:40:37',NULL),(1560,80,NULL,'胎盘早剥:0-无,1-有','abruption_','int',0,1,NULL,NULL,NULL,NULL,'2019-06-11 01:40:37',NULL),(1561,80,NULL,'前置胎盘','placenta_previa','int',0,1,NULL,NULL,NULL,NULL,'2019-06-11 01:40:37',NULL),(1562,80,NULL,'羊水性状','amniotic_characteristics','int',0,1,NULL,NULL,NULL,NULL,'2019-06-11 01:40:37',NULL),(1563,80,NULL,'胎膜早破:0-无,1-有','prom_','int',0,1,NULL,NULL,NULL,NULL,'2019-06-11 01:40:37',NULL),(1564,80,NULL,'瘢痕子宫:0-无,1-有','uterine_scar','int',0,1,NULL,NULL,NULL,NULL,'2019-06-11 01:40:37',NULL),(1565,80,NULL,'出院诊断','hospital_diagnosis','varchar',0,1,1000,NULL,NULL,NULL,'2019-06-11 01:40:37',NULL),(1566,80,NULL,'','created_time','varchar',0,1,19,NULL,NULL,NULL,'2019-06-11 01:40:37',NULL),(1567,80,NULL,'','creator_id','bigint',0,1,NULL,NULL,NULL,NULL,'2019-06-11 01:40:37',NULL),(1568,81,1,'ID','id','Long',0,0,11,'*','11','主键','2019-06-11 01:40:37',NULL),(1569,81,0,'已删除','deleted','Integer',0,0,1,'*','0','逻辑删除标志','2019-06-11 01:40:37',NULL),(1570,81,0,'创建时间','createTime','String',0,0,19,'*','2016-12-27 14:59:16','时间格式字符串','2019-06-11 01:40:37',NULL),(1571,81,0,'创建人ID','createId','Long',0,0,11,'*','11','创建人ID','2019-06-11 01:40:37',NULL),(1572,81,0,'创建人名称','createUser','String',0,0,50,'*','wenxy','创建人名称','2019-06-11 01:40:37',NULL),(1573,81,0,'更新时间','updateTime','String',0,0,19,'*','2016-12-27 15:11:55','更新时间','2019-06-11 01:40:37',NULL),(1574,81,0,'更新人ID','updateId','Long',0,0,11,'*','11','更新人ID','2019-06-11 01:40:37',NULL),(1575,81,0,'更信人名称','updateUser','String',0,0,50,'*','wenxy','更信人名称','2019-06-11 01:40:37',NULL),(1576,81,NULL,'','id_','bigint',0,0,NULL,NULL,NULL,NULL,'2019-06-11 01:40:37',NULL),(1577,81,NULL,'患者id','user_id','bigint',0,0,NULL,NULL,NULL,NULL,'2019-06-11 01:40:37',NULL),(1578,81,NULL,'随访日期','record_date','varchar',0,1,10,NULL,NULL,NULL,'2019-06-11 01:40:37',NULL),(1579,81,NULL,'分娩日期','birth_date','varchar',0,1,10,NULL,NULL,NULL,'2019-06-11 01:40:37',NULL),(1580,81,NULL,'目前体重(kg)','weight_','decimal',0,1,NULL,NULL,NULL,NULL,'2019-06-11 01:40:37',NULL),(1581,81,NULL,'腰围(cm)','waist_','decimal',0,1,NULL,NULL,NULL,NULL,'2019-06-11 01:40:37',NULL),(1582,81,NULL,'臀围(cm)','hips_','decimal',0,1,NULL,NULL,NULL,NULL,'2019-06-11 01:40:37',NULL),(1583,81,NULL,'目前血压(mmHg)','now_pressure','varchar',0,1,15,NULL,NULL,NULL,'2019-06-11 01:40:37',NULL),(1584,81,NULL,'红细胞(10^9/l)','erythrocyte_','decimal',0,1,NULL,NULL,NULL,NULL,'2019-06-11 01:40:37',NULL),(1585,81,NULL,'血红蛋白(g/l)','hemoglobin_','decimal',0,1,NULL,NULL,NULL,NULL,'2019-06-11 01:40:37',NULL),(1586,81,NULL,'白细胞(10^9/l)','leukocyte_','decimal',0,1,NULL,NULL,NULL,NULL,'2019-06-11 01:40:37',NULL),(1587,81,NULL,'血小板(10^9/l)','platelet_','decimal',0,1,NULL,NULL,NULL,NULL,'2019-06-11 01:40:37',NULL),(1588,81,NULL,'红细胞压积(%)','hematokrit_','decimal',0,1,NULL,NULL,NULL,NULL,'2019-06-11 01:40:37',NULL),(1589,81,NULL,'尿蛋白','urine_protein','int',0,1,NULL,NULL,NULL,NULL,'2019-06-11 01:40:37',NULL),(1590,81,NULL,'尿蛋白定量(g/l)','ration_','decimal',0,1,NULL,NULL,NULL,NULL,'2019-06-11 01:40:37',NULL),(1591,81,NULL,'尿糖','urine_sugar','int',0,1,NULL,NULL,NULL,NULL,'2019-06-11 01:40:37',NULL),(1592,81,NULL,'尿酮体','urine_acetone_bodies','int',0,1,NULL,NULL,NULL,NULL,'2019-06-11 01:40:37',NULL),(1593,81,NULL,'管型:1-颗粒,2-透明,3-病理','urethral_tube','int',0,1,NULL,NULL,NULL,NULL,'2019-06-11 01:40:37',NULL),(1594,81,NULL,'单位(个/PL)','urethral_tube_value','int',0,1,NULL,NULL,NULL,NULL,'2019-06-11 01:40:37',NULL),(1595,81,NULL,'糖耐量空腹血糖(mmol/L)','sugar_tolerance_fasting','decimal',0,1,NULL,NULL,NULL,NULL,'2019-06-11 01:40:37',NULL),(1596,81,NULL,'糖耐量一小时血糖(mmol/L)','sugar_tolerance_one_hour','decimal',0,1,NULL,NULL,NULL,NULL,'2019-06-11 01:40:37',NULL),(1597,81,NULL,'糖耐量二小时血糖(mmol/L)','sugar_tolerance_two_hour','decimal',0,1,NULL,NULL,NULL,NULL,'2019-06-11 01:40:37',NULL),(1598,81,NULL,'空腹血糖(mmol/L)','fasting_glucose','decimal',0,1,NULL,NULL,NULL,NULL,'2019-06-11 01:40:37',NULL),(1599,81,NULL,'糖化血红蛋白(%)','glycated_hemoglobin','decimal',0,1,NULL,NULL,NULL,NULL,'2019-06-11 01:40:37',NULL),(1600,81,NULL,'总胆固醇(mmol/L)','total_cholesterol','decimal',0,1,NULL,NULL,NULL,NULL,'2019-06-11 01:40:37',NULL),(1601,81,NULL,'甘油三脂(mmol/L)','triglyceride','decimal',0,1,NULL,NULL,NULL,NULL,'2019-06-11 01:40:37',NULL),(1602,81,NULL,'高密度脂蛋白(mmol/L)','high_density_lipoprotein','decimal',0,1,NULL,NULL,NULL,NULL,'2019-06-11 01:40:37',NULL),(1603,81,NULL,'低密度脂蛋白(mmol/L)','low_density_lipoprotein','decimal',0,1,NULL,NULL,NULL,NULL,'2019-06-11 01:40:37',NULL),(1604,81,NULL,'超重:0-否,1-是','over_weight','int',0,1,NULL,NULL,NULL,NULL,'2019-06-11 01:40:37',NULL),(1605,81,NULL,'肥胖:0-否,1-是','fat_','int',0,1,NULL,NULL,NULL,NULL,'2019-06-11 01:40:37',NULL),(1606,81,NULL,'高血压:0-否,1-是','hypertension_','int',0,1,NULL,NULL,NULL,NULL,'2019-06-11 01:40:37',NULL),(1607,81,NULL,'血脂异常:0-否,1-是','dyslipidemia_','int',0,1,NULL,NULL,NULL,NULL,'2019-06-11 01:40:37',NULL),(1608,81,NULL,'二型糖尿病:0-否,1-是','type_two_diabetes','int',0,1,NULL,NULL,NULL,NULL,'2019-06-11 01:40:37',NULL),(1609,81,NULL,'糖耐量受损:0-否,1-是','impaired_glucose_tolerance','int',0,1,NULL,NULL,NULL,NULL,'2019-06-11 01:40:37',NULL),(1610,81,NULL,'空腹血糖受损:0-否,1-是','impaired_fasting_glucose','int',0,1,NULL,NULL,NULL,NULL,'2019-06-11 01:40:37',NULL),(1611,81,NULL,'','created_time','varchar',0,1,19,NULL,NULL,NULL,'2019-06-11 01:40:37',NULL),(1612,81,NULL,'','creator_id','bigint',0,1,NULL,NULL,NULL,NULL,'2019-06-11 01:40:37',NULL),(1613,82,1,'ID','id','Long',0,0,11,'*','11','主键','2019-06-11 01:40:37',NULL),(1614,82,0,'已删除','deleted','Integer',0,0,1,'*','0','逻辑删除标志','2019-06-11 01:40:37',NULL),(1615,82,0,'创建时间','createTime','String',0,0,19,'*','2016-12-27 14:59:16','时间格式字符串','2019-06-11 01:40:37',NULL),(1616,82,0,'创建人ID','createId','Long',0,0,11,'*','11','创建人ID','2019-06-11 01:40:37',NULL),(1617,82,0,'创建人名称','createUser','String',0,0,50,'*','wenxy','创建人名称','2019-06-11 01:40:37',NULL),(1618,82,0,'更新时间','updateTime','String',0,0,19,'*','2016-12-27 15:11:55','更新时间','2019-06-11 01:40:37',NULL),(1619,82,0,'更新人ID','updateId','Long',0,0,11,'*','11','更新人ID','2019-06-11 01:40:37',NULL),(1620,82,0,'更信人名称','updateUser','String',0,0,50,'*','wenxy','更信人名称','2019-06-11 01:40:37',NULL),(1621,82,NULL,'','id_','bigint',0,0,NULL,NULL,NULL,NULL,'2019-06-11 01:40:37',NULL),(1622,82,NULL,'母亲用户id','user_id','bigint',0,0,NULL,NULL,NULL,NULL,'2019-06-11 01:40:37',NULL),(1623,82,NULL,'随访日期','record_date','varchar',0,1,10,NULL,NULL,NULL,'2019-06-11 01:40:37',NULL),(1624,82,NULL,'出生日期','birth_date','varchar',0,1,10,NULL,NULL,NULL,'2019-06-11 01:40:37',NULL),(1625,82,NULL,'姓名','name_','varchar',0,0,30,NULL,NULL,NULL,'2019-06-11 01:40:37',NULL),(1626,82,NULL,'性别:0-女,1-男','sex_','int',0,0,NULL,NULL,NULL,NULL,'2019-06-11 01:40:37',NULL),(1627,82,NULL,'实足年龄','age_','int',0,0,NULL,NULL,NULL,NULL,'2019-06-11 01:40:37',NULL),(1628,82,NULL,'身高(cm)','height_','decimal',0,1,NULL,NULL,NULL,NULL,'2019-06-11 01:40:37',NULL),(1629,82,NULL,'体重(kg)','weight_','decimal',0,1,NULL,NULL,NULL,NULL,'2019-06-11 01:40:37',NULL),(1630,82,NULL,'头围(cm)','head_girth','decimal',0,1,NULL,NULL,NULL,NULL,'2019-06-11 01:40:37',NULL),(1631,82,NULL,'胸围(cm)','bust_','decimal',0,1,NULL,NULL,NULL,NULL,'2019-06-11 01:40:37',NULL),(1632,82,NULL,'皮下脂肪厚度/肩胛下皮褶厚度(cm)','skinfold_','decimal',0,1,NULL,NULL,NULL,NULL,'2019-06-11 01:40:37',NULL),(1633,82,NULL,'备注(智能及运动发育)','wisc_growth_desc','varchar',0,1,300,NULL,NULL,NULL,'2019-06-11 01:40:37',NULL),(1634,82,NULL,'空腹血糖(mmol/L)','fasting_glucose','decimal',0,1,NULL,NULL,NULL,NULL,'2019-06-11 01:40:37',NULL),(1635,82,NULL,'随即血糖(mmol/L)','immediately_glucose','decimal',0,1,NULL,NULL,NULL,NULL,'2019-06-11 01:40:37',NULL),(1636,82,NULL,'糖耐量空腹血糖(mmol/L)','sugar_tolerance_fasting','decimal',0,1,NULL,NULL,NULL,NULL,'2019-06-11 01:40:37',NULL),(1637,82,NULL,'糖耐量一小时血糖(mmol/L)','sugar_tolerance_one_hour','decimal',0,1,NULL,NULL,NULL,NULL,'2019-06-11 01:40:37',NULL),(1638,82,NULL,'糖耐量二小时血糖(mmol/L)','sugar_tolerance_two_hour','decimal',0,1,NULL,NULL,NULL,NULL,'2019-06-11 01:40:37',NULL),(1639,82,NULL,'总胆固醇(mmol/L)','total_cholesterol','decimal',0,1,NULL,NULL,NULL,NULL,'2019-06-11 01:40:37',NULL),(1640,82,NULL,'甘油三脂(mmol/L)','triglyceride','decimal',0,1,NULL,NULL,NULL,NULL,'2019-06-11 01:40:37',NULL),(1641,82,NULL,'高密度脂蛋白(mmol/L)','high_density_lipoprotein','decimal',0,1,NULL,NULL,NULL,NULL,'2019-06-11 01:40:37',NULL),(1642,82,NULL,'低密度脂蛋白(mmol/L)','low_density_lipoprotein','decimal',0,1,NULL,NULL,NULL,NULL,'2019-06-11 01:40:37',NULL),(1643,82,NULL,'白细胞(10^9/l)','leukocyte_','decimal',0,1,NULL,NULL,NULL,NULL,'2019-06-11 01:40:37',NULL),(1644,82,NULL,'中性粒细胞(%)','neutrophil_','decimal',0,1,NULL,NULL,NULL,NULL,'2019-06-11 01:40:37',NULL),(1645,82,NULL,'淋巴细胞(%)','lymphocyte_','decimal',0,1,NULL,NULL,NULL,NULL,'2019-06-11 01:40:37',NULL),(1646,82,NULL,'红细胞(10^12/l)','erythrocyte_','decimal',0,1,NULL,NULL,NULL,NULL,'2019-06-11 01:40:37',NULL),(1647,82,NULL,'血红蛋白(g/L)','hemoglobin_','decimal',0,1,NULL,NULL,NULL,NULL,'2019-06-11 01:40:37',NULL),(1648,82,NULL,'红细胞压积(%)','hematokrit_','decimal',0,1,NULL,NULL,NULL,NULL,'2019-06-11 01:40:37',NULL),(1649,82,NULL,'血小板(10^9/l)','platelet_','decimal',0,1,NULL,NULL,NULL,NULL,'2019-06-11 01:40:37',NULL),(1650,82,NULL,'尿蛋白(g/L)','urine_protein','decimal',0,1,NULL,NULL,NULL,NULL,'2019-06-11 01:40:37',NULL),(1651,82,NULL,'尿蛋白定量(g/L)','ration_','decimal',0,1,NULL,NULL,NULL,NULL,'2019-06-11 01:40:37',NULL),(1652,82,NULL,'尿糖(mmol/L)','urine_sugar','decimal',0,1,NULL,NULL,NULL,NULL,'2019-06-11 01:40:37',NULL),(1653,82,NULL,'尿酮体(mmol/L)','urine_acetone_bodies','decimal',0,1,NULL,NULL,NULL,NULL,'2019-06-11 01:40:37',NULL),(1654,82,NULL,'管型:1-颗粒,2-透明,3-病理','urethral_tube','int',0,1,NULL,NULL,NULL,NULL,'2019-06-11 01:40:37',NULL),(1655,82,NULL,'单位(个/LP)','urethral_tube_value','int',0,1,NULL,NULL,NULL,NULL,'2019-06-11 01:40:37',NULL),(1656,82,NULL,'','created_time','varchar',0,1,19,NULL,NULL,NULL,'2019-06-11 01:40:37',NULL),(1657,82,NULL,'','creator_id','bigint',0,1,NULL,NULL,NULL,NULL,'2019-06-11 01:40:37',NULL),(1658,83,1,'ID','id','Long',0,0,11,'*','11','主键','2019-06-11 01:40:37',NULL),(1659,83,0,'已删除','deleted','Integer',0,0,1,'*','0','逻辑删除标志','2019-06-11 01:40:37',NULL),(1660,83,0,'创建时间','createTime','String',0,0,19,'*','2016-12-27 14:59:16','时间格式字符串','2019-06-11 01:40:37',NULL),(1661,83,0,'创建人ID','createId','Long',0,0,11,'*','11','创建人ID','2019-06-11 01:40:37',NULL),(1662,83,0,'创建人名称','createUser','String',0,0,50,'*','wenxy','创建人名称','2019-06-11 01:40:37',NULL),(1663,83,0,'更新时间','updateTime','String',0,0,19,'*','2016-12-27 15:11:55','更新时间','2019-06-11 01:40:37',NULL),(1664,83,0,'更新人ID','updateId','Long',0,0,11,'*','11','更新人ID','2019-06-11 01:40:37',NULL),(1665,83,0,'更信人名称','updateUser','String',0,0,50,'*','wenxy','更信人名称','2019-06-11 01:40:37',NULL),(1666,83,NULL,'','id_','bigint',0,0,NULL,NULL,NULL,NULL,'2019-06-11 01:40:37',NULL),(1667,83,NULL,'','name_','varchar',0,1,50,NULL,NULL,NULL,'2019-06-11 01:40:37',NULL),(1668,83,NULL,'','content_','varchar',0,1,10000,NULL,NULL,NULL,'2019-06-11 01:40:37',NULL),(1669,83,NULL,'','created_time','varchar',0,1,19,NULL,NULL,NULL,'2019-06-11 01:40:37',NULL),(1670,83,NULL,'','creator_id','bigint',0,1,NULL,NULL,NULL,NULL,'2019-06-11 01:40:37',NULL),(1671,84,1,'ID','id','Long',0,0,11,'*','11','主键','2019-06-11 01:40:38',NULL),(1672,84,0,'已删除','deleted','Integer',0,0,1,'*','0','逻辑删除标志','2019-06-11 01:40:38',NULL),(1673,84,0,'创建时间','createTime','String',0,0,19,'*','2016-12-27 14:59:16','时间格式字符串','2019-06-11 01:40:38',NULL),(1674,84,0,'创建人ID','createId','Long',0,0,11,'*','11','创建人ID','2019-06-11 01:40:38',NULL),(1675,84,0,'创建人名称','createUser','String',0,0,50,'*','wenxy','创建人名称','2019-06-11 01:40:38',NULL),(1676,84,0,'更新时间','updateTime','String',0,0,19,'*','2016-12-27 15:11:55','更新时间','2019-06-11 01:40:38',NULL),(1677,84,0,'更新人ID','updateId','Long',0,0,11,'*','11','更新人ID','2019-06-11 01:40:38',NULL),(1678,84,0,'更信人名称','updateUser','String',0,0,50,'*','wenxy','更信人名称','2019-06-11 01:40:38',NULL),(1679,84,NULL,'','id_','bigint',0,0,NULL,NULL,NULL,NULL,'2019-06-11 01:40:38',NULL),(1680,84,NULL,'患者id','user_id','bigint',0,0,NULL,NULL,NULL,NULL,'2019-06-11 01:40:38',NULL),(1681,84,NULL,'检验日期','inspection_date','varchar',0,1,10,NULL,NULL,NULL,'2019-06-11 01:40:38',NULL),(1682,84,NULL,'体温(℃)','temperature_','decimal',0,1,NULL,NULL,NULL,NULL,'2019-06-11 01:40:38',NULL),(1683,84,NULL,'心率(次/分)','heart_rate','decimal',0,1,NULL,NULL,NULL,NULL,'2019-06-11 01:40:38',NULL),(1684,84,NULL,'基础血压(mmHg)','base_pressure','varchar',0,1,20,NULL,NULL,NULL,'2019-06-11 01:40:38',NULL),(1685,84,NULL,'目前血压(mmHg)','now_pressure','varchar',0,1,20,NULL,NULL,NULL,'2019-06-11 01:40:38',NULL),(1686,84,NULL,'孕前体重(kg)','weight_','decimal',0,1,NULL,NULL,NULL,NULL,'2019-06-11 01:40:38',NULL),(1687,84,NULL,'目前体重(kg)','pregnant_weight','decimal',0,1,NULL,NULL,NULL,NULL,'2019-06-11 01:40:38',NULL),(1688,84,NULL,'身高(cm)','height_','decimal',0,1,NULL,NULL,NULL,NULL,'2019-06-11 01:40:38',NULL),(1689,84,NULL,'腹围(cm)','abdominal_girth','decimal',0,1,NULL,NULL,NULL,NULL,'2019-06-11 01:40:38',NULL),(1690,84,NULL,'宫高(cm)','fundal_height','decimal',0,1,NULL,NULL,NULL,NULL,'2019-06-11 01:40:38',NULL),(1691,84,NULL,'浮肿(+)','edema_','int',0,1,NULL,NULL,NULL,NULL,'2019-06-11 01:40:38',NULL),(1692,84,NULL,'糖耐量空腹血糖(mmol/L)','sugar_tolerance_fasting','varchar',0,1,20,NULL,NULL,NULL,'2019-06-11 01:40:38',NULL),(1693,84,NULL,'糖耐量一小时血糖(mmol/L)','sugar_tolerance_one_hour','varchar',0,1,20,NULL,NULL,NULL,'2019-06-11 01:40:38',NULL),(1694,84,NULL,'糖耐量二小时血糖(mmol/L)','sugar_tolerance_two_hour','varchar',0,1,20,NULL,NULL,NULL,'2019-06-11 01:40:38',NULL),(1695,84,NULL,'妊娠期空腹血糖(mmol/L)','fasting_glucose','varchar',0,1,20,NULL,NULL,NULL,'2019-06-11 01:40:38',NULL),(1696,84,NULL,'糖化血红蛋白HBAlc(%)','glycated_hemoglobin','varchar',0,1,20,NULL,NULL,NULL,'2019-06-11 01:40:38',NULL),(1697,84,NULL,'总胆固醇(mmol/L)','total_cholesterol','varchar',0,1,20,NULL,NULL,NULL,'2019-06-11 01:40:38',NULL),(1698,84,NULL,'甘油三脂(mmol/L)','triglyceride','varchar',0,1,20,NULL,NULL,NULL,'2019-06-11 01:40:38',NULL),(1699,84,NULL,'高密度脂蛋白(mmol/L)','high_density_lipoprotein','varchar',0,1,20,NULL,NULL,NULL,'2019-06-11 01:40:38',NULL),(1700,84,NULL,'低密度脂蛋白(mmol/L)','low_density_lipoprotein','varchar',0,1,20,NULL,NULL,NULL,'2019-06-11 01:40:38',NULL),(1701,84,NULL,'尿蛋白','urine_protein','int',0,1,NULL,NULL,NULL,NULL,'2019-06-11 01:40:38',NULL),(1702,84,NULL,'蛋白定量(g/L)','ration_','varchar',0,1,20,NULL,NULL,NULL,'2019-06-11 01:40:38',NULL),(1703,84,NULL,'尿糖','urine_sugar','int',0,1,NULL,NULL,NULL,NULL,'2019-06-11 01:40:38',NULL),(1704,84,NULL,'尿酮体','urine_acetone_bodies','int',0,1,NULL,NULL,NULL,NULL,'2019-06-11 01:40:38',NULL),(1705,84,NULL,'管型:1-颗粒,2-透明,3-病理','urethral_tube','int',0,1,NULL,NULL,NULL,NULL,'2019-06-11 01:40:38',NULL),(1706,84,NULL,'颗粒','urethral_tube_granule','int',0,1,NULL,NULL,NULL,NULL,'2019-06-11 01:40:38',NULL),(1707,84,NULL,'尿素氮(mmol/L)','urea_','varchar',0,1,20,NULL,NULL,NULL,'2019-06-11 01:40:38',NULL),(1708,84,NULL,'肌酐(umol/L)','creatinine_','varchar',0,1,20,NULL,NULL,NULL,'2019-06-11 01:40:38',NULL),(1709,84,NULL,'尿酸(umol/L)','uric_acid','varchar',0,1,20,NULL,NULL,NULL,'2019-06-11 01:40:38',NULL),(1710,84,NULL,'白细胞(10^9/l)','leukocyte_','varchar',0,1,20,NULL,NULL,NULL,'2019-06-11 01:40:38',NULL),(1711,84,NULL,'中性粒细胞(%)','neutrophil_','varchar',0,1,20,NULL,NULL,NULL,'2019-06-11 01:40:38',NULL),(1712,84,NULL,'淋巴细胞(%)','lymphocyte_','varchar',0,1,20,NULL,NULL,NULL,'2019-06-11 01:40:38',NULL),(1713,84,NULL,'红细胞(10^12/l)','erythrocyte_','varchar',0,1,20,NULL,NULL,NULL,'2019-06-11 01:40:38',NULL),(1714,84,NULL,'血红蛋白浓度(g/l)','hemoglobin_','varchar',0,1,20,NULL,NULL,NULL,'2019-06-11 01:40:38',NULL),(1715,84,NULL,'红细胞压积(%)','hematokrit_','varchar',0,1,20,NULL,NULL,NULL,'2019-06-11 01:40:38',NULL),(1716,84,NULL,'血小板(10^9/l)','platelet_','varchar',0,1,20,NULL,NULL,NULL,'2019-06-11 01:40:38',NULL),(1717,84,NULL,'活化部分凝血活酶时间(s)','aptt_','varchar',0,1,20,NULL,NULL,NULL,'2019-06-11 01:40:38',NULL),(1718,84,NULL,'凝血酶原时间PT(s)','pt_','varchar',0,1,20,NULL,NULL,NULL,'2019-06-11 01:40:38',NULL),(1719,84,NULL,'凝血酶时间(s)','tt_','varchar',0,1,20,NULL,NULL,NULL,'2019-06-11 01:40:38',NULL),(1720,84,NULL,'纤维蛋白原(g/l)','fib_','varchar',0,1,20,NULL,NULL,NULL,'2019-06-11 01:40:38',NULL),(1721,84,NULL,'血浆D-二聚体D-D(ug/ml)','plasma_d_dimer','varchar',0,1,20,NULL,NULL,NULL,'2019-06-11 01:40:38',NULL),(1722,84,NULL,'国际标准化比值PT','pt_ratio','varchar',0,1,20,NULL,NULL,NULL,'2019-06-11 01:40:38',NULL),(1723,84,NULL,'钾(mmol/L)','potassium_','varchar',0,1,20,NULL,NULL,NULL,'2019-06-11 01:40:38',NULL),(1724,84,NULL,'钠(mmol/L)','sodium_','varchar',0,1,20,NULL,NULL,NULL,'2019-06-11 01:40:38',NULL),(1725,84,NULL,'钙(mmol/L)','calcium_','varchar',0,1,20,NULL,NULL,NULL,'2019-06-11 01:40:38',NULL),(1726,84,NULL,'铁(umol/L)','iron_','varchar',0,1,20,NULL,NULL,NULL,'2019-06-11 01:40:38',NULL),(1727,84,NULL,'镁(umol/L)','magnesium_','varchar',0,1,20,NULL,NULL,NULL,'2019-06-11 01:40:38',NULL),(1728,84,NULL,'总蛋白(g/l)','total_protein','varchar',0,1,20,NULL,NULL,NULL,'2019-06-11 01:40:38',NULL),(1729,84,NULL,'白蛋白(g/l)','albumin_','varchar',0,1,20,NULL,NULL,NULL,'2019-06-11 01:40:38',NULL),(1730,84,NULL,'球蛋白(g/l)','globulin_','varchar',0,1,20,NULL,NULL,NULL,'2019-06-11 01:40:38',NULL),(1731,84,NULL,'谷丙转氨酶(U/l)','alanine_amino','varchar',0,1,20,NULL,NULL,NULL,'2019-06-11 01:40:38',NULL),(1732,84,NULL,'谷草转氨酶(U/l)','aspartate_amino','varchar',0,1,20,NULL,NULL,NULL,'2019-06-11 01:40:38',NULL),(1733,84,NULL,'总胆红素(umol/L)','total_bilirubin','varchar',0,1,20,NULL,NULL,NULL,'2019-06-11 01:40:38',NULL),(1734,84,NULL,'直接胆红素(umol/L)','direct_bilirubin','varchar',0,1,20,NULL,NULL,NULL,'2019-06-11 01:40:38',NULL),(1735,84,NULL,'间接胆红素(umol/L)','indirect_bilirubin','varchar',0,1,20,NULL,NULL,NULL,'2019-06-11 01:40:38',NULL),(1736,84,NULL,'谷氨酰胺转移酶(U/l)','transglutaminase_','varchar',0,1,20,NULL,NULL,NULL,'2019-06-11 01:40:38',NULL),(1737,84,NULL,'碱性磷酸酶(U/l)','alp_','varchar',0,1,20,NULL,NULL,NULL,'2019-06-11 01:40:38',NULL),(1738,84,NULL,'总胆汁酸(umol/ml)','tba_','varchar',0,1,20,NULL,NULL,NULL,'2019-06-11 01:40:38',NULL),(1739,84,NULL,'肝胆酸(ug/ml)','bile_acid','varchar',0,1,20,NULL,NULL,NULL,'2019-06-11 01:40:38',NULL),(1740,84,NULL,'肌酸激酶(U/l)','creatine_kinase','varchar',0,1,20,NULL,NULL,NULL,'2019-06-11 01:40:38',NULL),(1741,84,NULL,'肌酸激酶同工酶(U/l)','creatine_lsoenzyme','varchar',0,1,20,NULL,NULL,NULL,'2019-06-11 01:40:38',NULL),(1742,84,NULL,'乳酸脱氢酶(U/l)','lactate_dehydrogenase','varchar',0,1,20,NULL,NULL,NULL,'2019-06-11 01:40:38',NULL),(1743,84,NULL,'血型ABO(妻)','wife_blood_type','int',0,1,NULL,NULL,NULL,NULL,'2019-06-11 01:40:38',NULL),(1744,84,NULL,'血型RH(妻):1-+,2--','wife_rh','varchar',0,1,20,NULL,NULL,NULL,'2019-06-11 01:40:38',NULL),(1745,84,NULL,'血型ABO(夫)','husband_blood_type','int',0,1,NULL,NULL,NULL,NULL,'2019-06-11 01:40:38',NULL),(1746,84,NULL,'血型RH(夫):1-+,2--','husband_rh','varchar',0,1,20,NULL,NULL,NULL,'2019-06-11 01:40:38',NULL),(1747,84,NULL,'IgG抗A效价:1:32','igga_','varchar',0,1,20,NULL,NULL,NULL,'2019-06-11 01:40:38',NULL),(1748,84,NULL,'IgG抗B效价:1:64','iggb_','varchar',0,1,20,NULL,NULL,NULL,'2019-06-11 01:40:38',NULL),(1749,84,NULL,'IgG抗D效价:1:64','iggd_','varchar',0,1,20,NULL,NULL,NULL,'2019-06-11 01:40:38',NULL),(1750,84,NULL,'人类免疫缺陷病毒抗体:0-阴,1-阳','hiva_','varchar',0,1,20,NULL,NULL,NULL,'2019-06-11 01:40:38',NULL),(1751,84,NULL,'梅毒螺旋体特异抗体:0-阴,1-阳','tpsa_','varchar',0,1,20,NULL,NULL,NULL,'2019-06-11 01:40:38',NULL),(1752,84,NULL,'RPR:0-阴,1-阳','rpr_','varchar',0,1,20,NULL,NULL,NULL,'2019-06-11 01:40:38',NULL),(1753,84,NULL,'HBsAg:0-阴,1-阳','hbsag_','varchar',0,1,20,NULL,NULL,NULL,'2019-06-11 01:40:38',NULL),(1754,84,NULL,'HBsAb:0-阴,1-阳','hbsab_','varchar',0,1,20,NULL,NULL,NULL,'2019-06-11 01:40:38',NULL),(1755,84,NULL,'HBeAg:0-阴,1-阳','hbeag_','varchar',0,1,20,NULL,NULL,NULL,'2019-06-11 01:40:38',NULL),(1756,84,NULL,'HBeAb:0-阴,1-阳','hbeab_','varchar',0,1,20,NULL,NULL,NULL,'2019-06-11 01:40:38',NULL),(1757,84,NULL,'HBcAb:0-阴,1-阳','hbcab_','varchar',0,1,20,NULL,NULL,NULL,'2019-06-11 01:40:38',NULL),(1758,84,NULL,'丙肝抗体:0-阴,1-阳','hca_','varchar',0,1,20,NULL,NULL,NULL,'2019-06-11 01:40:38',NULL),(1759,84,NULL,'孕周','pregnant_week','int',0,1,NULL,NULL,NULL,NULL,'2019-06-11 01:40:38',NULL),(1760,84,NULL,'孕周(天)','pregnant_day','int',0,1,NULL,NULL,NULL,NULL,'2019-06-11 01:40:38',NULL),(1761,84,NULL,'双顶径(mm)','bpd_','int',0,1,NULL,NULL,NULL,NULL,'2019-06-11 01:40:38',NULL),(1762,84,NULL,'头围(mm)','baby_head_circle','int',0,1,NULL,NULL,NULL,NULL,'2019-06-11 01:40:38',NULL),(1763,84,NULL,'腹围(mm)','baby_abdominal_girth','int',0,1,NULL,NULL,NULL,NULL,'2019-06-11 01:40:38',NULL),(1764,84,NULL,'股骨(mm)','baby_femur','int',0,1,NULL,NULL,NULL,NULL,'2019-06-11 01:40:38',NULL),(1765,84,NULL,'羊水指数(mm)','amniotic_fluid_index','int',0,1,NULL,NULL,NULL,NULL,'2019-06-11 01:40:38',NULL),(1766,84,NULL,'羊水深度(mm)','amniotic_fluid_deep','int',0,1,NULL,NULL,NULL,NULL,'2019-06-11 01:40:38',NULL),(1767,84,NULL,'S/D','s_sub_d','varchar',0,1,30,NULL,NULL,NULL,'2019-06-11 01:40:38',NULL),(1768,84,NULL,'备注','b_super_desc','varchar',0,1,300,NULL,NULL,NULL,'2019-06-11 01:40:38',NULL),(1769,84,NULL,'游离T3(pg/ml)','thyroid_free_t3','varchar',0,1,20,NULL,NULL,NULL,'2019-06-11 01:40:38',NULL),(1770,84,NULL,'游离T4(ng/dl)','thyroid_free_t4','varchar',0,1,20,NULL,NULL,NULL,'2019-06-11 01:40:38',NULL),(1771,84,NULL,'促甲状腺素(ulU/ml)','thyrotropin_','varchar',0,1,20,NULL,NULL,NULL,'2019-06-11 01:40:38',NULL),(1772,84,NULL,'C反应蛋白(mg/l)','c_reactive_protein','varchar',0,1,20,NULL,NULL,NULL,'2019-06-11 01:40:38',NULL),(1773,84,NULL,'超敏C反应蛋白(mg/l)','hscrp_','varchar',0,1,20,NULL,NULL,NULL,'2019-06-11 01:40:38',NULL),(1774,84,NULL,'降钙素(ng/ml)','calcitonin_','varchar',0,1,20,NULL,NULL,NULL,'2019-06-11 01:40:38',NULL),(1775,84,NULL,'眼底情况:1-正常,2-不正常','fundus_status','int',0,1,NULL,NULL,NULL,NULL,'2019-06-11 01:40:38',NULL),(1776,84,NULL,'眼底备注','fundus_desc','varchar',0,1,300,NULL,NULL,NULL,'2019-06-11 01:40:38',NULL),(1777,84,NULL,'心脏彩超内容','heart_desc','varchar',0,1,300,NULL,NULL,NULL,'2019-06-11 01:40:38',NULL),(1778,84,NULL,'','created_time','varchar',0,1,19,NULL,NULL,NULL,'2019-06-11 01:40:38',NULL),(1779,84,NULL,'','creator_id','bigint',0,1,NULL,NULL,NULL,NULL,'2019-06-11 01:40:38',NULL),(1780,85,1,'ID','id','Long',0,0,11,'*','11','主键','2019-06-11 01:40:38',NULL),(1781,85,0,'已删除','deleted','Integer',0,0,1,'*','0','逻辑删除标志','2019-06-11 01:40:38',NULL),(1782,85,0,'创建时间','createTime','String',0,0,19,'*','2016-12-27 14:59:16','时间格式字符串','2019-06-11 01:40:38',NULL),(1783,85,0,'创建人ID','createId','Long',0,0,11,'*','11','创建人ID','2019-06-11 01:40:38',NULL),(1784,85,0,'创建人名称','createUser','String',0,0,50,'*','wenxy','创建人名称','2019-06-11 01:40:38',NULL),(1785,85,0,'更新时间','updateTime','String',0,0,19,'*','2016-12-27 15:11:55','更新时间','2019-06-11 01:40:38',NULL),(1786,85,0,'更新人ID','updateId','Long',0,0,11,'*','11','更新人ID','2019-06-11 01:40:38',NULL),(1787,85,0,'更信人名称','updateUser','String',0,0,50,'*','wenxy','更信人名称','2019-06-11 01:40:38',NULL),(1788,85,NULL,'','id_','bigint',0,0,NULL,NULL,NULL,NULL,'2019-06-11 01:40:38',NULL),(1789,85,NULL,'患者id','user_id','bigint',0,1,NULL,NULL,NULL,NULL,'2019-06-11 01:40:38',NULL),(1790,85,NULL,'日期','date_','varchar',0,1,10,NULL,NULL,NULL,'2019-06-11 01:40:38',NULL),(1791,85,NULL,'早餐前血糖','before_breakfast_glucose','decimal',0,1,NULL,NULL,NULL,NULL,'2019-06-11 01:40:38',NULL),(1792,85,NULL,'早餐后(2H)血糖','after_breakfast_glucose','decimal',0,1,NULL,NULL,NULL,NULL,'2019-06-11 01:40:38',NULL),(1793,85,NULL,'午餐前血糖','before_lunch_glucose','decimal',0,1,NULL,NULL,NULL,NULL,'2019-06-11 01:40:38',NULL),(1794,85,NULL,'午餐后(2H)血糖','after_lunch_glucose','decimal',0,1,NULL,NULL,NULL,NULL,'2019-06-11 01:40:38',NULL),(1795,85,NULL,'晚餐前血糖','before_supper_glucose','decimal',0,1,NULL,NULL,NULL,NULL,'2019-06-11 01:40:38',NULL),(1796,85,NULL,'晚餐后(2H)血糖','after_supper_glucose','decimal',0,1,NULL,NULL,NULL,NULL,'2019-06-11 01:40:38',NULL),(1797,85,NULL,'空腹血糖','fasting_glucose','decimal',0,1,NULL,NULL,NULL,NULL,'2019-06-11 01:40:38',NULL),(1798,85,NULL,'临睡血糖','bedtime_glucose','decimal',0,1,NULL,NULL,NULL,NULL,'2019-06-11 01:40:38',NULL),(1799,85,NULL,'早餐前尿糖/酮','before_breakfast_urine_ketone','decimal',0,1,NULL,NULL,NULL,NULL,'2019-06-11 01:40:38',NULL),(1800,85,NULL,'早餐后(2H)尿糖/酮','after_breakfast_urine_ketone','decimal',0,1,NULL,NULL,NULL,NULL,'2019-06-11 01:40:38',NULL),(1801,85,NULL,'午餐前尿糖/酮','before_lunch_urine_ketone','decimal',0,1,NULL,NULL,NULL,NULL,'2019-06-11 01:40:38',NULL),(1802,85,NULL,'午餐后(2H)尿糖/酮','after_lunch_urine_ketone','decimal',0,1,NULL,NULL,NULL,NULL,'2019-06-11 01:40:38',NULL),(1803,85,NULL,'晚餐前尿糖/酮','before_supper_urine_ketone','decimal',0,1,NULL,NULL,NULL,NULL,'2019-06-11 01:40:38',NULL),(1804,85,NULL,'晚餐后(2H)尿糖/酮','after_supper_urine_ketone','decimal',0,1,NULL,NULL,NULL,NULL,'2019-06-11 01:40:38',NULL),(1805,85,NULL,'空腹尿糖/酮','fasting_urine_ketone','decimal',0,1,NULL,NULL,NULL,NULL,'2019-06-11 01:40:38',NULL),(1806,85,NULL,'临睡尿糖/酮','bedtime_urine_ketone','decimal',0,1,NULL,NULL,NULL,NULL,'2019-06-11 01:40:38',NULL),(1807,85,NULL,'饮食控制:0-否,1-是','is_diet_control','int',0,1,NULL,NULL,NULL,NULL,'2019-06-11 01:40:38',NULL),(1808,85,NULL,'运动:0-否,1-是','is_exercise','int',0,1,NULL,NULL,NULL,NULL,'2019-06-11 01:40:38',NULL),(1809,85,NULL,'胰岛素种类','insulin_','varchar',0,1,10,NULL,NULL,NULL,'2019-06-11 01:40:38',NULL),(1810,85,NULL,'早餐前胰岛素','before_breakfast_insulin','varchar',0,1,20,NULL,NULL,NULL,'2019-06-11 01:40:38',NULL),(1811,85,NULL,'午餐前胰岛素','before_lunch_insulin','varchar',0,1,20,NULL,NULL,NULL,'2019-06-11 01:40:38',NULL),(1812,85,NULL,'晚餐前胰岛素','before_supper_insulin','varchar',0,1,20,NULL,NULL,NULL,'2019-06-11 01:40:38',NULL),(1813,85,NULL,'临睡前胰岛素','bedtime_insulin','varchar',0,1,20,NULL,NULL,NULL,'2019-06-11 01:40:38',NULL),(1814,85,NULL,'饮食指导(多选)','diet_guidance','varchar',0,1,50,NULL,NULL,NULL,'2019-06-11 01:40:38',NULL),(1815,85,NULL,'其他饮食建议','diet_guidance_else','varchar',0,1,100,NULL,NULL,NULL,'2019-06-11 01:40:38',NULL),(1816,85,NULL,'备注','desc_','varchar',0,1,500,NULL,NULL,NULL,'2019-06-11 01:40:38',NULL),(1817,85,NULL,'','created_time','varchar',0,1,19,NULL,NULL,NULL,'2019-06-11 01:40:38',NULL),(1818,85,NULL,'','creator_id','bigint',0,1,NULL,NULL,NULL,NULL,'2019-06-11 01:40:38',NULL);
/*!40000 ALTER TABLE `inter_model_parameter` ENABLE KEYS */;
UNLOCK TABLES;

--
-- Table structure for table `inter_parameter`
--

DROP TABLE IF EXISTS `inter_parameter`;
/*!40101 SET @saved_cs_client     = @@character_set_client */;
/*!40101 SET character_set_client = utf8 */;
CREATE TABLE `inter_parameter` (
  `id_` bigint(4) NOT NULL AUTO_INCREMENT,
  `name_` varchar(20) DEFAULT NULL,
  `code_` varchar(20) DEFAULT NULL,
  `type_` varchar(20) DEFAULT NULL,
  `is_array` int(1) DEFAULT NULL,
  `allow_blank` int(1) DEFAULT NULL,
  `length_` int(1) DEFAULT NULL,
  `regex_` varchar(20) DEFAULT NULL,
  `example_` varchar(20) DEFAULT NULL,
  `remark_` varchar(50) DEFAULT NULL,
  `created_time` timestamp NOT NULL DEFAULT CURRENT_TIMESTAMP ON UPDATE CURRENT_TIMESTAMP,
  `creator_id` bigint(4) DEFAULT NULL,
  PRIMARY KEY (`id_`)
) ENGINE=InnoDB AUTO_INCREMENT=2 DEFAULT CHARSET=utf8mb4;
/*!40101 SET character_set_client = @saved_cs_client */;

--
-- Dumping data for table `inter_parameter`
--

LOCK TABLES `inter_parameter` WRITE;
/*!40000 ALTER TABLE `inter_parameter` DISABLE KEYS */;
INSERT INTO `inter_parameter` VALUES (1,'主键','id','Long',NULL,NULL,4,'[0-9]+','1','自增长整形数字','2019-06-05 05:59:32',1);
/*!40000 ALTER TABLE `inter_parameter` ENABLE KEYS */;
UNLOCK TABLES;

--
-- Table structure for table `inter_result_parameter`
--

DROP TABLE IF EXISTS `inter_result_parameter`;
/*!40101 SET @saved_cs_client     = @@character_set_client */;
/*!40101 SET character_set_client = utf8 */;
CREATE TABLE `inter_result_parameter` (
  `id_` bigint(4) NOT NULL AUTO_INCREMENT,
  `url_id` bigint(4) DEFAULT NULL,
  `name_` varchar(20) DEFAULT NULL,
  `code_` varchar(20) DEFAULT NULL,
  `type_` varchar(20) DEFAULT NULL,
  `is_array` int(1) DEFAULT NULL,
  `allow_blank` int(1) DEFAULT NULL,
  `length_` int(1) DEFAULT NULL,
  `regex_` varchar(20) DEFAULT NULL,
  `example_` varchar(20) DEFAULT NULL,
  `remark_` varchar(50) DEFAULT NULL,
  `created_time` timestamp NOT NULL DEFAULT CURRENT_TIMESTAMP ON UPDATE CURRENT_TIMESTAMP,
  `creator_id` bigint(4) DEFAULT NULL,
  PRIMARY KEY (`id_`)
) ENGINE=InnoDB DEFAULT CHARSET=utf8mb4;
/*!40101 SET character_set_client = @saved_cs_client */;

--
-- Dumping data for table `inter_result_parameter`
--

LOCK TABLES `inter_result_parameter` WRITE;
/*!40000 ALTER TABLE `inter_result_parameter` DISABLE KEYS */;
/*!40000 ALTER TABLE `inter_result_parameter` ENABLE KEYS */;
UNLOCK TABLES;

--
-- Table structure for table `inter_upload_parameter`
--

DROP TABLE IF EXISTS `inter_upload_parameter`;
/*!40101 SET @saved_cs_client     = @@character_set_client */;
/*!40101 SET character_set_client = utf8 */;
CREATE TABLE `inter_upload_parameter` (
  `id_` bigint(4) NOT NULL AUTO_INCREMENT,
  `url_id` bigint(4) DEFAULT NULL,
  `name_` varchar(20) DEFAULT NULL,
  `code_` varchar(20) DEFAULT NULL,
  `type_` varchar(20) DEFAULT NULL,
  `is_array` int(1) DEFAULT NULL,
  `allow_blank` int(1) DEFAULT NULL,
  `length_` int(1) DEFAULT NULL,
  `regex_` varchar(20) DEFAULT NULL,
  `example_` varchar(20) DEFAULT NULL,
  `remark_` varchar(50) DEFAULT NULL,
  `created_time` timestamp NOT NULL DEFAULT CURRENT_TIMESTAMP ON UPDATE CURRENT_TIMESTAMP,
  `creator_id` bigint(4) DEFAULT NULL,
  PRIMARY KEY (`id_`)
) ENGINE=InnoDB DEFAULT CHARSET=utf8mb4;
/*!40101 SET character_set_client = @saved_cs_client */;

--
-- Dumping data for table `inter_upload_parameter`
--

LOCK TABLES `inter_upload_parameter` WRITE;
/*!40000 ALTER TABLE `inter_upload_parameter` DISABLE KEYS */;
/*!40000 ALTER TABLE `inter_upload_parameter` ENABLE KEYS */;
UNLOCK TABLES;

--
-- Table structure for table `inter_url`
--

DROP TABLE IF EXISTS `inter_url`;
/*!40101 SET @saved_cs_client     = @@character_set_client */;
/*!40101 SET character_set_client = utf8 */;
CREATE TABLE `inter_url` (
  `id_` bigint(4) NOT NULL AUTO_INCREMENT,
  `application_id` bigint(4) DEFAULT NULL,
  `group_id` bigint(4) DEFAULT NULL,
  `name_` varchar(20) DEFAULT NULL,
  `url_` varchar(20) DEFAULT NULL,
  `type_` int(1) DEFAULT NULL,
  `position_` int(1) DEFAULT NULL,
  `logic_` varchar(50) DEFAULT NULL,
  `operate_` int(1) DEFAULT NULL,
  `regex_` varchar(20) DEFAULT NULL,
  `upload_type` int(1) DEFAULT NULL,
  `upload_data` varchar(20) DEFAULT NULL,
  `upload_example` varchar(20) DEFAULT NULL,
  `result_type` int(1) DEFAULT NULL,
  `result_data` varchar(20) DEFAULT NULL,
  `result_example` varchar(20) DEFAULT NULL,
  `status_` bigint(1) DEFAULT NULL,
  `remark_` varchar(50) DEFAULT NULL,
  `created_time` timestamp NOT NULL DEFAULT CURRENT_TIMESTAMP ON UPDATE CURRENT_TIMESTAMP,
  `creator_id` bigint(4) DEFAULT NULL,
  PRIMARY KEY (`id_`)
) ENGINE=InnoDB AUTO_INCREMENT=2 DEFAULT CHARSET=utf8mb4;
/*!40101 SET character_set_client = @saved_cs_client */;

--
-- Dumping data for table `inter_url`
--

LOCK TABLES `inter_url` WRITE;
/*!40000 ALTER TABLE `inter_url` DISABLE KEYS */;
INSERT INTO `inter_url` VALUES (1,1,0,'获取佩戴血糖','glucose_by_wear',0,0,'select * from sam_glucose where wear_id=#{wearId}',NULL,NULL,3,NULL,NULL,3,NULL,NULL,0,'根据佩戴记录Id获取佩戴的血糖记录','2019-06-05 05:53:36',1);
/*!40000 ALTER TABLE `inter_url` ENABLE KEYS */;
UNLOCK TABLES;

--
-- Table structure for table `sys_function`
--

DROP TABLE IF EXISTS `sys_function`;
/*!40101 SET @saved_cs_client     = @@character_set_client */;
/*!40101 SET character_set_client = utf8 */;
CREATE TABLE `sys_function` (
  `id_` bigint(20) NOT NULL AUTO_INCREMENT,
  `parent_id` bigint(20) NOT NULL DEFAULT '0',
  `name_` varchar(50) DEFAULT NULL,
  `code_` varchar(50) DEFAULT NULL,
  `type_` int(11) DEFAULT NULL,
  `url_` varchar(100) DEFAULT NULL,
  `level_` int(11) DEFAULT NULL,
  `order_` int(11) NOT NULL DEFAULT '0',
  `created_time` varchar(19) DEFAULT NULL,
  `creator_id` bigint(20) DEFAULT NULL,
  PRIMARY KEY (`id_`)
) ENGINE=InnoDB AUTO_INCREMENT=47 DEFAULT CHARSET=utf8;
/*!40101 SET character_set_client = @saved_cs_client */;

--
-- Dumping data for table `sys_function`
--

LOCK TABLES `sys_function` WRITE;
/*!40000 ALTER TABLE `sys_function` DISABLE KEYS */;
INSERT INTO `sys_function` VALUES (1,0,'系统管理','system',1,'',NULL,9,'2016-03-25 19:17:54',NULL),(2,1,'菜单管理','menu',1,'/function/page',1,9,'2016-03-25 18:44:49',1),(3,1,'用户管理','user',1,'/user/page',NULL,0,'2016-03-25 19:15:11',NULL),(4,1,'角色管理','role',1,'/role/page',NULL,0,'2016-03-25 19:14:53',NULL),(23,1,'系统参数','sys_parameter',1,'/sys/parameter/page',NULL,4,'2016-11-02 18:42:56',NULL),(24,1,'首页设置','sys_index',1,'/sys/index/page',NULL,10,'2016-11-03 10:50:41',NULL),(42,0,'应用管理','application',1,'',NULL,10,'2019-06-05 13:38:27',NULL),(43,42,'参数管理','inter_parameter',1,'/inter/parameter/page',NULL,1,'2019-06-05 13:56:16',NULL),(44,42,'应用管理','inter_application',1,'/inter/application/page',NULL,2,'2019-06-05 13:57:07',NULL),(45,0,'模型管理','template',1,'',NULL,11,'2019-06-05 14:03:19',NULL),(46,45,'模型信息','template_info',1,'/template/info/page',NULL,1,'2019-06-05 14:04:10',NULL);
/*!40000 ALTER TABLE `sys_function` ENABLE KEYS */;
UNLOCK TABLES;

--
-- Table structure for table `sys_index`
--

DROP TABLE IF EXISTS `sys_index`;
/*!40101 SET @saved_cs_client     = @@character_set_client */;
/*!40101 SET character_set_client = utf8 */;
CREATE TABLE `sys_index` (
  `id_` bigint(20) NOT NULL AUTO_INCREMENT,
  `name_` varchar(50) DEFAULT NULL,
  `url_` varchar(100) DEFAULT NULL,
  `type_` int(11) DEFAULT NULL,
  `object_id` bigint(20) DEFAULT NULL,
  `created_time` varchar(19) DEFAULT NULL,
  `creator_id` bigint(20) DEFAULT NULL,
  PRIMARY KEY (`id_`)
) ENGINE=InnoDB AUTO_INCREMENT=2 DEFAULT CHARSET=utf8;
/*!40101 SET character_set_client = @saved_cs_client */;

--
-- Dumping data for table `sys_index`
--

LOCK TABLES `sys_index` WRITE;
/*!40000 ALTER TABLE `sys_index` DISABLE KEYS */;
INSERT INTO `sys_index` VALUES (1,'菜单管理','/function/page',1,1,'2016-03-25 19:13:46',1);
/*!40000 ALTER TABLE `sys_index` ENABLE KEYS */;
UNLOCK TABLES;

--
-- Table structure for table `sys_parameter`
--

DROP TABLE IF EXISTS `sys_parameter`;
/*!40101 SET @saved_cs_client     = @@character_set_client */;
/*!40101 SET character_set_client = utf8 */;
CREATE TABLE `sys_parameter` (
  `id_` bigint(20) NOT NULL AUTO_INCREMENT,
  `name_` varchar(50) DEFAULT NULL,
  `code_` varchar(50) DEFAULT NULL,
  `int_value` int(11) DEFAULT NULL,
  `string_value` varchar(100) DEFAULT NULL,
  `double_value` decimal(10,0) DEFAULT NULL,
  `long_value` bigint(20) DEFAULT NULL,
  `char_value` char(1) DEFAULT NULL,
  `boolean_value` tinyint(1) DEFAULT NULL,
  `remark_` varchar(300) DEFAULT NULL,
  `created_time` varchar(19) DEFAULT NULL,
  `creator_id` bigint(20) DEFAULT NULL,
  PRIMARY KEY (`id_`)
) ENGINE=InnoDB DEFAULT CHARSET=utf8;
/*!40101 SET character_set_client = @saved_cs_client */;

--
-- Dumping data for table `sys_parameter`
--

LOCK TABLES `sys_parameter` WRITE;
/*!40000 ALTER TABLE `sys_parameter` DISABLE KEYS */;
/*!40000 ALTER TABLE `sys_parameter` ENABLE KEYS */;
UNLOCK TABLES;

--
-- Table structure for table `sys_role`
--

DROP TABLE IF EXISTS `sys_role`;
/*!40101 SET @saved_cs_client     = @@character_set_client */;
/*!40101 SET character_set_client = utf8 */;
CREATE TABLE `sys_role` (
  `id_` bigint(20) NOT NULL AUTO_INCREMENT,
  `name_` varchar(50) DEFAULT NULL,
  `code_` varchar(50) DEFAULT NULL,
  `status_` char(1) DEFAULT NULL,
  `remark_` varchar(300) DEFAULT NULL,
  `created_time` varchar(19) DEFAULT NULL,
  `creator_id` bigint(20) DEFAULT NULL,
  PRIMARY KEY (`id_`)
) ENGINE=InnoDB AUTO_INCREMENT=4 DEFAULT CHARSET=utf8;
/*!40101 SET character_set_client = @saved_cs_client */;

--
-- Dumping data for table `sys_role`
--

LOCK TABLES `sys_role` WRITE;
/*!40000 ALTER TABLE `sys_role` DISABLE KEYS */;
INSERT INTO `sys_role` VALUES (1,'admin','admin','1','超级管理员，应该把此角色写入代码中，作为静态变量，并且可以不需要设置访问任何的接口','2016-03-25 18:40:38',1),(3,'超级管理员','super_admin','1','超级管理员，拥有本应用大部分权限','2016-12-08 15:49:28',1);
/*!40000 ALTER TABLE `sys_role` ENABLE KEYS */;
UNLOCK TABLES;

--
-- Table structure for table `sys_role_function`
--

DROP TABLE IF EXISTS `sys_role_function`;
/*!40101 SET @saved_cs_client     = @@character_set_client */;
/*!40101 SET character_set_client = utf8 */;
CREATE TABLE `sys_role_function` (
  `id_` bigint(20) NOT NULL AUTO_INCREMENT,
  `role_id` bigint(20) DEFAULT NULL,
  `function_id` bigint(20) DEFAULT NULL,
  PRIMARY KEY (`id_`)
) ENGINE=InnoDB AUTO_INCREMENT=52 DEFAULT CHARSET=utf8;
/*!40101 SET character_set_client = @saved_cs_client */;

--
-- Dumping data for table `sys_role_function`
--

LOCK TABLES `sys_role_function` WRITE;
/*!40000 ALTER TABLE `sys_role_function` DISABLE KEYS */;
INSERT INTO `sys_role_function` VALUES (1,1,1),(4,1,21),(5,1,22),(9,1,21),(10,1,22),(11,2,25),(14,2,22),(16,2,29),(17,2,31),(18,2,36),(19,2,35),(21,2,30),(22,3,25),(25,3,14),(26,3,17),(27,3,18),(28,3,20),(29,3,19),(32,3,34),(33,3,36),(34,3,30),(35,3,35),(36,3,22),(37,3,31),(38,3,29),(39,3,21),(40,3,27),(42,3,1),(43,3,4),(44,3,3),(45,3,23),(46,3,24),(47,3,2),(48,3,37),(49,2,38),(50,2,39),(51,2,27);
/*!40000 ALTER TABLE `sys_role_function` ENABLE KEYS */;
UNLOCK TABLES;

--
-- Table structure for table `sys_user`
--

DROP TABLE IF EXISTS `sys_user`;
/*!40101 SET @saved_cs_client     = @@character_set_client */;
/*!40101 SET character_set_client = utf8 */;
CREATE TABLE `sys_user` (
  `id_` bigint(20) NOT NULL AUTO_INCREMENT,
  `role_id` bigint(20) DEFAULT NULL,
  `user_name` varchar(50) DEFAULT NULL,
  `login_name` varchar(50) DEFAULT NULL,
  `login_pwd` varchar(100) DEFAULT NULL,
  `status_` char(1) DEFAULT NULL,
  `created_time` varchar(19) DEFAULT NULL,
  `creator_id` bigint(20) DEFAULT NULL,
  PRIMARY KEY (`id_`)
) ENGINE=InnoDB AUTO_INCREMENT=2 DEFAULT CHARSET=utf8;
/*!40101 SET character_set_client = @saved_cs_client */;

--
-- Dumping data for table `sys_user`
--

LOCK TABLES `sys_user` WRITE;
/*!40000 ALTER TABLE `sys_user` DISABLE KEYS */;
INSERT INTO `sys_user` VALUES (1,1,'管理员','admin','21232f297a57a5a743894a0e4a801fc3','1','2016-03-25 18:37:43',1);
/*!40000 ALTER TABLE `sys_user` ENABLE KEYS */;
UNLOCK TABLES;

--
-- Table structure for table `template_frame`
--

DROP TABLE IF EXISTS `template_frame`;
/*!40101 SET @saved_cs_client     = @@character_set_client */;
/*!40101 SET character_set_client = utf8 */;
CREATE TABLE `template_frame` (
  `id_` bigint(4) NOT NULL AUTO_INCREMENT,
  `name_` varchar(20) DEFAULT NULL,
  `remark_` varchar(50) DEFAULT NULL,
  `created_time` timestamp NOT NULL DEFAULT CURRENT_TIMESTAMP ON UPDATE CURRENT_TIMESTAMP,
  `creator_id` bigint(4) DEFAULT NULL,
  PRIMARY KEY (`id_`)
) ENGINE=InnoDB AUTO_INCREMENT=2 DEFAULT CHARSET=utf8mb4;
/*!40101 SET character_set_client = @saved_cs_client */;

--
-- Dumping data for table `template_frame`
--

LOCK TABLES `template_frame` WRITE;
/*!40000 ALTER TABLE `template_frame` DISABLE KEYS */;
INSERT INTO `template_frame` VALUES (1,'spring-boot-mybatis','后端接口模板组,使用spring-boot-web和mybatis实现','2019-06-05 06:12:00',1);
/*!40000 ALTER TABLE `template_frame` ENABLE KEYS */;
UNLOCK TABLES;

--
-- Table structure for table `template_info`
--

DROP TABLE IF EXISTS `template_info`;
/*!40101 SET @saved_cs_client     = @@character_set_client */;
/*!40101 SET character_set_client = utf8 */;
CREATE TABLE `template_info` (
  `id_` bigint(4) NOT NULL AUTO_INCREMENT,
  `frame_id` bigint(4) DEFAULT NULL,
  `group_` varchar(20) DEFAULT NULL,
  `name_` varchar(25) DEFAULT NULL,
  `type_` varchar(20) DEFAULT NULL,
  `update_type` int(4) DEFAULT NULL,
  `save_path_model` varchar(50) DEFAULT NULL,
  `save_file_model` varchar(50) DEFAULT NULL,
  `remark_` varchar(100) DEFAULT NULL,
  `created_time` timestamp NOT NULL DEFAULT CURRENT_TIMESTAMP ON UPDATE CURRENT_TIMESTAMP,
  `creator_id` bigint(4) DEFAULT NULL,
  PRIMARY KEY (`id_`)
) ENGINE=InnoDB AUTO_INCREMENT=10 DEFAULT CHARSET=utf8mb4;
/*!40101 SET character_set_client = @saved_cs_client */;

--
-- Dumping data for table `template_info`
--

LOCK TABLES `template_info` WRITE;
/*!40000 ALTER TABLE `template_info` DISABLE KEYS */;
INSERT INTO `template_info` VALUES (1,1,'application','controller','model',0,'controller/@{little}','@{large}Controller.ftl','控制器模板,生成查询/创建/修改/删除方法','2019-06-11 08:16:48',NULL),(2,1,'application','ibatis','model',0,'resources/mapping','@{large}Mapper.xml','mybatis3 selectList selectCount insert delete update ','2019-06-11 08:16:59',NULL),(3,1,'application','spring-application','application',0,'src/com.web.@{app}','SpringWebApplication.java','auto config spring-boot-application','2019-06-11 08:17:09',NULL),(4,1,'application','spring-boot-cors','application',0,'src/main/java/com.web.@{app}.config','CorsConfig.java','cors config java auto config','2019-06-11 08:17:15',NULL),(5,1,'application','spring-boot-pom','application',0,'@{app}','pom.xml','spring-boot 2.0 pom.xml','2019-06-11 08:17:21',NULL),(6,0,'application','spring-boot-properties','application',0,'src/main/resources/','application.properties','spring-boot-properties','2019-06-11 08:17:27',NULL),(7,1,'application','spring-boot-controller','model',0,'src/main/java/com.web.@{app}.controller','@{large}Controller.java','spring-mvc-api-controller','2019-06-11 08:17:36',NULL),(8,1,'entity','entity','model',0,'src/main/java/com.web.@{app}.entity','@{large}.java','model java','2019-06-11 08:02:30',NULL),(9,1,'application','mapper','model',0,'src/main/java/com.web.@{app}.mapper','@{large}Mapper.java','mybatis3-mapper interface','2019-06-11 08:17:48',NULL);
/*!40000 ALTER TABLE `template_info` ENABLE KEYS */;
UNLOCK TABLES;
/*!40103 SET TIME_ZONE=@OLD_TIME_ZONE */;

/*!40101 SET SQL_MODE=@OLD_SQL_MODE */;
/*!40014 SET FOREIGN_KEY_CHECKS=@OLD_FOREIGN_KEY_CHECKS */;
/*!40014 SET UNIQUE_CHECKS=@OLD_UNIQUE_CHECKS */;
/*!40101 SET CHARACTER_SET_CLIENT=@OLD_CHARACTER_SET_CLIENT */;
/*!40101 SET CHARACTER_SET_RESULTS=@OLD_CHARACTER_SET_RESULTS */;
/*!40101 SET COLLATION_CONNECTION=@OLD_COLLATION_CONNECTION */;
/*!40111 SET SQL_NOTES=@OLD_SQL_NOTES */;

-- Dump completed on 2019-06-11 17:50:37
