-- MySQL dump 10.13  Distrib 5.7.26, for Linux (x86_64)
--
-- Host: localhost    Database: snake_db
-- ------------------------------------------------------
-- Server version	5.7.26-0ubuntu0.18.04.1

/*!40101 SET @OLD_CHARACTER_SET_CLIENT=@@CHARACTER_SET_CLIENT */;
/*!40101 SET @OLD_CHARACTER_SET_RESULTS=@@CHARACTER_SET_RESULTS */;
/*!40101 SET @OLD_COLLATION_CONNECTION=@@COLLATION_CONNECTION */;
/*!40101 SET NAMES utf8 */;
/*!40103 SET @OLD_TIME_ZONE=@@TIME_ZONE */;
/*!40103 SET TIME_ZONE='+00:00' */;
/*!40014 SET @OLD_UNIQUE_CHECKS=@@UNIQUE_CHECKS, UNIQUE_CHECKS=0 */;
/*!40014 SET @OLD_FOREIGN_KEY_CHECKS=@@FOREIGN_KEY_CHECKS, FOREIGN_KEY_CHECKS=0 */;
/*!40101 SET @OLD_SQL_MODE=@@SQL_MODE, SQL_MODE='NO_AUTO_VALUE_ON_ZERO' */;
/*!40111 SET @OLD_SQL_NOTES=@@SQL_NOTES, SQL_NOTES=0 */;

--
-- Table structure for table `inter_application`
--

DROP TABLE IF EXISTS `inter_application`;
/*!40101 SET @saved_cs_client     = @@character_set_client */;
/*!40101 SET character_set_client = utf8 */;
CREATE TABLE `inter_application` (
  `id_` bigint(4) NOT NULL AUTO_INCREMENT,
  `name_` varchar(20) DEFAULT NULL,
  `code_` varchar(20) DEFAULT NULL,
  `type_` varchar(20) DEFAULT NULL,
  `remark_` varchar(50) DEFAULT NULL,
  `created_time` timestamp NOT NULL DEFAULT CURRENT_TIMESTAMP ON UPDATE CURRENT_TIMESTAMP,
  `creator_id` bigint(4) DEFAULT NULL,
  PRIMARY KEY (`id_`)
) ENGINE=InnoDB AUTO_INCREMENT=2 DEFAULT CHARSET=utf8mb4;
/*!40101 SET character_set_client = @saved_cs_client */;

--
-- Dumping data for table `inter_application`
--

LOCK TABLES `inter_application` WRITE;
/*!40000 ALTER TABLE `inter_application` DISABLE KEYS */;
INSERT INTO `inter_application` VALUES (1,'动态血糖','glucose_db','service','动态血糖','2019-06-12 08:01:36',1);
/*!40000 ALTER TABLE `inter_application` ENABLE KEYS */;
UNLOCK TABLES;

--
-- Table structure for table `inter_group`
--

DROP TABLE IF EXISTS `inter_group`;
/*!40101 SET @saved_cs_client     = @@character_set_client */;
/*!40101 SET character_set_client = utf8 */;
CREATE TABLE `inter_group` (
  `id_` bigint(4) NOT NULL AUTO_INCREMENT,
  `application_id` bigint(4) DEFAULT NULL,
  `name_` varchar(20) DEFAULT NULL,
  `model_` varchar(20) DEFAULT NULL,
  `status_` int(1) DEFAULT NULL,
  `remark_` varchar(50) DEFAULT NULL,
  `created_time` timestamp NOT NULL DEFAULT CURRENT_TIMESTAMP ON UPDATE CURRENT_TIMESTAMP,
  `creator_id` bigint(4) DEFAULT NULL,
  PRIMARY KEY (`id_`)
) ENGINE=InnoDB DEFAULT CHARSET=utf8mb4;
/*!40101 SET character_set_client = @saved_cs_client */;

--
-- Dumping data for table `inter_group`
--

LOCK TABLES `inter_group` WRITE;
/*!40000 ALTER TABLE `inter_group` DISABLE KEYS */;
/*!40000 ALTER TABLE `inter_group` ENABLE KEYS */;
UNLOCK TABLES;

--
-- Table structure for table `inter_model`
--

DROP TABLE IF EXISTS `inter_model`;
/*!40101 SET @saved_cs_client     = @@character_set_client */;
/*!40101 SET character_set_client = utf8 */;
CREATE TABLE `inter_model` (
  `id_` bigint(4) NOT NULL AUTO_INCREMENT,
  `application_id` bigint(4) DEFAULT NULL,
  `name_` varchar(20) DEFAULT NULL,
  `code_` varchar(50) DEFAULT NULL,
  `status_` int(1) DEFAULT NULL,
  `remark_` varchar(50) DEFAULT NULL,
  `created_time` timestamp NOT NULL DEFAULT CURRENT_TIMESTAMP ON UPDATE CURRENT_TIMESTAMP,
  `creator_id` bigint(4) DEFAULT NULL,
  PRIMARY KEY (`id_`)
) ENGINE=InnoDB AUTO_INCREMENT=86 DEFAULT CHARSET=utf8mb4;
/*!40101 SET character_set_client = @saved_cs_client */;

--
-- Dumping data for table `inter_model`
--

LOCK TABLES `inter_model` WRITE;
/*!40000 ALTER TABLE `inter_model` DISABLE KEYS */;
INSERT INTO `inter_model` VALUES (1,1,NULL,'analysis_glucose',0,'','2019-06-12 08:01:36',1),(2,1,NULL,'analysis_wear',0,'','2019-06-12 08:01:36',1),(3,1,NULL,'analysis_wear_temp',0,'','2019-06-12 08:01:36',1),(4,1,NULL,'api_com_log',0,'','2019-06-12 08:01:36',1),(5,1,NULL,'api_compute_glucose',0,'血糖计算过程信息表','2019-06-12 08:01:36',1),(6,1,NULL,'api_compute_refer_glucose',0,'血糖计算参比血糖表','2019-06-12 08:01:37',1),(7,1,NULL,'api_mobile',0,'','2019-06-12 08:01:37',1),(8,1,NULL,'api_sdk_electric',0,'','2019-06-12 08:01:37',1),(9,1,NULL,'api_sdk_emitter_work',0,'','2019-06-12 08:01:37',1),(10,1,NULL,'api_sync_app',0,'应用科室同步','2019-06-12 08:01:37',1),(11,1,NULL,'app_command',0,'客户端命令','2019-06-12 08:01:37',1),(12,1,NULL,'assembly_gold_needle',0,'金针检测信息','2019-06-12 08:01:37',1),(13,1,NULL,'assembly_gold_statistics',0,'金针检测统计信息','2019-06-12 08:01:37',1),(14,1,NULL,'assembly_sensor',0,'组装传感器信息表','2019-06-12 08:01:37',1),(15,1,NULL,'assembly_sensor_batch',0,'传感器批次信息','2019-06-12 08:01:37',1),(16,1,NULL,'assembly_sensor_detect',0,'传感器体外检测信息表','2019-06-12 08:01:37',1),(17,1,NULL,'assembly_silver_statistics',0,'银针检测信息表','2019-06-12 08:01:37',1),(18,1,NULL,'base_attachment',0,'基础附件信息表','2019-06-12 08:01:37',1),(19,1,NULL,'base_big_file',0,'基础附件信息表','2019-06-12 08:01:37',1),(20,1,NULL,'base_central',0,'','2019-06-12 08:01:38',1),(21,1,NULL,'base_function',0,'系统菜单信息表','2019-06-12 08:01:38',1),(22,1,NULL,'base_hospital',0,'','2019-06-12 08:01:38',1),(23,1,NULL,'base_log',0,'系统日志信息表','2019-06-12 08:01:38',1),(24,1,NULL,'base_organization',0,'医院机构信息表','2019-06-12 08:01:38',1),(25,1,NULL,'base_organization_token',0,'上传信息机构许可表','2019-06-12 08:01:38',1),(26,1,NULL,'base_role',0,'角色信息表','2019-06-12 08:01:38',1),(27,1,NULL,'base_role_function',0,'角色与菜单关联表','2019-06-12 08:01:38',1),(28,1,NULL,'base_sequence',0,'基础序列表','2019-06-12 08:01:38',1),(29,1,'用户信息','base_user',3,'用户信息表','2019-06-12 08:04:27',1),(30,1,NULL,'cgm_event',0,'','2019-06-12 08:01:39',1),(31,1,NULL,'cgm_glucose',0,'','2019-06-12 08:01:39',1),(32,1,NULL,'cgm_refer_glucose',0,'','2019-06-12 08:01:39',1),(33,1,NULL,'cgm_wear',0,'','2019-06-12 08:01:39',1),(34,1,NULL,'collector_emitter_status',0,'用户设备工作状态信息表','2019-06-12 08:01:39',1),(35,1,NULL,'collector_log',0,'','2019-06-12 08:01:39',1),(36,1,NULL,'collector_mobile_info',0,'','2019-06-12 08:01:39',1),(37,1,NULL,'collector_mobile_log',0,'','2019-06-12 08:01:39',1),(38,1,NULL,'collector_verify_code',0,'','2019-06-12 08:01:39',1),(39,1,NULL,'detect_gold_environment',0,'金针涂膜环境信息','2019-06-12 08:01:39',1),(40,1,NULL,'detect_sensor',0,'传感器信息','2019-06-12 08:01:39',1),(41,1,NULL,'detect_sensor_details_view',0,'VIEW','2019-06-12 08:01:39',1),(42,1,NULL,'detect_sensor_unit',0,'传感器单元信息','2019-06-12 08:01:39',1),(43,1,NULL,'emr_item',0,'','2019-06-12 08:01:40',1),(44,1,NULL,'emr_item_class',0,'','2019-06-12 08:01:40',1),(45,1,NULL,'emr_item_group',0,'','2019-06-12 08:01:40',1),(46,1,NULL,'emr_model',0,'','2019-06-12 08:01:40',1),(47,1,NULL,'emr_model_item',0,'','2019-06-12 08:01:40',1),(48,1,NULL,'emr_model_paragraph',0,'','2019-06-12 08:01:40',1),(49,1,NULL,'emr_patient_item',0,'','2019-06-12 08:01:40',1),(50,1,NULL,'emr_patient_model',0,'','2019-06-12 08:01:40',1),(51,1,NULL,'emr_query',0,'','2019-06-12 08:01:40',1),(52,1,NULL,'emr_query_item',0,'','2019-06-12 08:01:40',1),(53,1,NULL,'g4_gisaddress',0,'gis位置记录表','2019-06-12 08:01:40',1),(54,1,NULL,'g4_location',0,'用户位置记录表','2019-06-12 08:01:40',1),(55,1,NULL,'g4_object',0,'用户位置信息表','2019-06-12 08:01:40',1),(56,1,NULL,'g4_offset',0,'','2019-06-12 08:01:40',1),(57,1,NULL,'sam_alert',0,'告警信息存储表','2019-06-12 08:01:41',1),(58,1,NULL,'sam_alert_handle',0,'告警信息处理过程的记录表','2019-06-12 08:01:41',1),(59,1,NULL,'sam_attention',0,'','2019-06-12 08:01:41',1),(60,1,NULL,'sam_attention_patient',0,'用户关注患者信息表','2019-06-12 08:01:41',1),(61,1,NULL,'sam_center_hospital',0,'中心医院关联信息表','2019-06-12 08:01:41',1),(62,1,NULL,'sam_database',0,'资料库信息表','2019-06-12 08:01:41',1),(63,1,NULL,'sam_database_type',0,'资料库分类信息表','2019-06-12 08:01:41',1),(64,1,NULL,'sam_developer',0,'','2019-06-12 08:01:41',1),(65,1,NULL,'sam_emitter_alarm',0,'发射器告警参数信息表','2019-06-12 08:01:41',1),(66,1,NULL,'sam_emitter_ship',0,'发射器发货','2019-06-12 08:01:41',1),(67,1,NULL,'sam_event',0,'患者活动事件信息表','2019-06-12 08:01:41',1),(68,1,NULL,'sam_glucose',0,'患者血糖记录表','2019-06-12 08:01:41',1),(69,1,NULL,'sam_health_share',0,'','2019-06-12 08:01:41',1),(70,1,NULL,'sam_last_glucose',0,'用户最新的血糖记录表','2019-06-12 08:01:41',1),(71,1,NULL,'sam_modd_glucose',0,'血糖数据','2019-06-12 08:01:41',1),(72,1,NULL,'sam_modd_pre_glucose',0,'血糖数据','2019-06-12 08:01:41',1),(73,1,NULL,'sam_patient',0,'患者信息表','2019-06-12 08:01:42',1),(74,1,NULL,'sam_patient_stat_daily',0,'患者每日血糖统计','2019-06-12 08:01:42',1),(75,1,NULL,'sam_refer_glucose',0,'患者参比血糖信息表','2019-06-12 08:01:42',1),(76,1,NULL,'sam_upgrade',0,'升级包信息表','2019-06-12 08:01:42',1),(77,1,NULL,'sam_video',0,'','2019-06-12 08:01:42',1),(78,1,NULL,'sam_wear',0,'','2019-06-12 08:01:42',1),(79,1,NULL,'xj_childbirth',0,'分娩记录表','2019-06-12 08:01:42',1),(80,1,NULL,'xj_hospital_record',0,'住院记录表','2019-06-12 08:01:42',1),(81,1,NULL,'xj_maternal_survey',0,'产妇随访表','2019-06-12 08:01:42',1),(82,1,NULL,'xj_newborn_survey',0,'新生儿随访表','2019-06-12 08:01:42',1),(83,1,NULL,'xj_search_condition',0,'','2019-06-12 08:01:42',1),(84,1,NULL,'xj_sign_check',0,'体格及检查表','2019-06-12 08:01:42',1),(85,1,NULL,'xj_treatment',0,'血糖监测与治疗表','2019-06-12 08:01:43',1);
/*!40000 ALTER TABLE `inter_model` ENABLE KEYS */;
UNLOCK TABLES;

--
-- Table structure for table `inter_model_parameter`
--

DROP TABLE IF EXISTS `inter_model_parameter`;
/*!40101 SET @saved_cs_client     = @@character_set_client */;
/*!40101 SET character_set_client = utf8 */;
CREATE TABLE `inter_model_parameter` (
  `id_` bigint(4) NOT NULL AUTO_INCREMENT,
  `model_id` bigint(4) DEFAULT NULL,
  `key_type` int(1) DEFAULT NULL,
  `name_` varchar(100) DEFAULT NULL,
  `code_` varchar(50) DEFAULT NULL,
  `type_` varchar(20) DEFAULT NULL,
  `is_array` int(1) DEFAULT NULL,
  `allow_blank` int(1) DEFAULT NULL,
  `length_` int(1) DEFAULT NULL,
  `regex_` varchar(20) DEFAULT NULL,
  `example_` varchar(20) DEFAULT NULL,
  `remark_` varchar(300) DEFAULT NULL,
  `created_time` timestamp NOT NULL DEFAULT CURRENT_TIMESTAMP ON UPDATE CURRENT_TIMESTAMP,
  `creator_id` bigint(4) DEFAULT NULL,
  PRIMARY KEY (`id_`)
) ENGINE=InnoDB AUTO_INCREMENT=1139 DEFAULT CHARSET=utf8mb4;
/*!40101 SET character_set_client = @saved_cs_client */;

--
-- Dumping data for table `inter_model_parameter`
--

LOCK TABLES `inter_model_parameter` WRITE;
/*!40000 ALTER TABLE `inter_model_parameter` DISABLE KEYS */;
INSERT INTO `inter_model_parameter` VALUES (1,1,NULL,'','id_','Long',0,0,NULL,NULL,NULL,'','2019-06-12 08:01:36',NULL),(2,1,NULL,'','created_','String',0,1,19,NULL,NULL,'','2019-06-12 08:01:36',NULL),(3,1,NULL,'','current_','Double',0,1,NULL,NULL,NULL,'','2019-06-12 08:01:36',NULL),(4,1,NULL,'','time_','String',0,1,19,NULL,NULL,'','2019-06-12 08:01:36',NULL),(5,1,NULL,'','user_id','Long',0,1,NULL,NULL,NULL,'','2019-06-12 08:01:36',NULL),(6,1,NULL,'','value_','Double',0,1,NULL,NULL,NULL,'','2019-06-12 08:01:36',NULL),(7,1,NULL,'','wear_id','Long',0,1,NULL,NULL,NULL,'','2019-06-12 08:01:36',NULL),(8,2,NULL,'','wear_id','Long',0,0,NULL,NULL,NULL,'','2019-06-12 08:01:36',NULL),(9,2,NULL,'','end_','String',0,1,19,NULL,NULL,'','2019-06-12 08:01:36',NULL),(10,2,NULL,'','start_','String',0,1,19,NULL,NULL,'','2019-06-12 08:01:36',NULL),(11,2,NULL,'','user_id','Long',0,1,NULL,NULL,NULL,'','2019-06-12 08:01:36',NULL),(12,2,NULL,'','glucose_count','Integer',0,1,NULL,NULL,NULL,'','2019-06-12 08:01:36',NULL),(13,3,NULL,'','wear_id','Long',0,0,NULL,NULL,NULL,'','2019-06-12 08:01:36',NULL),(14,3,NULL,'','end_','String',0,1,255,NULL,NULL,'','2019-06-12 08:01:36',NULL),(15,3,NULL,'','glucose_count','Integer',0,1,NULL,NULL,NULL,'','2019-06-12 08:01:36',NULL),(16,3,NULL,'','start_','String',0,1,255,NULL,NULL,'','2019-06-12 08:01:36',NULL),(17,3,NULL,'','user_id','Long',0,1,NULL,NULL,NULL,'','2019-06-12 08:01:36',NULL),(18,4,NULL,'','id_','Long',0,0,NULL,NULL,NULL,'','2019-06-12 08:01:36',NULL),(19,4,NULL,'用户id','user_id','Long',0,1,NULL,NULL,NULL,'用户id','2019-06-12 08:01:36',NULL),(20,4,NULL,'','name_','String',0,1,50,NULL,NULL,'','2019-06-12 08:01:36',NULL),(21,4,NULL,'','created_time','String',0,1,19,NULL,NULL,'','2019-06-12 08:01:36',NULL),(22,4,NULL,'','content_','String',0,1,NULL,NULL,NULL,'','2019-06-12 08:01:36',NULL),(23,4,NULL,'','result_','String',0,1,NULL,NULL,NULL,'','2019-06-12 08:01:36',NULL),(24,4,NULL,'','hospital_id','Long',0,1,NULL,NULL,NULL,'','2019-06-12 08:01:36',NULL),(25,4,NULL,'','org_id','Long',0,1,NULL,NULL,NULL,'','2019-06-12 08:01:36',NULL),(26,4,NULL,'','type_','Integer',0,1,NULL,NULL,NULL,'','2019-06-12 08:01:36',NULL),(27,5,NULL,'','id_','Long',0,0,NULL,NULL,NULL,'','2019-06-12 08:01:36',NULL),(28,5,NULL,'','user_id','Long',0,1,NULL,NULL,NULL,'','2019-06-12 08:01:36',NULL),(29,5,NULL,'传感器编号','emitter_code','String',0,1,50,NULL,NULL,'传感器编号','2019-06-12 08:01:36',NULL),(30,5,NULL,'','i0_','String',0,1,40,NULL,NULL,'','2019-06-12 08:01:36',NULL),(31,5,NULL,'','i1_','String',0,1,40,NULL,NULL,'','2019-06-12 08:01:36',NULL),(32,5,NULL,'','i2_','String',0,1,40,NULL,NULL,'','2019-06-12 08:01:36',NULL),(33,5,NULL,'','i3_','String',0,1,40,NULL,NULL,'','2019-06-12 08:01:36',NULL),(34,5,NULL,'','i4_','String',0,1,40,NULL,NULL,'','2019-06-12 08:01:36',NULL),(35,5,NULL,'','k_','Double',0,1,NULL,NULL,NULL,'','2019-06-12 08:01:36',NULL),(36,5,NULL,'背景电流','back_current','Integer',0,1,NULL,NULL,NULL,'背景电流','2019-06-12 08:01:36',NULL),(37,5,NULL,'电流值','current_value','Double',0,1,NULL,NULL,NULL,'电流值','2019-06-12 08:01:36',NULL),(38,5,NULL,'血糖值','value_','Double',0,1,NULL,NULL,NULL,'血糖值','2019-06-12 08:01:36',NULL),(39,5,NULL,'采集时间','collected_time','String',0,1,19,NULL,NULL,'采集时间','2019-06-12 08:01:36',NULL),(40,5,NULL,'客户端版本','version_','String',0,1,50,NULL,NULL,'客户端版本','2019-06-12 08:01:36',NULL),(41,5,NULL,'','created_time','String',0,1,19,NULL,NULL,'','2019-06-12 08:01:36',NULL),(42,6,NULL,'','id_','Long',0,0,NULL,NULL,NULL,'','2019-06-12 08:01:37',NULL),(43,6,NULL,'','user_id','Long',0,1,NULL,NULL,NULL,'','2019-06-12 08:01:37',NULL),(44,6,NULL,'指血值','value_','Double',0,1,NULL,NULL,NULL,'指血值','2019-06-12 08:01:37',NULL),(45,6,NULL,'采集时间','collected_time','String',0,1,19,NULL,NULL,'采集时间','2019-06-12 08:01:37',NULL),(46,6,NULL,'客户端版本','version_','String',0,1,50,NULL,NULL,'客户端版本','2019-06-12 08:01:37',NULL),(47,6,NULL,'','created_time','String',0,1,19,NULL,NULL,'','2019-06-12 08:01:37',NULL),(48,7,NULL,'','id_','Long',0,0,NULL,NULL,NULL,'','2019-06-12 08:01:37',NULL),(49,7,NULL,'','user_id','Long',0,1,NULL,NULL,NULL,'','2019-06-12 08:01:37',NULL),(50,7,NULL,'','imei_','String',0,1,50,NULL,NULL,'','2019-06-12 08:01:37',NULL),(51,7,NULL,'','os_','String',0,1,50,NULL,NULL,'','2019-06-12 08:01:37',NULL),(52,7,NULL,'','os_version','String',0,1,50,NULL,NULL,'','2019-06-12 08:01:37',NULL),(53,7,NULL,'','version_','String',0,1,50,NULL,NULL,'','2019-06-12 08:01:37',NULL),(54,7,NULL,'','phone_','String',0,1,50,NULL,NULL,'','2019-06-12 08:01:37',NULL),(55,7,NULL,'','created_time','String',0,1,19,NULL,NULL,'','2019-06-12 08:01:37',NULL),(56,8,NULL,'','id_','Long',0,0,NULL,NULL,NULL,'','2019-06-12 08:01:37',NULL),(57,8,NULL,'','emitter_work_id','Long',0,1,NULL,NULL,NULL,'','2019-06-12 08:01:37',NULL),(58,8,NULL,'','number_','Long',0,1,NULL,NULL,NULL,'','2019-06-12 08:01:37',NULL),(59,8,NULL,'','value_','Double',0,1,NULL,NULL,NULL,'','2019-06-12 08:01:37',NULL),(60,8,NULL,'','created_time','String',0,1,19,NULL,NULL,'','2019-06-12 08:01:37',NULL),(61,9,NULL,'','id_','Long',0,0,NULL,NULL,NULL,'','2019-06-12 08:01:37',NULL),(62,9,NULL,'','imei_','String',0,1,50,NULL,NULL,'','2019-06-12 08:01:37',NULL),(63,9,NULL,'','version_','String',0,1,50,NULL,NULL,'','2019-06-12 08:01:37',NULL),(64,9,NULL,'','emitter_code','String',0,1,50,NULL,NULL,'','2019-06-12 08:01:37',NULL),(65,9,NULL,'','time_','String',0,1,19,NULL,NULL,'','2019-06-12 08:01:37',NULL),(66,9,NULL,'','last_','Long',0,1,NULL,NULL,NULL,'','2019-06-12 08:01:37',NULL),(67,9,NULL,'','created_time','String',0,1,19,NULL,NULL,'','2019-06-12 08:01:37',NULL),(68,10,NULL,'','id_','Long',0,0,NULL,NULL,NULL,'','2019-06-12 08:01:37',NULL),(69,10,NULL,'','hospital_id','Long',0,1,NULL,NULL,NULL,'','2019-06-12 08:01:37',NULL),(70,10,NULL,'','org_id','Long',0,1,NULL,NULL,NULL,'','2019-06-12 08:01:37',NULL),(71,10,NULL,'','version_','String',0,1,30,NULL,NULL,'','2019-06-12 08:01:37',NULL),(72,10,NULL,'','user_time','String',0,1,19,NULL,NULL,'','2019-06-12 08:01:37',NULL),(73,10,NULL,'','wear_time','String',0,1,19,NULL,NULL,'','2019-06-12 08:01:37',NULL),(74,10,NULL,'','glucose_time','String',0,1,19,NULL,NULL,'','2019-06-12 08:01:37',NULL),(75,10,NULL,'','refer_time','String',0,1,19,NULL,NULL,'','2019-06-12 08:01:37',NULL),(76,10,NULL,'','event_time','String',0,1,19,NULL,NULL,'','2019-06-12 08:01:37',NULL),(77,10,NULL,'','created_time','String',0,1,NULL,NULL,NULL,'','2019-06-12 08:01:37',NULL),(78,10,NULL,'','wear_id','Long',0,1,NULL,NULL,NULL,'','2019-06-12 08:01:37',NULL),(79,10,NULL,'','glucose_id','Long',0,1,NULL,NULL,NULL,'','2019-06-12 08:01:37',NULL),(80,10,NULL,'','refer_id','Long',0,1,NULL,NULL,NULL,'','2019-06-12 08:01:37',NULL),(81,10,NULL,'','event_id','Long',0,1,NULL,NULL,NULL,'','2019-06-12 08:01:37',NULL),(82,11,NULL,'','id_','Long',0,0,NULL,NULL,NULL,'','2019-06-12 08:01:37',NULL),(83,11,NULL,'','user_id','Long',0,1,NULL,NULL,NULL,'','2019-06-12 08:01:37',NULL),(84,11,NULL,'','type_','Integer',0,1,NULL,NULL,NULL,'','2019-06-12 08:01:37',NULL),(85,11,NULL,'','operate_','Integer',0,1,NULL,NULL,NULL,'','2019-06-12 08:01:37',NULL),(86,11,NULL,'','status_','Integer',0,1,NULL,NULL,NULL,'','2019-06-12 08:01:37',NULL),(87,11,NULL,'','content_','String',0,1,65535,NULL,NULL,'','2019-06-12 08:01:37',NULL),(88,11,NULL,'','created_time','String',0,1,NULL,NULL,NULL,'','2019-06-12 08:01:37',NULL),(89,11,NULL,'','send_time','String',0,1,NULL,NULL,NULL,'','2019-06-12 08:01:37',NULL),(90,12,NULL,'','id_','Long',0,0,NULL,NULL,NULL,'','2019-06-12 08:01:37',NULL),(91,12,NULL,'批号','batch_','String',0,1,20,NULL,NULL,'批号','2019-06-12 08:01:37',NULL),(92,12,NULL,'单元号','unit_','Integer',0,1,NULL,NULL,NULL,'单元号','2019-06-12 08:01:37',NULL),(93,12,NULL,'序号','index_','Integer',0,1,NULL,NULL,NULL,'序号','2019-06-12 08:01:37',NULL),(94,12,NULL,'金针生产日期','production_date','String',0,1,10,NULL,NULL,'金针生产日期','2019-06-12 08:01:37',NULL),(95,12,NULL,'低浓度溶液(0mmol/L)电流值','low_glucose','Double',0,1,NULL,NULL,NULL,'低浓度溶液(0mmol/L)电流值','2019-06-12 08:01:37',NULL),(96,12,NULL,'中等浓度溶液(10mmol/L)电流值','middle_glucose','Double',0,1,NULL,NULL,NULL,'中等浓度溶液(10mmol/L)电流值','2019-06-12 08:01:37',NULL),(97,12,NULL,'高浓度溶液(0mmol/L)电流值','high_glucose','Double',0,1,NULL,NULL,NULL,'高浓度溶液(0mmol/L)电流值','2019-06-12 08:01:37',NULL),(98,12,NULL,'溶液配制日期','glucose_date','String',0,1,10,NULL,NULL,'溶液配制日期','2019-06-12 08:01:37',NULL),(99,12,NULL,'灵敏度','sensitive_','Double',0,1,NULL,NULL,NULL,'灵敏度','2019-06-12 08:01:37',NULL),(100,12,NULL,'线性','linear_','Double',0,1,NULL,NULL,NULL,'线性','2019-06-12 08:01:37',NULL),(101,12,NULL,'拉力','pull_','Double',0,1,NULL,NULL,NULL,'拉力','2019-06-12 08:01:37',NULL),(102,12,NULL,'线性灵敏度合格','linear_qualified','Boolean',0,1,NULL,NULL,NULL,'线性灵敏度合格','2019-06-12 08:01:37',NULL),(103,12,NULL,'拉力合格','pull_qualified','Boolean',0,1,NULL,NULL,NULL,'拉力合格','2019-06-12 08:01:37',NULL),(104,12,NULL,'最终合格','qualified_','Boolean',0,1,NULL,NULL,NULL,'最终合格','2019-06-12 08:01:37',NULL),(105,12,NULL,'检测日期','detect_date','String',0,1,10,NULL,NULL,'检测日期','2019-06-12 08:01:37',NULL),(106,12,NULL,'','created_time','String',0,1,19,NULL,NULL,'','2019-06-12 08:01:37',NULL),(107,12,NULL,'','creator_id','Long',0,1,NULL,NULL,NULL,'','2019-06-12 08:01:37',NULL),(108,13,NULL,'','id_','Long',0,0,NULL,NULL,NULL,'','2019-06-12 08:01:37',NULL),(109,13,NULL,'批次','batch_','String',0,1,20,NULL,NULL,'批次','2019-06-12 08:01:37',NULL),(110,13,NULL,'生产日期','production_date','String',0,1,10,NULL,NULL,'生产日期','2019-06-12 08:01:37',NULL),(111,13,NULL,'检测日期','detect_date','String',0,1,10,NULL,NULL,'检测日期','2019-06-12 08:01:37',NULL),(112,13,NULL,'送检数','total_count','Integer',0,1,NULL,NULL,NULL,'送检数','2019-06-12 08:01:37',NULL),(113,13,NULL,'合格百分率','qualified_percent','Double',0,1,NULL,NULL,NULL,'合格百分率','2019-06-12 08:01:37',NULL),(114,13,NULL,'合格数','qualified_count','Integer',0,1,NULL,NULL,NULL,'合格数','2019-06-12 08:01:37',NULL),(115,13,NULL,'A类数量','qualified_acount','Integer',0,1,NULL,NULL,NULL,'A类数量','2019-06-12 08:01:37',NULL),(116,13,NULL,'不合格数','bad_count','Integer',0,1,NULL,NULL,NULL,'不合格数','2019-06-12 08:01:37',NULL),(117,13,NULL,'空针数','empty_count','Integer',0,1,NULL,NULL,NULL,'空针数','2019-06-12 08:01:37',NULL),(118,13,NULL,'平均灵敏度','average_sensitive','Double',0,1,NULL,NULL,NULL,'平均灵敏度','2019-06-12 08:01:37',NULL),(119,13,NULL,'金针测试文件id','detect_file_id','Long',0,1,NULL,NULL,NULL,'金针测试文件id','2019-06-12 08:01:37',NULL),(120,14,NULL,'','id_','Long',0,0,NULL,NULL,NULL,'','2019-06-12 08:01:37',NULL),(121,14,NULL,'订单编号','order_code','String',0,0,20,NULL,NULL,'订单编号','2019-06-12 08:01:37',NULL),(122,14,NULL,'生产日期','production_date','String',0,1,19,NULL,NULL,'生产日期','2019-06-12 08:01:37',NULL),(123,14,NULL,'订单单元号','order_unit','Integer',0,1,NULL,NULL,NULL,'订单单元号','2019-06-12 08:01:37',NULL),(124,14,NULL,'金针码(格式','gold_code','String',0,1,50,NULL,NULL,'金针码(格式:金针批号-单元号-序号)','2019-06-12 08:01:37',NULL),(125,14,NULL,'银针码(格式','silver_code','String',0,1,50,NULL,NULL,'银针码(格式:银针批号-单元号-序号)','2019-06-12 08:01:37',NULL),(126,14,NULL,'金针单元号','gold_unit','Integer',0,1,NULL,NULL,NULL,'金针单元号','2019-06-12 08:01:37',NULL),(127,14,NULL,'金针单元内序号','gold_order','Integer',0,1,NULL,NULL,NULL,'金针单元内序号','2019-06-12 08:01:37',NULL),(128,14,NULL,'银针单元号','silver_unit','Integer',0,1,NULL,NULL,NULL,'银针单元号','2019-06-12 08:01:37',NULL),(129,14,NULL,'银针单元内序号','silver_order','Integer',0,1,NULL,NULL,NULL,'银针单元内序号','2019-06-12 08:01:37',NULL),(130,14,NULL,'','sensor_code','String',0,1,20,NULL,NULL,'','2019-06-12 08:01:37',NULL),(131,14,NULL,'','code_','String',0,1,20,NULL,NULL,'','2019-06-12 08:01:37',NULL),(132,14,NULL,'','created_time','String',0,1,19,NULL,NULL,'','2019-06-12 08:01:37',NULL),(133,14,NULL,'','creator_id','Long',0,1,NULL,NULL,NULL,'','2019-06-12 08:01:37',NULL),(134,15,NULL,'','id_','Long',0,0,NULL,NULL,NULL,'','2019-06-12 08:01:37',NULL),(135,15,NULL,'传感器批号','batch_','String',0,1,20,NULL,NULL,'传感器批号','2019-06-12 08:01:37',NULL),(136,15,NULL,'传感器生产日期','production_date','String',0,1,19,NULL,NULL,'传感器生产日期','2019-06-12 08:01:37',NULL),(137,15,NULL,'传感器数量','count_','Integer',0,1,NULL,NULL,NULL,'传感器数量','2019-06-12 08:01:37',NULL),(138,15,NULL,'创建时间','created_time','String',0,1,19,NULL,NULL,'创建时间','2019-06-12 08:01:37',NULL),(139,15,NULL,'创建人','creator_id','Long',0,1,NULL,NULL,NULL,'创建人','2019-06-12 08:01:37',NULL),(140,15,NULL,'体外检测','outer_detected','Boolean',0,1,NULL,NULL,NULL,'体外检测','2019-06-12 08:01:37',NULL),(141,15,NULL,'金针检测','gold_detected','Boolean',0,1,NULL,NULL,NULL,'金针检测','2019-06-12 08:01:37',NULL),(142,15,NULL,'银针检测','silver_detected','Boolean',0,1,NULL,NULL,NULL,'银针检测','2019-06-12 08:01:37',NULL),(143,15,NULL,'金针批次,多条用逗号隔开','gold_batch',NULL,0,1,255,NULL,NULL,'金针批次,多条用逗号隔开','2019-06-12 08:01:37',NULL),(144,15,NULL,'银针批次,多条用逗号隔开','silver_batch',NULL,0,1,255,NULL,NULL,'银针批次,多条用逗号隔开','2019-06-12 08:01:37',NULL),(145,15,NULL,'体外检测数量','detect_count','Integer',0,1,NULL,NULL,NULL,'体外检测数量','2019-06-12 08:01:37',NULL),(146,15,NULL,'体外检测日期','detect_date','String',0,1,10,NULL,NULL,'体外检测日期','2019-06-12 08:01:37',NULL),(147,15,NULL,'体外检测合格数量','qualified_count','Integer',0,1,NULL,NULL,NULL,'体外检测合格数量','2019-06-12 08:01:37',NULL),(148,15,NULL,'体外检测合格百分比','qualified_percent','Double',0,1,NULL,NULL,NULL,'体外检测合格百分比','2019-06-12 08:01:37',NULL),(149,15,NULL,'体外检测平均灵敏度','sensitive_','Double',0,1,NULL,NULL,NULL,'体外检测平均灵敏度','2019-06-12 08:01:37',NULL),(150,15,NULL,'体外检测平均准确性','accuracy_','Double',0,1,NULL,NULL,NULL,'体外检测平均准确性','2019-06-12 08:01:37',NULL),(151,15,NULL,'传感器文件id','file_id','Long',0,1,NULL,NULL,NULL,'传感器文件id','2019-06-12 08:01:37',NULL),(152,15,NULL,'传感器测试文件id','detect_file_id','Long',0,1,NULL,NULL,NULL,'传感器测试文件id','2019-06-12 08:01:37',NULL),(153,16,NULL,'','id_','Long',0,0,NULL,NULL,NULL,'','2019-06-12 08:01:37',NULL),(154,16,NULL,'批号','batch_','String',0,1,20,NULL,NULL,'批号','2019-06-12 08:01:37',NULL),(155,16,NULL,'单元号;传感器后四位','unit_','String',0,1,10,NULL,NULL,'单元号;传感器后四位','2019-06-12 08:01:37',NULL),(156,16,NULL,'生产日期','production_date','String',0,1,10,NULL,NULL,'生产日期','2019-06-12 08:01:37',NULL),(157,16,NULL,'检测日期','detect_date','String',0,1,10,NULL,NULL,'检测日期','2019-06-12 08:01:37',NULL),(158,16,NULL,'溶液配制日期','glucose_date','String',0,1,10,NULL,NULL,'溶液配制日期','2019-06-12 08:01:37',NULL),(159,16,NULL,'0mmol电流','zero_glucose','Double',0,1,NULL,NULL,NULL,'0mmol电流','2019-06-12 08:01:37',NULL),(160,16,NULL,'5mmol电流','five_glucose','Double',0,1,NULL,NULL,NULL,'5mmol电流','2019-06-12 08:01:37',NULL),(161,16,NULL,'10mmol电流','ten_glucose','Double',0,1,NULL,NULL,NULL,'10mmol电流','2019-06-12 08:01:37',NULL),(162,16,NULL,'15mmol电流','fifteen_glucose','Double',0,1,NULL,NULL,NULL,'15mmol电流','2019-06-12 08:01:37',NULL),(163,16,NULL,'20mmol电流','twenty_glucose','Double',0,1,NULL,NULL,NULL,'20mmol电流','2019-06-12 08:01:37',NULL),(164,16,NULL,'灵敏度','sensitive_','Double',0,1,NULL,NULL,NULL,'灵敏度','2019-06-12 08:01:37',NULL),(165,16,NULL,'线性','linear_','Double',0,1,NULL,NULL,NULL,'线性','2019-06-12 08:01:37',NULL),(166,16,NULL,'拉力1','pull_one','Double',0,1,NULL,NULL,NULL,'拉力1','2019-06-12 08:01:37',NULL),(167,16,NULL,'拉力2','pull_two','Double',0,1,NULL,NULL,NULL,'拉力2','2019-06-12 08:01:37',NULL),(168,16,NULL,'准确性','accuracy_','Double',0,1,NULL,NULL,NULL,'准确性','2019-06-12 08:01:37',NULL),(169,16,NULL,'线性灵敏度合格','linear_qualified','Boolean',0,1,NULL,NULL,NULL,'线性灵敏度合格','2019-06-12 08:01:37',NULL),(170,16,NULL,'拉力合格','pull_qualified','Boolean',0,1,NULL,NULL,NULL,'拉力合格','2019-06-12 08:01:37',NULL),(171,16,NULL,'单元合各','qualified_','Boolean',0,1,NULL,NULL,NULL,'单元合各','2019-06-12 08:01:37',NULL),(172,16,NULL,'是否消毒','sterilization_','Boolean',0,1,NULL,NULL,NULL,'是否消毒','2019-06-12 08:01:37',NULL),(173,16,NULL,'消毒日期','sterilize_date','String',0,1,10,NULL,NULL,'消毒日期','2019-06-12 08:01:37',NULL),(174,16,NULL,'','created_time','String',0,1,19,NULL,NULL,'','2019-06-12 08:01:37',NULL),(175,16,NULL,'','creator_id','Long',0,1,NULL,NULL,NULL,'','2019-06-12 08:01:37',NULL),(176,17,NULL,'','id_','Long',0,0,NULL,NULL,NULL,'','2019-06-12 08:01:37',NULL),(177,17,NULL,'','batch_','String',0,1,20,NULL,NULL,'','2019-06-12 08:01:37',NULL),(178,17,NULL,'','production_date','String',0,1,10,NULL,NULL,'','2019-06-12 08:01:37',NULL),(179,17,NULL,'','total_count','Integer',0,1,NULL,NULL,NULL,'','2019-06-12 08:01:37',NULL),(180,17,NULL,'','detect_date','String',0,1,10,NULL,NULL,'','2019-06-12 08:01:37',NULL),(181,17,NULL,'','detect_count','Integer',0,1,NULL,NULL,NULL,'','2019-06-12 08:01:37',NULL),(182,17,NULL,'','qualified_count','Integer',0,1,NULL,NULL,NULL,'','2019-06-12 08:01:37',NULL),(183,17,NULL,'','qualified_percent','Double',0,1,NULL,NULL,NULL,'','2019-06-12 08:01:37',NULL),(184,17,NULL,'','bad_count','Integer',0,1,NULL,NULL,NULL,'','2019-06-12 08:01:37',NULL),(185,18,NULL,'主键','id_','Long',0,0,NULL,NULL,NULL,'主键','2019-06-12 08:01:37',NULL),(186,18,NULL,'原文件名','old_file_name','String',0,0,150,NULL,NULL,'原文件名','2019-06-12 08:01:37',NULL),(187,18,NULL,'文件名','file_name','String',0,0,150,NULL,NULL,'文件名','2019-06-12 08:01:37',NULL),(188,18,NULL,'文件路径','file_path','String',0,1,500,NULL,NULL,'文件路径','2019-06-12 08:01:37',NULL),(189,18,NULL,'文件大小','file_size','Long',0,1,NULL,NULL,NULL,'文件大小','2019-06-12 08:01:37',NULL),(190,18,NULL,'扩展名(后缀名)','file_ext','String',0,1,20,NULL,NULL,'扩展名(后缀名)','2019-06-12 08:01:37',NULL),(191,18,NULL,'上传人','creator_id','Long',0,1,NULL,NULL,NULL,'上传人','2019-06-12 08:01:37',NULL),(192,18,NULL,'上传时间','created_time','String',0,0,19,NULL,NULL,'上传时间','2019-06-12 08:01:37',NULL),(193,18,NULL,'','file_',NULL,0,1,65535,NULL,NULL,'','2019-06-12 08:01:37',NULL),(194,19,NULL,'主键','id_','Long',0,0,NULL,NULL,NULL,'主键','2019-06-12 08:01:38',NULL),(195,19,NULL,'原文件名','old_name','String',0,0,150,NULL,NULL,'原文件名','2019-06-12 08:01:38',NULL),(196,19,NULL,'文件路径','path_','String',0,1,200,NULL,NULL,'文件路径','2019-06-12 08:01:38',NULL),(197,19,NULL,'文件名','file_name','String',0,0,150,NULL,NULL,'文件名','2019-06-12 08:01:38',NULL),(198,19,NULL,'扩展名(后缀名)','file_ext','String',0,1,20,NULL,NULL,'扩展名(后缀名)','2019-06-12 08:01:38',NULL),(199,19,NULL,'文件大小','file_size','Long',0,1,NULL,NULL,NULL,'文件大小','2019-06-12 08:01:38',NULL),(200,19,NULL,'访问网址','url_','String',0,1,200,NULL,NULL,'访问网址','2019-06-12 08:01:38',NULL),(201,19,NULL,'上传人','creator_id','Long',0,1,NULL,NULL,NULL,'上传人','2019-06-12 08:01:38',NULL),(202,19,NULL,'上传时间','created_time','String',0,0,19,NULL,NULL,'上传时间','2019-06-12 08:01:38',NULL),(203,20,NULL,'','id_','Long',0,0,NULL,NULL,NULL,'','2019-06-12 08:01:38',NULL),(204,20,NULL,'','name_','String',0,1,50,NULL,NULL,'','2019-06-12 08:01:38',NULL),(205,20,NULL,'','created_time','String',0,1,NULL,NULL,NULL,'','2019-06-12 08:01:38',NULL),(206,21,NULL,'主键','id_','Long',0,0,NULL,NULL,NULL,'主键','2019-06-12 08:01:38',NULL),(207,21,NULL,'菜单名称','name_','String',0,0,150,NULL,NULL,'菜单名称','2019-06-12 08:01:38',NULL),(208,21,NULL,'父菜单id','parent_id','Long',0,1,NULL,NULL,NULL,'父菜单id','2019-06-12 08:01:38',NULL),(209,21,NULL,'菜单代码','code_','String',0,0,50,NULL,NULL,'菜单代码','2019-06-12 08:01:38',NULL),(210,21,NULL,'菜单地址','url_','String',0,1,500,NULL,NULL,'菜单地址','2019-06-12 08:01:38',NULL),(211,21,NULL,'菜单顺序','order_','Integer',0,1,NULL,NULL,NULL,'菜单顺序','2019-06-12 08:01:38',NULL),(212,21,NULL,'菜单层级','level_','Integer',0,1,NULL,NULL,NULL,'菜单层级','2019-06-12 08:01:38',NULL),(213,21,NULL,'功能类型：1-菜单 2-按钮 3-功能','type_','Integer',0,0,NULL,NULL,NULL,'功能类型：1-菜单 2-按钮 3-功能','2019-06-12 08:01:38',NULL),(214,21,NULL,'日志级别','log_level','Integer',0,1,NULL,NULL,NULL,'日志级别:1-debug,2-info,3-warn,4-error','2019-06-12 08:01:38',NULL),(215,21,NULL,'','remark_','String',0,1,300,NULL,NULL,'','2019-06-12 08:01:38',NULL),(216,21,NULL,'','form_','String',0,0,50,NULL,NULL,'','2019-06-12 08:01:38',NULL),(217,22,NULL,'医院ID','id_','Long',0,0,NULL,NULL,NULL,'医院ID','2019-06-12 08:01:38',NULL),(218,22,NULL,'医院名称','name_','String',0,0,50,NULL,NULL,'医院名称','2019-06-12 08:01:38',NULL),(219,22,NULL,'医院短名','short_name','String',0,1,50,NULL,NULL,'医院短名','2019-06-12 08:01:38',NULL),(220,22,NULL,'医院类型','type_','String',0,1,30,NULL,NULL,'医院类型','2019-06-12 08:01:38',NULL),(221,22,NULL,'医院性质','property_','String',0,1,50,NULL,NULL,'医院性质','2019-06-12 08:01:38',NULL),(222,22,NULL,'医院等级','rank_','String',0,1,50,NULL,NULL,'医院等级','2019-06-12 08:01:38',NULL),(223,22,NULL,'联系电话','phone_','String',0,1,15,NULL,NULL,'联系电话','2019-06-12 08:01:38',NULL),(224,22,NULL,'传真','fax_','String',0,1,15,NULL,NULL,'传真','2019-06-12 08:01:38',NULL),(225,22,NULL,'邮编','postcode','String',0,1,6,NULL,NULL,'邮编','2019-06-12 08:01:38',NULL),(226,22,NULL,'联系地址','address','String',0,1,50,NULL,NULL,'联系地址','2019-06-12 08:01:38',NULL),(227,22,NULL,'省(所在地区)','province_','String',0,1,30,NULL,NULL,'省(所在地区)','2019-06-12 08:01:38',NULL),(228,22,NULL,'市(所在地区)','city_','String',0,1,30,NULL,NULL,'市(所在地区)','2019-06-12 08:01:38',NULL),(229,22,NULL,'区(所在地区)','area_','String',0,1,30,NULL,NULL,'区(所在地区)','2019-06-12 08:01:38',NULL),(230,22,NULL,'联系人','link_man','String',0,1,30,NULL,NULL,'联系人','2019-06-12 08:01:38',NULL),(231,22,NULL,'建院年份','found_year','String',0,1,10,NULL,NULL,'建院年份','2019-06-12 08:01:38',NULL),(232,22,NULL,'是否中心医院(0-否 1-是)','is_center','Integer',0,0,NULL,NULL,NULL,'是否中心医院(0-否 1-是)','2019-06-12 08:01:38',NULL),(233,22,NULL,'科室数量','org_num','Integer',0,1,NULL,NULL,NULL,'科室数量','2019-06-12 08:01:38',NULL),(234,22,NULL,'医护人数','medic_num','Integer',0,1,NULL,NULL,NULL,'医护人数','2019-06-12 08:01:38',NULL),(235,22,NULL,'病床数量','sickbed_num','Integer',0,1,NULL,NULL,NULL,'病床数量','2019-06-12 08:01:38',NULL),(236,22,NULL,'是否支持医保(0-否 1-是)','is_insurance','Integer',0,1,NULL,NULL,NULL,'是否支持医保(0-否 1-是)','2019-06-12 08:01:38',NULL),(237,22,NULL,'医院简介','intro_','String',0,1,65535,NULL,NULL,'医院简介','2019-06-12 08:01:38',NULL),(238,22,NULL,'先进设备','advance_device','String',0,1,65535,NULL,NULL,'先进设备','2019-06-12 08:01:38',NULL),(239,22,NULL,'医院网址','url_','String',0,1,150,NULL,NULL,'医院网址','2019-06-12 08:01:38',NULL),(240,22,NULL,'创建人','creator_id','Long',0,0,NULL,NULL,NULL,'创建人','2019-06-12 08:01:38',NULL),(241,22,NULL,'创建时间','created_time','String',0,0,19,NULL,NULL,'创建时间','2019-06-12 08:01:38',NULL),(242,22,NULL,'logo img url','logo_url','String',0,1,100,NULL,NULL,'logo img url','2019-06-12 08:01:38',NULL),(243,22,NULL,'中心ID','central_id','Long',0,1,NULL,NULL,NULL,'中心ID','2019-06-12 08:01:38',NULL),(244,23,NULL,'主键','id_','Long',0,0,NULL,NULL,NULL,'主键','2019-06-12 08:01:38',NULL),(245,23,NULL,'','name_','String',0,1,50,NULL,NULL,'','2019-06-12 08:01:38',NULL),(246,23,NULL,'操作的用户id','user_id','Long',0,0,NULL,NULL,NULL,'操作的用户id','2019-06-12 08:01:38',NULL),(247,23,NULL,'发生时间','created_time','String',0,0,19,NULL,NULL,'发生时间','2019-06-12 08:01:38',NULL),(248,23,NULL,'执行方法','function_name','String',0,1,150,NULL,NULL,'执行方法','2019-06-12 08:01:38',NULL),(249,23,NULL,'动作信息','remark_','String',0,1,150,NULL,NULL,'动作信息','2019-06-12 08:01:38',NULL),(250,23,NULL,'是否成功 0-否  1-是','is_success','Integer',0,0,NULL,NULL,NULL,'是否成功 0-否  1-是','2019-06-12 08:01:38',NULL),(251,23,NULL,'','code_','String',0,1,50,NULL,NULL,'','2019-06-12 08:01:38',NULL),(252,24,NULL,'主键','id_','Long',0,0,NULL,NULL,NULL,'主键','2019-06-12 08:01:38',NULL),(253,24,NULL,'机构名称','name_','String',0,0,50,NULL,NULL,'机构名称','2019-06-12 08:01:38',NULL),(254,24,NULL,'机构短名','short_name','String',0,1,50,NULL,NULL,'机构短名','2019-06-12 08:01:38',NULL),(255,24,NULL,'所属医院','hospital_id','Long',0,0,NULL,NULL,NULL,'所属医院','2019-06-12 08:01:38',NULL),(256,24,NULL,'父机构ID','parent_id','Long',0,1,NULL,NULL,NULL,'父机构ID','2019-06-12 08:01:38',NULL),(257,24,NULL,'机构负责人','manager_','String',0,1,30,NULL,NULL,'机构负责人','2019-06-12 08:01:38',NULL),(258,24,NULL,'联系电话','phone_','String',0,1,15,NULL,NULL,'联系电话','2019-06-12 08:01:38',NULL),(259,24,NULL,'机构层级','level_','Integer',0,1,NULL,NULL,NULL,'机构层级','2019-06-12 08:01:38',NULL),(260,24,NULL,'排序顺序','order_','Integer',0,1,NULL,NULL,NULL,'排序顺序','2019-06-12 08:01:38',NULL),(261,24,NULL,'创建人','creator_id','Long',0,0,NULL,NULL,NULL,'创建人','2019-06-12 08:01:38',NULL),(262,24,NULL,'创建时间','created_time','String',0,0,19,NULL,NULL,'创建时间','2019-06-12 08:01:38',NULL),(263,25,NULL,'','id_','Long',0,0,NULL,NULL,NULL,'','2019-06-12 08:01:38',NULL),(264,25,NULL,'','hospital_id','Long',0,1,NULL,NULL,NULL,'','2019-06-12 08:01:38',NULL),(265,25,NULL,'','org_id','Long',0,1,NULL,NULL,NULL,'','2019-06-12 08:01:38',NULL),(266,25,NULL,'许可码','token_','String',0,1,50,NULL,NULL,'许可码','2019-06-12 08:01:38',NULL),(267,25,NULL,'有效截止日期','valid_date','String',0,1,10,NULL,NULL,'有效截止日期','2019-06-12 08:01:38',NULL),(268,25,NULL,'权限：0-只读 2-读写','authority_','Integer',0,1,NULL,NULL,NULL,'权限：0-只读 2-读写','2019-06-12 08:01:38',NULL),(269,25,NULL,'','created_time','String',0,1,19,NULL,NULL,'','2019-06-12 08:01:38',NULL),(270,25,NULL,'','creator_id','Long',0,1,NULL,NULL,NULL,'','2019-06-12 08:01:38',NULL),(271,25,NULL,'句柄钥匙','token_key','String',0,1,20,NULL,NULL,'句柄钥匙','2019-06-12 08:01:38',NULL),(272,26,NULL,'主键,自增','id_','Long',0,0,NULL,NULL,NULL,'主键,自增','2019-06-12 08:01:38',NULL),(273,26,NULL,'','level_','Integer',0,1,NULL,NULL,NULL,'','2019-06-12 08:01:38',NULL),(274,26,NULL,'角色代码','code_','String',0,0,30,NULL,NULL,'角色代码','2019-06-12 08:01:38',NULL),(275,26,NULL,'角色名称','name_','String',0,0,30,NULL,NULL,'角色名称','2019-06-12 08:01:38',NULL),(276,26,NULL,'状态：0-无效 1-正常','status_',NULL,0,0,1,NULL,NULL,'状态：0-无效 1-正常','2019-06-12 08:01:38',NULL),(277,26,NULL,'创建人id','creator_id','Long',0,0,NULL,NULL,NULL,'创建人id','2019-06-12 08:01:38',NULL),(278,26,NULL,'创建时间','created_time','String',0,0,19,NULL,NULL,'创建时间','2019-06-12 08:01:38',NULL),(279,26,NULL,'描述','remark_','String',0,1,300,NULL,NULL,'描述','2019-06-12 08:01:38',NULL),(280,27,NULL,'','id_','Long',0,0,NULL,NULL,NULL,'','2019-06-12 08:01:38',NULL),(281,27,NULL,'角色ID','role_id','Long',0,1,NULL,NULL,NULL,'角色ID','2019-06-12 08:01:38',NULL),(282,27,NULL,'功能ID','function_id','Long',0,1,NULL,NULL,NULL,'功能ID','2019-06-12 08:01:38',NULL),(283,28,NULL,'主键','id_','Long',0,0,NULL,NULL,NULL,'主键','2019-06-12 08:01:38',NULL),(284,28,NULL,'序列的key','key_','String',0,0,50,NULL,NULL,'序列的key','2019-06-12 08:01:38',NULL),(285,28,NULL,'','value_','Long',0,1,NULL,NULL,NULL,'','2019-06-12 08:01:38',NULL),(286,28,NULL,'序列值','sequence_','Long',0,1,NULL,NULL,NULL,'序列值','2019-06-12 08:01:38',NULL),(287,28,NULL,'','created_time','String',0,1,19,NULL,NULL,'','2019-06-12 08:01:38',NULL),(288,28,NULL,'','update_time','String',0,1,19,NULL,NULL,'','2019-06-12 08:01:38',NULL),(289,28,NULL,'','update_version','String',0,1,50,NULL,NULL,'','2019-06-12 08:01:38',NULL),(290,29,NULL,'用户ID','id_','Long',0,0,NULL,NULL,NULL,'用户ID','2019-06-12 08:01:38',NULL),(291,29,NULL,'用户角色ID','role_id','Long',0,0,NULL,NULL,NULL,'用户角色ID','2019-06-12 08:01:38',NULL),(292,29,NULL,'用户名称','user_name','String',0,0,30,NULL,NULL,'用户名称','2019-06-12 08:01:38',NULL),(293,29,NULL,'登录名','login_name','String',0,0,40,NULL,NULL,'登录名','2019-06-12 08:01:38',NULL),(294,29,NULL,'登录密码','login_pwd','String',0,0,40,NULL,NULL,'登录密码','2019-06-12 08:01:38',NULL),(295,29,NULL,'出生日期','birth_','String',0,1,10,NULL,NULL,'出生日期','2019-06-12 08:01:38',NULL),(296,29,NULL,'性别：0-女 1-男','sex_','Integer',0,1,NULL,NULL,NULL,'性别：0-女 1-男','2019-06-12 08:01:38',NULL),(297,29,NULL,'身份证号','id_card','String',0,1,25,NULL,NULL,'身份证号','2019-06-12 08:01:38',NULL),(298,29,NULL,'手机号','mobile_','String',0,1,12,NULL,NULL,'手机号','2019-06-12 08:01:38',NULL),(299,29,NULL,'固定电话','phone_','String',0,1,12,NULL,NULL,'固定电话','2019-06-12 08:01:38',NULL),(300,29,NULL,'邮箱','email_','String',0,1,30,NULL,NULL,'邮箱','2019-06-12 08:01:38',NULL),(301,29,NULL,'民族','nation_','String',0,1,30,NULL,NULL,'民族','2019-06-12 08:01:38',NULL),(302,29,NULL,'文化程度','culture_level','String',0,1,30,NULL,NULL,'文化程度','2019-06-12 08:01:38',NULL),(303,29,NULL,'中心ID','central_id','Long',0,1,NULL,NULL,NULL,'中心ID','2019-06-12 08:01:38',NULL),(304,29,NULL,'医院ID','hospital_id','Long',0,1,NULL,NULL,NULL,'医院ID','2019-06-12 08:01:38',NULL),(305,29,NULL,'科室ID','org_id','Long',0,1,NULL,NULL,NULL,'科室ID','2019-06-12 08:01:38',NULL),(306,29,NULL,'0-禁用 1-未激活 2-正常','status_','Integer',0,0,NULL,NULL,NULL,'0-禁用 1-未激活 2-正常','2019-06-12 08:01:38',NULL),(307,29,NULL,'出生地','birth_place','String',0,1,150,NULL,NULL,'出生地','2019-06-12 08:01:38',NULL),(308,29,NULL,'现居住地','now_place','String',0,1,150,NULL,NULL,'现居住地','2019-06-12 08:01:38',NULL),(309,29,NULL,'创建人','creator_id','Long',0,1,NULL,NULL,NULL,'创建人','2019-06-12 08:01:38',NULL),(310,29,NULL,'创建时间','created_time','String',0,0,19,NULL,NULL,'创建时间','2019-06-12 08:01:38',NULL),(311,29,NULL,'备注','remark_','String',0,1,300,NULL,NULL,'备注','2019-06-12 08:01:38',NULL),(312,29,NULL,'数据同步ID','sync_id','String',0,1,20,NULL,NULL,'数据同步ID','2019-06-12 08:01:38',NULL),(313,29,1,'唯一标示','uuid_','String',0,0,10,'*','12222222222dsdfsl','','2019-06-12 08:03:44',NULL),(314,29,0,'更新时间','update_time','String',0,1,10,'*','2019-06-12 16:04:05','','2019-06-12 08:04:11',NULL),(315,30,NULL,'','id','Long',0,0,NULL,NULL,NULL,'','2019-06-12 08:01:39',NULL),(316,30,NULL,'','wear_id','Long',0,1,NULL,NULL,NULL,'','2019-06-12 08:01:39',NULL),(317,30,NULL,'','type','Integer',0,1,NULL,NULL,NULL,'','2019-06-12 08:01:39',NULL),(318,30,NULL,'','content','String',0,1,50,NULL,NULL,'','2019-06-12 08:01:39',NULL),(319,30,NULL,'','time','Double',0,1,NULL,NULL,NULL,'','2019-06-12 08:01:39',NULL),(320,31,NULL,'','id','Long',0,0,NULL,NULL,NULL,'','2019-06-12 08:01:39',NULL),(321,31,NULL,'','wear_id','Long',0,1,NULL,NULL,NULL,'','2019-06-12 08:01:39',NULL),(322,31,NULL,'','value','Double',0,1,NULL,NULL,NULL,'','2019-06-12 08:01:39',NULL),(323,31,NULL,'','current','Double',0,1,NULL,NULL,NULL,'','2019-06-12 08:01:39',NULL),(324,31,NULL,'','time','String',0,1,19,NULL,NULL,'','2019-06-12 08:01:39',NULL),(325,31,NULL,'','created','String',0,1,19,NULL,NULL,'','2019-06-12 08:01:39',NULL),(326,32,NULL,'','id','Long',0,0,NULL,NULL,NULL,'','2019-06-12 08:01:39',NULL),(327,32,NULL,'','wear_id','Long',0,1,NULL,NULL,NULL,'','2019-06-12 08:01:39',NULL),(328,32,NULL,'','value','Double',0,1,NULL,NULL,NULL,'','2019-06-12 08:01:39',NULL),(329,32,NULL,'','time','String',0,1,19,NULL,NULL,'','2019-06-12 08:01:39',NULL),(330,32,NULL,'','created','String',0,1,19,NULL,NULL,'','2019-06-12 08:01:39',NULL),(331,33,NULL,'','id_','Long',0,0,NULL,NULL,NULL,'','2019-06-12 08:01:39',NULL),(332,33,NULL,'','id_card','String',0,1,50,NULL,NULL,'','2019-06-12 08:01:39',NULL),(333,33,NULL,'','emitter','String',0,1,50,NULL,NULL,'','2019-06-12 08:01:39',NULL),(334,33,NULL,'','sensor','String',0,1,50,NULL,NULL,'','2019-06-12 08:01:39',NULL),(335,33,NULL,'','start','String',0,1,19,NULL,NULL,'','2019-06-12 08:01:39',NULL),(336,33,NULL,'','end','String',0,1,19,NULL,NULL,'','2019-06-12 08:01:39',NULL),(337,33,NULL,'','count','Integer',0,1,NULL,NULL,NULL,'','2019-06-12 08:01:39',NULL),(338,33,NULL,'','avg_glucose','Double',0,1,NULL,NULL,NULL,'','2019-06-12 08:01:39',NULL),(339,33,NULL,'','avg_current','Double',0,1,NULL,NULL,NULL,'','2019-06-12 08:01:39',NULL),(340,33,NULL,'','stddev_pop_current','Double',0,1,NULL,NULL,NULL,'','2019-06-12 08:01:39',NULL),(341,33,NULL,'','stddev_pop_glucose','Double',0,1,NULL,NULL,NULL,'','2019-06-12 08:01:39',NULL),(342,33,NULL,'','stddev_samp_glucose','Double',0,1,NULL,NULL,NULL,'','2019-06-12 08:01:39',NULL),(343,33,NULL,'','stddev_samp_current','Double',0,1,NULL,NULL,NULL,'','2019-06-12 08:01:39',NULL),(344,34,NULL,'主键','id_','Long',0,0,NULL,NULL,NULL,'主键','2019-06-12 08:01:39',NULL),(345,34,NULL,'用户ID','user_id','Long',0,0,NULL,NULL,NULL,'用户ID','2019-06-12 08:01:39',NULL),(346,34,NULL,'发射器编号','emitter_code','String',0,0,20,NULL,NULL,'发射器编号','2019-06-12 08:01:39',NULL),(347,34,NULL,'传感器编号','sensor_code','String',0,0,20,NULL,NULL,'传感器编号','2019-06-12 08:01:39',NULL),(348,34,NULL,'设备工作状态 1-设备极化中,2-传感器极化中,还需180分钟,3-正常,4-发射器失去连接,5-发射器失去连接20分钟,6-发射器失去连接60分钟,7-监测已结束','work_status','Integer',0,0,NULL,NULL,NULL,'设备工作状态 1-设备极化中,2-传感器极化中,还需180分钟,3-正常,4-发射器失去连接,5-发射器失去连接20分钟,6-发射器失去连接60分钟,7-监测已结束','2019-06-12 08:01:39',NULL),(349,34,NULL,'','collected_time','String',0,1,19,NULL,NULL,'','2019-06-12 08:01:39',NULL),(350,34,NULL,'创建时间','created_time','String',0,0,19,NULL,NULL,'创建时间','2019-06-12 08:01:39',NULL),(351,35,NULL,'','id_','Long',0,0,NULL,NULL,NULL,'','2019-06-12 08:01:39',NULL),(352,35,NULL,'','name_','String',0,1,50,NULL,NULL,'','2019-06-12 08:01:39',NULL),(353,35,NULL,'','content_','String',0,1,65535,NULL,NULL,'','2019-06-12 08:01:39',NULL),(354,35,NULL,'','user_id','Long',0,1,NULL,NULL,NULL,'','2019-06-12 08:01:39',NULL),(355,35,NULL,'','created_time','String',0,1,19,NULL,NULL,'','2019-06-12 08:01:39',NULL),(356,35,NULL,'','success_','Integer',0,1,NULL,NULL,NULL,'','2019-06-12 08:01:39',NULL),(357,35,NULL,'协议版本编号','protocol_','Integer',0,1,NULL,NULL,NULL,'协议版本编号','2019-06-12 08:01:39',NULL),(358,35,NULL,'客户端编号 1-360-ios 2-360-android 11-examination-ios 12-examination-android','customer_','Integer',0,1,NULL,NULL,NULL,'客户端编号 1-360-ios 2-360-android 11-examination-ios 12-examination-android','2019-06-12 08:01:39',NULL),(359,35,NULL,'','millis_','Long',0,1,NULL,NULL,NULL,'','2019-06-12 08:01:39',NULL),(360,35,NULL,'流水号','serial_','Integer',0,1,NULL,NULL,NULL,'流水号','2019-06-12 08:01:39',NULL),(361,36,NULL,'','id_','Long',0,0,NULL,NULL,NULL,'','2019-06-12 08:01:39',NULL),(362,36,NULL,'发射器编号','emitter_','String',0,1,20,NULL,NULL,'发射器编号','2019-06-12 08:01:39',NULL),(363,36,NULL,'传感器编号','sensor_','String',0,1,20,NULL,NULL,'传感器编号','2019-06-12 08:01:39',NULL),(364,36,NULL,'佩戴时间','time_','String',0,1,19,NULL,NULL,'佩戴时间','2019-06-12 08:01:39',NULL),(365,36,NULL,'客户端软件版本','version_','String',0,1,20,NULL,NULL,'客户端软件版本','2019-06-12 08:01:39',NULL),(366,36,NULL,'系统版本','sys_','String',0,1,20,NULL,NULL,'系统版本','2019-06-12 08:01:39',NULL),(367,36,NULL,'生产商','product_','String',0,1,20,NULL,NULL,'生产商','2019-06-12 08:01:39',NULL),(368,36,NULL,'手机型号','model_','String',0,1,20,NULL,NULL,'手机型号','2019-06-12 08:01:39',NULL),(369,36,NULL,'发射器编号','imei_','String',0,1,20,NULL,NULL,'发射器编号','2019-06-12 08:01:39',NULL),(370,36,NULL,'手机其他信息','phone_','String',0,1,65535,NULL,NULL,'手机其他信息','2019-06-12 08:01:39',NULL),(371,36,NULL,'','created_time','String',0,1,NULL,NULL,NULL,'','2019-06-12 08:01:39',NULL),(372,37,NULL,'','id_','Long',0,0,NULL,NULL,NULL,'','2019-06-12 08:01:39',NULL),(373,37,NULL,'发射器编号','emitter_','String',0,1,20,NULL,NULL,'发射器编号','2019-06-12 08:01:39',NULL),(374,37,NULL,'传感器编号','sensor_','String',0,1,20,NULL,NULL,'传感器编号','2019-06-12 08:01:39',NULL),(375,37,NULL,'佩戴时间','time_','String',0,1,19,NULL,NULL,'佩戴时间','2019-06-12 08:01:39',NULL),(376,37,NULL,'日志类型','type_','Integer',0,1,NULL,NULL,NULL,'日志类型','2019-06-12 08:01:39',NULL),(377,37,NULL,'日志内容','log_','String',0,1,65535,NULL,NULL,'日志内容','2019-06-12 08:01:39',NULL),(378,37,NULL,'日志时间','log_time','String',0,1,19,NULL,NULL,'日志时间','2019-06-12 08:01:39',NULL),(379,37,NULL,'','created_time','String',0,1,NULL,NULL,NULL,'','2019-06-12 08:01:39',NULL),(380,38,NULL,'','id_','Long',0,0,NULL,NULL,NULL,'','2019-06-12 08:01:39',NULL),(381,38,NULL,'','name_','String',0,1,50,NULL,NULL,'','2019-06-12 08:01:39',NULL),(382,38,NULL,'','type_','String',0,1,50,NULL,NULL,'','2019-06-12 08:01:39',NULL),(383,38,NULL,'','login_name','String',0,1,50,NULL,NULL,'','2019-06-12 08:01:39',NULL),(384,38,NULL,'','code_','String',0,1,50,NULL,NULL,'','2019-06-12 08:01:39',NULL),(385,38,NULL,'','accept_','Integer',0,1,NULL,NULL,NULL,'','2019-06-12 08:01:39',NULL),(386,38,NULL,'','created_time','String',0,1,19,NULL,NULL,'','2019-06-12 08:01:39',NULL),(387,39,NULL,'','id_','Long',0,0,NULL,NULL,NULL,'','2019-06-12 08:01:39',NULL),(388,39,NULL,'酶电极批号','batch_','String',0,1,8,NULL,NULL,'酶电极批号','2019-06-12 08:01:39',NULL),(389,39,NULL,'起始单元号','unit_start','Integer',0,1,NULL,NULL,NULL,'起始单元号','2019-06-12 08:01:39',NULL),(390,39,NULL,'结束单元号','unit_end','Integer',0,1,NULL,NULL,NULL,'结束单元号','2019-06-12 08:01:39',NULL),(391,39,NULL,'日期','date_','String',0,1,10,NULL,NULL,'日期','2019-06-12 08:01:39',NULL),(392,39,NULL,'','time_','String',0,1,2,NULL,NULL,'','2019-06-12 08:01:39',NULL),(393,39,NULL,'投产数','count_','Integer',0,1,NULL,NULL,NULL,'投产数','2019-06-12 08:01:39',NULL),(394,39,NULL,'合格数','qualified_','Integer',0,1,NULL,NULL,NULL,'合格数','2019-06-12 08:01:39',NULL),(395,39,NULL,'开始时间','ea_start','String',0,1,8,NULL,NULL,'开始时间','2019-06-12 08:01:39',NULL),(396,39,NULL,'结束时间','ea_end','String',0,1,8,NULL,NULL,'结束时间','2019-06-12 08:01:39',NULL),(397,39,NULL,'湿度 室外','ea_humidity1','Double',0,1,NULL,NULL,NULL,'湿度 室外','2019-06-12 08:01:39',NULL),(398,39,NULL,'湿度 房间','ea_humidity2','Double',0,1,NULL,NULL,NULL,'湿度 房间','2019-06-12 08:01:39',NULL),(399,39,NULL,'湿度 通风橱','ea_humidity3','Double',0,1,NULL,NULL,NULL,'湿度 通风橱','2019-06-12 08:01:39',NULL),(400,39,NULL,'湿度 手套箱','ea_humidity4','Double',0,1,NULL,NULL,NULL,'湿度 手套箱','2019-06-12 08:01:39',NULL),(401,39,NULL,'温度 室外','ea_temperature1','Double',0,1,NULL,NULL,NULL,'温度 室外','2019-06-12 08:01:39',NULL),(402,39,NULL,'温度 房间','ea_temperature2','Double',0,1,NULL,NULL,NULL,'温度 房间','2019-06-12 08:01:39',NULL),(403,39,NULL,'温度 通风橱','ea_temperature3','Double',0,1,NULL,NULL,NULL,'温度 通风橱','2019-06-12 08:01:39',NULL),(404,39,NULL,'温度 手套箱','ea_temperature4','Double',0,1,NULL,NULL,NULL,'温度 手套箱','2019-06-12 08:01:39',NULL),(405,39,NULL,'操作员','ea_operator','String',0,1,20,NULL,NULL,'操作员','2019-06-12 08:01:39',NULL),(406,39,NULL,'开始时间','eb_start','String',0,1,8,NULL,NULL,'开始时间','2019-06-12 08:01:39',NULL),(407,39,NULL,'结束时间','eb_end','String',0,1,8,NULL,NULL,'结束时间','2019-06-12 08:01:39',NULL),(408,39,NULL,'湿度 室外','eb_humidity1','Double',0,1,NULL,NULL,NULL,'湿度 室外','2019-06-12 08:01:39',NULL),(409,39,NULL,'湿度 房间','eb_humidity2','Double',0,1,NULL,NULL,NULL,'湿度 房间','2019-06-12 08:01:39',NULL),(410,39,NULL,'湿度 通风橱','eb_humidity3','Double',0,1,NULL,NULL,NULL,'湿度 通风橱','2019-06-12 08:01:39',NULL),(411,39,NULL,'湿度 手套箱','eb_humidity4','Double',0,1,NULL,NULL,NULL,'湿度 手套箱','2019-06-12 08:01:39',NULL),(412,39,NULL,'温度 室外','eb_temperature1','Double',0,1,NULL,NULL,NULL,'温度 室外','2019-06-12 08:01:39',NULL),(413,39,NULL,'温度 房间','eb_temperature2','Double',0,1,NULL,NULL,NULL,'温度 房间','2019-06-12 08:01:39',NULL),(414,39,NULL,'温度 通风橱','eb_temperature3','Double',0,1,NULL,NULL,NULL,'温度 通风橱','2019-06-12 08:01:39',NULL),(415,39,NULL,'温度 手套箱','eb_temperature4','Double',0,1,NULL,NULL,NULL,'温度 手套箱','2019-06-12 08:01:39',NULL),(416,39,NULL,'操作员','eb_operator','String',0,1,20,NULL,NULL,'操作员','2019-06-12 08:01:39',NULL),(417,39,NULL,'开始时间','ed_start','String',0,1,8,NULL,NULL,'开始时间','2019-06-12 08:01:39',NULL),(418,39,NULL,'结束时间','ed_end','String',0,1,8,NULL,NULL,'结束时间','2019-06-12 08:01:39',NULL),(419,39,NULL,'湿度 室外','ed_humidity1','Double',0,1,NULL,NULL,NULL,'湿度 室外','2019-06-12 08:01:39',NULL),(420,39,NULL,'湿度 房间','ed_humidity2','Double',0,1,NULL,NULL,NULL,'湿度 房间','2019-06-12 08:01:39',NULL),(421,39,NULL,'湿度 通风橱','ed_humidity3','Double',0,1,NULL,NULL,NULL,'湿度 通风橱','2019-06-12 08:01:39',NULL),(422,39,NULL,'湿度 手套箱','ed_humidity4','Double',0,1,NULL,NULL,NULL,'湿度 手套箱','2019-06-12 08:01:39',NULL),(423,39,NULL,'温度 室外','ed_temperature1','Double',0,1,NULL,NULL,NULL,'温度 室外','2019-06-12 08:01:39',NULL),(424,39,NULL,'温度 房间','ed_temperature2','Double',0,1,NULL,NULL,NULL,'温度 房间','2019-06-12 08:01:39',NULL),(425,39,NULL,'温度 通风橱','ed_temperature3','Double',0,1,NULL,NULL,NULL,'温度 通风橱','2019-06-12 08:01:39',NULL),(426,39,NULL,'温度 手套箱','ed_temperature4','Double',0,1,NULL,NULL,NULL,'温度 手套箱','2019-06-12 08:01:39',NULL),(427,39,NULL,'操作员','ed_operator','String',0,1,20,NULL,NULL,'操作员','2019-06-12 08:01:39',NULL),(428,39,NULL,'','created_time','String',0,1,19,NULL,NULL,'','2019-06-12 08:01:39',NULL),(429,40,NULL,'','id_','Long',0,0,NULL,NULL,NULL,'','2019-06-12 08:01:39',NULL),(430,40,NULL,'编号','code_','String',0,1,20,NULL,NULL,'编号','2019-06-12 08:01:39',NULL),(431,40,NULL,'批号','batch_','String',0,1,6,NULL,NULL,'批号','2019-06-12 08:01:39',NULL),(432,40,NULL,'单元号','unit_','Integer',0,1,NULL,NULL,NULL,'单元号','2019-06-12 08:01:39',NULL),(433,40,NULL,'序号0-9','index_','Integer',0,1,NULL,NULL,NULL,'序号0-9','2019-06-12 08:01:39',NULL),(434,40,NULL,'金针批号','gold_batch','String',0,1,8,NULL,NULL,'金针批号','2019-06-12 08:01:39',NULL),(435,40,NULL,'金针编号','gold_unit','Integer',0,1,NULL,NULL,NULL,'金针编号','2019-06-12 08:01:39',NULL),(436,40,NULL,'金针序号0-9','gold_index','Integer',0,1,NULL,NULL,NULL,'金针序号0-9','2019-06-12 08:01:39',NULL),(437,40,NULL,'灵敏度','sensitivity_','Double',0,1,NULL,NULL,NULL,'灵敏度','2019-06-12 08:01:39',NULL),(438,40,NULL,'线性度','linearity_','Double',0,1,NULL,NULL,NULL,'线性度','2019-06-12 08:01:39',NULL),(439,40,NULL,'','created_time','String',0,1,19,NULL,NULL,'','2019-06-12 08:01:39',NULL),(440,41,NULL,'','id_','Long',0,0,NULL,NULL,NULL,'','2019-06-12 08:01:39',NULL),(441,41,NULL,'编号','code_','String',0,1,20,NULL,NULL,'编号','2019-06-12 08:01:39',NULL),(442,41,NULL,'批号','batch_','String',0,1,6,NULL,NULL,'批号','2019-06-12 08:01:39',NULL),(443,41,NULL,'单元号','unit_','Integer',0,1,NULL,NULL,NULL,'单元号','2019-06-12 08:01:39',NULL),(444,41,NULL,'序号0-9','index_','Integer',0,1,NULL,NULL,NULL,'序号0-9','2019-06-12 08:01:39',NULL),(445,41,NULL,'金针批号','gold_batch','String',0,1,8,NULL,NULL,'金针批号','2019-06-12 08:01:39',NULL),(446,41,NULL,'金针编号','gold_unit','Integer',0,1,NULL,NULL,NULL,'金针编号','2019-06-12 08:01:39',NULL),(447,41,NULL,'金针序号0-9','gold_index','Integer',0,1,NULL,NULL,NULL,'金针序号0-9','2019-06-12 08:01:39',NULL),(448,41,NULL,'灵敏度','sensitivity_','Double',0,1,NULL,NULL,NULL,'灵敏度','2019-06-12 08:01:39',NULL),(449,41,NULL,'线性度','linearity_','Double',0,1,NULL,NULL,NULL,'线性度','2019-06-12 08:01:39',NULL),(450,41,NULL,'','created_time','String',0,1,19,NULL,NULL,'','2019-06-12 08:01:39',NULL),(451,41,NULL,'投产数量','production_count','Integer',0,1,NULL,NULL,NULL,'投产数量','2019-06-12 08:01:39',NULL),(452,41,NULL,'弯曲不良','poor_bend','Integer',0,1,NULL,NULL,NULL,'弯曲不良','2019-06-12 08:01:39',NULL),(453,41,NULL,'外观不良','bad_appearance','Integer',0,1,NULL,NULL,NULL,'外观不良','2019-06-12 08:01:39',NULL),(454,41,NULL,'包装数','package_count','Integer',0,1,NULL,NULL,NULL,'包装数','2019-06-12 08:01:39',NULL),(455,41,NULL,'初始污染','initial_pollution','Integer',0,1,NULL,NULL,NULL,'初始污染','2019-06-12 08:01:39',NULL),(456,41,NULL,'请验数','check_count','Integer',0,1,NULL,NULL,NULL,'请验数','2019-06-12 08:01:39',NULL),(457,41,NULL,'抽样','sample_count','Integer',0,1,NULL,NULL,NULL,'抽样','2019-06-12 08:01:39',NULL),(458,41,NULL,'性能不良','poor_performance','Integer',0,1,NULL,NULL,NULL,'性能不良','2019-06-12 08:01:39',NULL),(459,41,NULL,'合格数','unit_qualified','Integer',0,1,NULL,NULL,NULL,'合格数','2019-06-12 08:01:39',NULL),(460,41,NULL,'肉毒素化学性能','chemistry_performance','Integer',0,1,NULL,NULL,NULL,'肉毒素化学性能','2019-06-12 08:01:39',NULL),(461,41,NULL,'无菌检测','sterility_test','Integer',0,1,NULL,NULL,NULL,'无菌检测','2019-06-12 08:01:39',NULL),(462,41,NULL,'实物入库','store_count','Integer',0,1,NULL,NULL,NULL,'实物入库','2019-06-12 08:01:39',NULL),(463,41,NULL,'无菌留样','sterile_sample','Integer',0,1,NULL,NULL,NULL,'无菌留样','2019-06-12 08:01:39',NULL),(464,41,NULL,'性能留样','performance_sample','Integer',0,1,NULL,NULL,NULL,'性能留样','2019-06-12 08:01:39',NULL),(465,41,NULL,'发货数','ship_count','Integer',0,1,NULL,NULL,NULL,'发货数','2019-06-12 08:01:39',NULL),(466,41,NULL,'日期','coating_date','String',0,1,10,NULL,NULL,'日期','2019-06-12 08:01:39',NULL),(467,41,NULL,'投产数','coating_count','Integer',0,1,NULL,NULL,NULL,'投产数','2019-06-12 08:01:39',NULL),(468,41,NULL,'合格数','coating_qualified','Integer',0,1,NULL,NULL,NULL,'合格数','2019-06-12 08:01:39',NULL),(469,41,NULL,'开始时间','ea_start','String',0,1,8,NULL,NULL,'开始时间','2019-06-12 08:01:39',NULL),(470,41,NULL,'结束时间','ea_end','String',0,1,8,NULL,NULL,'结束时间','2019-06-12 08:01:39',NULL),(471,41,NULL,'湿度 室外','ea_humidity1','Double',0,1,NULL,NULL,NULL,'湿度 室外','2019-06-12 08:01:39',NULL),(472,41,NULL,'湿度 房间','ea_humidity2','Double',0,1,NULL,NULL,NULL,'湿度 房间','2019-06-12 08:01:39',NULL),(473,41,NULL,'湿度 通风橱','ea_humidity3','Double',0,1,NULL,NULL,NULL,'湿度 通风橱','2019-06-12 08:01:39',NULL),(474,41,NULL,'湿度 手套箱','ea_humidity4','Double',0,1,NULL,NULL,NULL,'湿度 手套箱','2019-06-12 08:01:39',NULL),(475,41,NULL,'温度 室外','ea_temperature1','Double',0,1,NULL,NULL,NULL,'温度 室外','2019-06-12 08:01:39',NULL),(476,41,NULL,'温度 房间','ea_temperature2','Double',0,1,NULL,NULL,NULL,'温度 房间','2019-06-12 08:01:39',NULL),(477,41,NULL,'温度 通风橱','ea_temperature3','Double',0,1,NULL,NULL,NULL,'温度 通风橱','2019-06-12 08:01:39',NULL),(478,41,NULL,'温度 手套箱','ea_temperature4','Double',0,1,NULL,NULL,NULL,'温度 手套箱','2019-06-12 08:01:39',NULL),(479,41,NULL,'操作员','ea_operator','String',0,1,20,NULL,NULL,'操作员','2019-06-12 08:01:39',NULL),(480,41,NULL,'开始时间','eb_start','String',0,1,8,NULL,NULL,'开始时间','2019-06-12 08:01:39',NULL),(481,41,NULL,'结束时间','eb_end','String',0,1,8,NULL,NULL,'结束时间','2019-06-12 08:01:39',NULL),(482,41,NULL,'湿度 室外','eb_humidity1','Double',0,1,NULL,NULL,NULL,'湿度 室外','2019-06-12 08:01:39',NULL),(483,41,NULL,'湿度 房间','eb_humidity2','Double',0,1,NULL,NULL,NULL,'湿度 房间','2019-06-12 08:01:39',NULL),(484,41,NULL,'湿度 通风橱','eb_humidity3','Double',0,1,NULL,NULL,NULL,'湿度 通风橱','2019-06-12 08:01:39',NULL),(485,41,NULL,'湿度 手套箱','eb_humidity4','Double',0,1,NULL,NULL,NULL,'湿度 手套箱','2019-06-12 08:01:39',NULL),(486,41,NULL,'温度 室外','eb_temperature1','Double',0,1,NULL,NULL,NULL,'温度 室外','2019-06-12 08:01:39',NULL),(487,41,NULL,'温度 房间','eb_temperature2','Double',0,1,NULL,NULL,NULL,'温度 房间','2019-06-12 08:01:39',NULL),(488,41,NULL,'温度 通风橱','eb_temperature3','Double',0,1,NULL,NULL,NULL,'温度 通风橱','2019-06-12 08:01:39',NULL),(489,41,NULL,'温度 手套箱','eb_temperature4','Double',0,1,NULL,NULL,NULL,'温度 手套箱','2019-06-12 08:01:39',NULL),(490,41,NULL,'操作员','eb_operator','String',0,1,20,NULL,NULL,'操作员','2019-06-12 08:01:39',NULL),(491,41,NULL,'开始时间','ed_start','String',0,1,8,NULL,NULL,'开始时间','2019-06-12 08:01:39',NULL),(492,41,NULL,'结束时间','ed_end','String',0,1,8,NULL,NULL,'结束时间','2019-06-12 08:01:39',NULL),(493,41,NULL,'湿度 室外','ed_humidity1','Double',0,1,NULL,NULL,NULL,'湿度 室外','2019-06-12 08:01:39',NULL),(494,41,NULL,'湿度 房间','ed_humidity2','Double',0,1,NULL,NULL,NULL,'湿度 房间','2019-06-12 08:01:39',NULL),(495,41,NULL,'湿度 通风橱','ed_humidity3','Double',0,1,NULL,NULL,NULL,'湿度 通风橱','2019-06-12 08:01:39',NULL),(496,41,NULL,'湿度 手套箱','ed_humidity4','Double',0,1,NULL,NULL,NULL,'湿度 手套箱','2019-06-12 08:01:39',NULL),(497,41,NULL,'温度 室外','ed_temperature1','Double',0,1,NULL,NULL,NULL,'温度 室外','2019-06-12 08:01:39',NULL),(498,41,NULL,'温度 房间','ed_temperature2','Double',0,1,NULL,NULL,NULL,'温度 房间','2019-06-12 08:01:39',NULL),(499,41,NULL,'温度 通风橱','ed_temperature3','Double',0,1,NULL,NULL,NULL,'温度 通风橱','2019-06-12 08:01:39',NULL),(500,41,NULL,'温度 手套箱','ed_temperature4','Double',0,1,NULL,NULL,NULL,'温度 手套箱','2019-06-12 08:01:39',NULL),(501,41,NULL,'操作员','ed_operator','String',0,1,20,NULL,NULL,'操作员','2019-06-12 08:01:39',NULL),(502,42,NULL,'','id_','Long',0,0,NULL,NULL,NULL,'','2019-06-12 08:01:39',NULL),(503,42,NULL,'批号','batch_','String',0,1,6,NULL,NULL,'批号','2019-06-12 08:01:39',NULL),(504,42,NULL,'单元号','unit_','Integer',0,1,NULL,NULL,NULL,'单元号','2019-06-12 08:01:39',NULL),(505,42,NULL,'投产数量','production_count','Integer',0,1,NULL,NULL,NULL,'投产数量','2019-06-12 08:01:39',NULL),(506,42,NULL,'弯曲不良','poor_bend','Integer',0,1,NULL,NULL,NULL,'弯曲不良','2019-06-12 08:01:39',NULL),(507,42,NULL,'外观不良','bad_appearance','Integer',0,1,NULL,NULL,NULL,'外观不良','2019-06-12 08:01:39',NULL),(508,42,NULL,'包装数','package_count','Integer',0,1,NULL,NULL,NULL,'包装数','2019-06-12 08:01:39',NULL),(509,42,NULL,'初始污染','initial_pollution','Integer',0,1,NULL,NULL,NULL,'初始污染','2019-06-12 08:01:39',NULL),(510,42,NULL,'请验数','check_count','Integer',0,1,NULL,NULL,NULL,'请验数','2019-06-12 08:01:39',NULL),(511,42,NULL,'抽样','sample_count','Integer',0,1,NULL,NULL,NULL,'抽样','2019-06-12 08:01:39',NULL),(512,42,NULL,'性能不良','poor_performance','Integer',0,1,NULL,NULL,NULL,'性能不良','2019-06-12 08:01:39',NULL),(513,42,NULL,'合格数','unit_qualified','Integer',0,1,NULL,NULL,NULL,'合格数','2019-06-12 08:01:39',NULL),(514,42,NULL,'肉毒素化学性能','chemistry_performance','Integer',0,1,NULL,NULL,NULL,'肉毒素化学性能','2019-06-12 08:01:39',NULL),(515,42,NULL,'无菌检测','sterility_test','Integer',0,1,NULL,NULL,NULL,'无菌检测','2019-06-12 08:01:39',NULL),(516,42,NULL,'实物入库','store_count','Integer',0,1,NULL,NULL,NULL,'实物入库','2019-06-12 08:01:39',NULL),(517,42,NULL,'无菌留样','sterile_sample','Integer',0,1,NULL,NULL,NULL,'无菌留样','2019-06-12 08:01:39',NULL),(518,42,NULL,'性能留样','performance_sample','Integer',0,1,NULL,NULL,NULL,'性能留样','2019-06-12 08:01:39',NULL),(519,42,NULL,'发货数','ship_count','Integer',0,1,NULL,NULL,NULL,'发货数','2019-06-12 08:01:39',NULL),(520,42,NULL,'','created_time','String',0,1,19,NULL,NULL,'','2019-06-12 08:01:39',NULL),(521,43,NULL,'','id_','Long',0,0,NULL,NULL,NULL,'','2019-06-12 08:01:40',NULL),(522,43,NULL,'指标名称','name_','String',0,0,50,NULL,NULL,'指标名称','2019-06-12 08:01:40',NULL),(523,43,NULL,'指标类型','type_','String',0,0,20,NULL,NULL,'指标类型','2019-06-12 08:01:40',NULL),(524,43,NULL,'是否显示名称：0-不可见,1-可见','is_display_name','Integer',0,1,NULL,NULL,NULL,'是否显示名称：0-不可见,1-可见','2019-06-12 08:01:40',NULL),(525,43,NULL,'排列顺序：0.值-名称1.名称-值','sort_type','Integer',0,1,NULL,NULL,NULL,'排列顺序：0.值-名称1.名称-值','2019-06-12 08:01:40',NULL),(526,43,NULL,'分组id','group_id','Long',0,1,NULL,NULL,NULL,'分组id','2019-06-12 08:01:40',NULL),(527,43,NULL,'指标单位','unit_','String',0,1,20,NULL,NULL,'指标单位','2019-06-12 08:01:40',NULL),(528,43,NULL,'','created_time','String',0,1,19,NULL,NULL,'','2019-06-12 08:01:40',NULL),(529,43,NULL,'','creator_id','Long',0,1,NULL,NULL,NULL,'','2019-06-12 08:01:40',NULL),(530,44,NULL,'','id_','Long',0,0,NULL,NULL,NULL,'','2019-06-12 08:01:40',NULL),(531,44,NULL,'值','value_','String',0,0,100,NULL,NULL,'值','2019-06-12 08:01:40',NULL),(532,44,NULL,'可以编辑','is_edit','Long',0,1,NULL,NULL,NULL,'可以编辑','2019-06-12 08:01:40',NULL),(533,44,NULL,'指标id','item_id','Long',0,0,NULL,NULL,NULL,'指标id','2019-06-12 08:01:40',NULL),(534,44,NULL,'','created_time','String',0,0,19,NULL,NULL,'','2019-06-12 08:01:40',NULL),(535,44,NULL,'','creator_id','Long',0,1,NULL,NULL,NULL,'','2019-06-12 08:01:40',NULL),(536,45,NULL,'','id_','Long',0,0,NULL,NULL,NULL,'','2019-06-12 08:01:40',NULL),(537,45,NULL,'分组名称','name_','String',0,0,50,NULL,NULL,'分组名称','2019-06-12 08:01:40',NULL),(538,45,NULL,'','created_time','String',0,0,19,NULL,NULL,'','2019-06-12 08:01:40',NULL),(539,45,NULL,'','creator_id','Long',0,1,NULL,NULL,NULL,'','2019-06-12 08:01:40',NULL),(540,46,NULL,'','id_','Long',0,0,NULL,NULL,NULL,'','2019-06-12 08:01:40',NULL),(541,46,NULL,'模板名称','name_','String',0,0,50,NULL,NULL,'模板名称','2019-06-12 08:01:40',NULL),(542,46,NULL,'状态','status_','Integer',0,0,NULL,NULL,NULL,'状态:1-未发布,2-已发布','2019-06-12 08:01:40',NULL),(543,46,NULL,'','created_time','String',0,0,19,NULL,NULL,'','2019-06-12 08:01:40',NULL),(544,46,NULL,'','creator_id','Long',0,1,NULL,NULL,NULL,'','2019-06-12 08:01:40',NULL),(545,47,NULL,'','id_','Long',0,0,NULL,NULL,NULL,'','2019-06-12 08:01:40',NULL),(546,47,NULL,'模板id','model_id','Long',0,1,NULL,NULL,NULL,'模板id','2019-06-12 08:01:40',NULL),(547,47,NULL,'段落id','paragraph_id','Long',0,1,NULL,NULL,NULL,'段落id','2019-06-12 08:01:40',NULL),(548,47,NULL,'指标id','item_id','Long',0,1,NULL,NULL,NULL,'指标id','2019-06-12 08:01:40',NULL),(549,47,NULL,'是否显示名称','is_display_name','Integer',0,1,NULL,NULL,NULL,'是否显示名称','2019-06-12 08:01:40',NULL),(550,47,NULL,'排序类型1：名称在前','sort_type','Integer',0,1,NULL,NULL,NULL,'排序类型1：名称在前','2019-06-12 08:01:40',NULL),(551,47,NULL,'结尾符号','symbol_','String',0,1,50,NULL,NULL,'结尾符号','2019-06-12 08:01:40',NULL),(552,47,NULL,'顺序(由小到大)','order_','Long',0,1,NULL,NULL,NULL,'顺序(由小到大)','2019-06-12 08:01:40',NULL),(553,47,NULL,'','created_time','String',0,1,19,NULL,NULL,'','2019-06-12 08:01:40',NULL),(554,47,NULL,'','creator_id','Long',0,1,NULL,NULL,NULL,'','2019-06-12 08:01:40',NULL),(555,48,NULL,'','id_','Long',0,0,NULL,NULL,NULL,'','2019-06-12 08:01:40',NULL),(556,48,NULL,'名称','name_','String',0,1,50,NULL,NULL,'名称','2019-06-12 08:01:40',NULL),(557,48,NULL,'模板id','model_id','Long',0,1,NULL,NULL,NULL,'模板id','2019-06-12 08:01:40',NULL),(558,48,NULL,'顺序','order_','Integer',0,1,NULL,NULL,NULL,'顺序','2019-06-12 08:01:40',NULL),(559,48,NULL,'','created_time','String',0,1,19,NULL,NULL,'','2019-06-12 08:01:40',NULL),(560,48,NULL,'','creator_id','Long',0,1,NULL,NULL,NULL,'','2019-06-12 08:01:40',NULL),(561,49,NULL,'','id_','Long',0,0,NULL,NULL,NULL,'','2019-06-12 08:01:40',NULL),(562,49,NULL,'病历id','emr_id','Long',0,1,NULL,NULL,NULL,'病历id','2019-06-12 08:01:40',NULL),(563,49,NULL,'指标id','item_id','Long',0,1,NULL,NULL,NULL,'指标id','2019-06-12 08:01:40',NULL),(564,49,NULL,'指标值','item_value','String',0,1,100,NULL,NULL,'指标值','2019-06-12 08:01:40',NULL),(565,50,NULL,'','id_','Long',0,0,NULL,NULL,NULL,'','2019-06-12 08:01:40',NULL),(566,50,NULL,'患者id','user_id','Long',0,1,NULL,NULL,NULL,'患者id','2019-06-12 08:01:40',NULL),(567,50,NULL,'模板id','model_id','Long',0,1,NULL,NULL,NULL,'模板id','2019-06-12 08:01:40',NULL),(568,50,NULL,'病历号','emr_code','String',0,1,30,NULL,NULL,'病历号','2019-06-12 08:01:40',NULL),(569,50,NULL,'就诊次数','count_','Integer',0,1,NULL,NULL,NULL,'就诊次数','2019-06-12 08:01:40',NULL),(570,50,NULL,'','created_time','String',0,1,19,NULL,NULL,'','2019-06-12 08:01:40',NULL),(571,50,NULL,'','creator_id','Long',0,1,NULL,NULL,NULL,'','2019-06-12 08:01:40',NULL),(572,51,NULL,'','id_','Long',0,0,NULL,NULL,NULL,'','2019-06-12 08:01:40',NULL),(573,51,NULL,'名称','name_','String',0,1,50,NULL,NULL,'名称','2019-06-12 08:01:40',NULL),(574,51,NULL,'','created_time','String',0,1,19,NULL,NULL,'','2019-06-12 08:01:40',NULL),(575,51,NULL,'','creator_id','Long',0,1,NULL,NULL,NULL,'','2019-06-12 08:01:40',NULL),(576,52,NULL,'','id_','Long',0,0,NULL,NULL,NULL,'','2019-06-12 08:01:40',NULL),(577,52,NULL,'查询id','query_id','Long',0,1,NULL,NULL,NULL,'查询id','2019-06-12 08:01:40',NULL),(578,52,NULL,'指标id','item_id','Long',0,1,NULL,NULL,NULL,'指标id','2019-06-12 08:01:40',NULL),(579,53,NULL,'','lat_','Double',0,1,NULL,NULL,NULL,'','2019-06-12 08:01:40',NULL),(580,53,NULL,'','lng_','Double',0,1,NULL,NULL,NULL,'','2019-06-12 08:01:40',NULL),(581,53,NULL,'','address_','String',0,1,200,NULL,NULL,'','2019-06-12 08:01:40',NULL),(582,54,NULL,'ID,主键','id_','Long',0,0,NULL,NULL,NULL,'ID,主键','2019-06-12 08:01:40',NULL),(583,54,NULL,'用户Id','user_id','Long',0,0,NULL,NULL,NULL,'用户Id','2019-06-12 08:01:40',NULL),(584,54,NULL,'经度','longitude','Double',0,0,NULL,NULL,NULL,'经度','2019-06-12 08:01:40',NULL),(585,54,NULL,'偏移经度','lng_offset','Double',0,1,NULL,NULL,NULL,'偏移经度','2019-06-12 08:01:40',NULL),(586,54,NULL,'E','longitude_flag',NULL,0,0,1,NULL,NULL,'E:东经;W:西经','2019-06-12 08:01:40',NULL),(587,54,NULL,'纬度','latitude','Double',0,0,NULL,NULL,NULL,'纬度','2019-06-12 08:01:40',NULL),(588,54,NULL,'偏移纬度','lat_offset','Double',0,1,NULL,NULL,NULL,'偏移纬度','2019-06-12 08:01:40',NULL),(589,54,NULL,'N','latitude_flag',NULL,0,0,1,NULL,NULL,'N:北纬;S:南纬','2019-06-12 08:01:40',NULL),(590,54,NULL,'单位','speed','Double',0,1,NULL,NULL,NULL,'单位:公里','2019-06-12 08:01:40',NULL),(591,54,NULL,'方向','direction','Double',0,1,NULL,NULL,NULL,'方向','2019-06-12 08:01:40',NULL),(592,54,NULL,'采集方式,1','collect_method',NULL,0,0,1,NULL,NULL,'采集方式,1:GPS,2:基站,3:北斗','2019-06-12 08:01:40',NULL),(593,54,NULL,'','status_',NULL,0,0,1,NULL,NULL,'','2019-06-12 08:01:40',NULL),(594,54,NULL,'点类型,1','type_',NULL,0,0,1,NULL,NULL,'点类型,1:可以在地图上标识的点;2:被认为是与前点重叠的点','2019-06-12 08:01:40',NULL),(595,54,NULL,'GIS地址描述','gis_address','String',0,1,200,NULL,NULL,'GIS地址描述','2019-06-12 08:01:40',NULL),(596,54,NULL,'距前点距离','dist_to_prev','Double',0,1,NULL,NULL,NULL,'距前点距离','2019-06-12 08:01:40',NULL),(597,54,NULL,'停留时间(分钟)','residence_time','Integer',0,1,NULL,NULL,NULL,'停留时间(分钟)','2019-06-12 08:01:40',NULL),(598,54,NULL,'采集时间','collected_time','String',0,1,19,NULL,NULL,'采集时间','2019-06-12 08:01:40',NULL),(599,54,NULL,'入库时间','created_time','String',0,0,19,NULL,NULL,'入库时间','2019-06-12 08:01:40',NULL),(600,55,NULL,'患者id','user_id','Long',0,0,NULL,NULL,NULL,'患者id','2019-06-12 08:01:40',NULL),(601,55,NULL,'用户姓名','name_','String',0,0,60,NULL,NULL,'用户姓名','2019-06-12 08:01:40',NULL),(602,55,NULL,'0','status_','Integer',0,0,NULL,NULL,NULL,'0:未启用;1:正常;2:禁用','2019-06-12 08:01:40',NULL),(603,55,NULL,'最后经度','last_lng','Double',0,1,NULL,NULL,NULL,'最后经度','2019-06-12 08:01:40',NULL),(604,55,NULL,'偏移后的经度','last_offsetlng','Double',0,1,NULL,NULL,NULL,'偏移后的经度','2019-06-12 08:01:40',NULL),(605,55,NULL,'最后纬度','last_lat','Double',0,1,NULL,NULL,NULL,'最后纬度','2019-06-12 08:01:40',NULL),(606,55,NULL,'偏移后的纬度','last_offsetlat','Double',0,1,NULL,NULL,NULL,'偏移后的纬度','2019-06-12 08:01:40',NULL),(607,55,NULL,'最后速度','last_speed','Double',0,1,NULL,NULL,NULL,'最后速度','2019-06-12 08:01:40',NULL),(608,55,NULL,'最后位置','last_position','String',0,1,100,NULL,NULL,'最后位置','2019-06-12 08:01:40',NULL),(609,55,NULL,'距离前点','dist_to_prev','Double',0,1,NULL,NULL,NULL,'距离前点','2019-06-12 08:01:40',NULL),(610,55,NULL,'停留时间(分钟)','residence_time','Integer',0,1,NULL,NULL,NULL,'停留时间(分钟)','2019-06-12 08:01:40',NULL),(611,55,NULL,'采集时间','collected_time','String',0,1,19,NULL,NULL,'采集时间','2019-06-12 08:01:40',NULL),(612,55,NULL,'最后的状态','last_status',NULL,0,1,1,NULL,NULL,'最后的状态','2019-06-12 08:01:40',NULL),(613,55,NULL,'最后一次有效数据的采集时间','last_validtime','String',0,1,19,NULL,NULL,'最后一次有效数据的采集时间','2019-06-12 08:01:40',NULL),(614,55,NULL,'服务器处理的最后时间','last_server_time','String',0,1,19,NULL,NULL,'服务器处理的最后时间','2019-06-12 08:01:40',NULL),(615,55,NULL,'创建时间','created_time','String',0,0,19,NULL,NULL,'创建时间','2019-06-12 08:01:40',NULL),(616,55,NULL,'','remark_','String',0,1,60,NULL,NULL,'','2019-06-12 08:01:40',NULL),(617,55,NULL,'最后方向','last_direction','Double',0,1,NULL,NULL,NULL,'最后方向','2019-06-12 08:01:40',NULL),(618,56,NULL,'','LNG','Double',0,0,NULL,NULL,NULL,'','2019-06-12 08:01:41',NULL),(619,56,NULL,'','lat','Double',0,0,NULL,NULL,NULL,'','2019-06-12 08:01:41',NULL),(620,56,NULL,'','offset_x','Integer',0,0,NULL,NULL,NULL,'','2019-06-12 08:01:41',NULL),(621,56,NULL,'','offset_y','Integer',0,0,NULL,NULL,NULL,'','2019-06-12 08:01:41',NULL),(622,56,NULL,'','OFFSET_LNG','Double',0,0,NULL,NULL,NULL,'','2019-06-12 08:01:41',NULL),(623,56,NULL,'','OFFSET_LAT','Double',0,0,NULL,NULL,NULL,'','2019-06-12 08:01:41',NULL),(624,57,NULL,'告警信息主键id','id_','Long',0,0,NULL,NULL,NULL,'告警信息主键id','2019-06-12 08:01:41',NULL),(625,57,NULL,'佩戴传感器用户主键','user_id','Long',0,1,NULL,NULL,NULL,'佩戴传感器用户主键','2019-06-12 08:01:41',NULL),(626,57,NULL,'告警时间','alert_time','String',0,1,19,NULL,NULL,'告警时间','2019-06-12 08:01:41',NULL),(627,57,NULL,'门限值','alert_value','Double',0,1,NULL,NULL,NULL,'门限值','2019-06-12 08:01:41',NULL),(628,57,NULL,'告警值','current_value','Double',0,1,NULL,NULL,NULL,'告警值','2019-06-12 08:01:41',NULL),(629,57,NULL,'告警类型','alert_type','Integer',0,1,NULL,NULL,NULL,'告警类型:1-持续高血糖告警,2-持续低血糖告警,3-发射器断开连接,4-佩戴超时告警,20-高电流,21-低电流','2019-06-12 08:01:41',NULL),(630,57,NULL,'告警级别','alert_level','Integer',0,1,NULL,NULL,NULL,'告警级别:1-红色最高级,2-黄色紧急告警,3-绿色最低级别','2019-06-12 08:01:41',NULL),(631,57,NULL,'当前需要处理此告警的医院','hospital_id','Long',0,1,NULL,NULL,NULL,'当前需要处理此告警的医院','2019-06-12 08:01:41',NULL),(632,57,NULL,'当前需要处理此告警的科室','org_id','Long',0,1,NULL,NULL,NULL,'当前需要处理此告警的科室','2019-06-12 08:01:41',NULL),(633,57,NULL,'告警状态','status_','Integer',0,1,NULL,NULL,NULL,'告警状态:0-未处理,1-已处理','2019-06-12 08:01:41',NULL),(634,57,NULL,'确认处理用户主键','confirm_id','Long',0,1,NULL,NULL,NULL,'确认处理用户主键','2019-06-12 08:01:41',NULL),(635,57,NULL,'确认时间','confirm_time','String',0,1,19,NULL,NULL,'确认时间','2019-06-12 08:01:41',NULL),(636,57,NULL,'云端创建时间','created_time','String',0,1,19,NULL,NULL,'云端创建时间','2019-06-12 08:01:41',NULL),(637,57,NULL,'告警内容','content_','String',0,1,1000,NULL,NULL,'告警内容','2019-06-12 08:01:41',NULL),(638,58,NULL,'主键','id_','Long',0,0,NULL,NULL,NULL,'主键','2019-06-12 08:01:41',NULL),(639,58,NULL,'告警主键','alert_id','Long',0,1,NULL,NULL,NULL,'告警主键','2019-06-12 08:01:41',NULL),(640,58,NULL,'创建人/提交人主键','creator_id','Long',0,1,NULL,NULL,NULL,'创建人/提交人主键','2019-06-12 08:01:41',NULL),(641,58,NULL,'提交时设定','hospital_id','Long',0,1,NULL,NULL,NULL,'提交时设定','2019-06-12 08:01:41',NULL),(642,58,NULL,'提交时设定','org_id','Long',0,1,NULL,NULL,NULL,'提交时设定','2019-06-12 08:01:41',NULL),(643,58,NULL,'创建时间','created_time','String',0,1,19,NULL,NULL,'创建时间','2019-06-12 08:01:41',NULL),(644,58,NULL,'处理人','handle_id','Long',0,1,NULL,NULL,NULL,'处理人','2019-06-12 08:01:41',NULL),(645,58,NULL,'处理/确认时间','handle_time','String',0,1,19,NULL,NULL,'处理/确认时间','2019-06-12 08:01:41',NULL),(646,58,NULL,'0.未处理1.确认、结束告警2.上报告警','handle_status','Integer',0,1,NULL,NULL,NULL,'0.未处理1.确认、结束告警2.上报告警','2019-06-12 08:01:41',NULL),(647,58,NULL,'处理意见或过程','remark_','String',0,1,100,NULL,NULL,'处理意见或过程','2019-06-12 08:01:41',NULL),(648,59,NULL,'','id_','Long',0,0,NULL,NULL,NULL,'','2019-06-12 08:01:41',NULL),(649,59,NULL,'','patient_id','Long',0,1,NULL,NULL,NULL,'','2019-06-12 08:01:41',NULL),(650,59,NULL,'','user_id','Long',0,1,NULL,NULL,NULL,'','2019-06-12 08:01:41',NULL),(651,60,NULL,'用户ID','user_id','Long',0,0,NULL,NULL,NULL,'用户ID','2019-06-12 08:01:41',NULL),(652,60,NULL,'患者ID','patient_id','Long',0,0,NULL,NULL,NULL,'患者ID','2019-06-12 08:01:41',NULL),(653,60,NULL,'关注时间','attention_time','String',0,0,19,NULL,NULL,'关注时间','2019-06-12 08:01:41',NULL),(654,61,NULL,'中心医院ID','center_id','Long',0,0,NULL,NULL,NULL,'中心医院ID','2019-06-12 08:01:41',NULL),(655,61,NULL,'医院ID','hospital_id','Long',0,0,NULL,NULL,NULL,'医院ID','2019-06-12 08:01:41',NULL),(656,62,NULL,'主键','id_','Long',0,0,NULL,NULL,NULL,'主键','2019-06-12 08:01:41',NULL),(657,62,NULL,'资料分类ID','type_id','Long',0,0,NULL,NULL,NULL,'资料分类ID','2019-06-12 08:01:41',NULL),(658,62,NULL,'标题','title_','String',0,0,50,NULL,NULL,'标题','2019-06-12 08:01:41',NULL),(659,62,NULL,'资料内容','content_','String',0,1,65535,NULL,NULL,'资料内容','2019-06-12 08:01:41',NULL),(660,62,NULL,'浏览数量','browse_num','Integer',0,1,NULL,NULL,NULL,'浏览数量','2019-06-12 08:01:41',NULL),(661,62,NULL,'最后更新时间','last_edit_time','String',0,1,19,NULL,NULL,'最后更新时间','2019-06-12 08:01:41',NULL),(662,62,NULL,'创建人','creator_id','Long',0,0,NULL,NULL,NULL,'创建人','2019-06-12 08:01:41',NULL),(663,62,NULL,'创建时间','created_time','String',0,0,19,NULL,NULL,'创建时间','2019-06-12 08:01:41',NULL),(664,62,NULL,'资料简介','intro_','String',0,1,200,NULL,NULL,'资料简介','2019-06-12 08:01:41',NULL),(665,63,NULL,'主键','id_','Long',0,0,NULL,NULL,NULL,'主键','2019-06-12 08:01:41',NULL),(666,63,NULL,'分类名称','name_','String',0,0,50,NULL,NULL,'分类名称','2019-06-12 08:01:41',NULL),(667,63,NULL,'父分类ID','parent_id','Long',0,1,NULL,NULL,NULL,'父分类ID','2019-06-12 08:01:41',NULL),(668,63,NULL,'显示顺序','order_','Integer',0,1,NULL,NULL,NULL,'显示顺序','2019-06-12 08:01:41',NULL),(669,63,NULL,'创建人','creator_id','Long',0,0,NULL,NULL,NULL,'创建人','2019-06-12 08:01:41',NULL),(670,63,NULL,'创建时间','created_time','String',0,0,19,NULL,NULL,'创建时间','2019-06-12 08:01:41',NULL),(671,64,NULL,'','user_id','Long',0,0,NULL,NULL,NULL,'','2019-06-12 08:01:41',NULL),(672,64,NULL,'','token_','String',0,1,50,NULL,NULL,'','2019-06-12 08:01:41',NULL),(673,64,NULL,'','valid_date','String',0,1,10,NULL,NULL,'','2019-06-12 08:01:41',NULL),(674,64,NULL,'','author_id','Long',0,1,NULL,NULL,NULL,'','2019-06-12 08:01:41',NULL),(675,64,NULL,'0-为认证1-查询2-上传和查询','authority_','Integer',0,1,NULL,NULL,NULL,'0-为认证1-查询2-上传和查询','2019-06-12 08:01:41',NULL),(676,64,NULL,'','any_organization','Boolean',0,0,NULL,NULL,NULL,'','2019-06-12 08:01:41',NULL),(677,65,NULL,'','id_','Long',0,0,NULL,NULL,NULL,'','2019-06-12 08:01:41',NULL),(678,65,NULL,'发射器代码','emitter_type','String',0,0,20,NULL,NULL,'发射器代码','2019-06-12 08:01:41',NULL),(679,65,NULL,'高电流告警值(mA)','high_current',NULL,0,0,NULL,NULL,NULL,'高电流告警值(mA)','2019-06-12 08:01:41',NULL),(680,65,NULL,'低电流告警值(mA)','low_current',NULL,0,0,NULL,NULL,NULL,'低电流告警值(mA)','2019-06-12 08:01:41',NULL),(681,65,NULL,'高电流持续时长(分钟)','high_current_sustain_time','Long',0,1,NULL,NULL,NULL,'高电流持续时长(分钟)','2019-06-12 08:01:41',NULL),(682,65,NULL,'低电流持续时长(分钟)','low_current_sustain_time','Long',0,1,NULL,NULL,NULL,'低电流持续时长(分钟)','2019-06-12 08:01:41',NULL),(683,65,NULL,'佩戴超时告警值(天)','adorn_timeout','Integer',0,0,NULL,NULL,NULL,'佩戴超时告警值(天)','2019-06-12 08:01:41',NULL),(684,66,NULL,'','id_','Long',0,0,NULL,NULL,NULL,'','2019-06-12 08:01:41',NULL),(685,66,NULL,'发射器工厂编号','code_','String',0,1,20,NULL,NULL,'发射器工厂编号','2019-06-12 08:01:41',NULL),(686,66,NULL,'收货人','receive_','String',0,1,65535,NULL,NULL,'收货人','2019-06-12 08:01:41',NULL),(687,66,NULL,'收货地址','address_','String',0,1,65535,NULL,NULL,'收货地址','2019-06-12 08:01:41',NULL),(688,66,NULL,'发货日期','ship_date',NULL,0,1,NULL,NULL,NULL,'发货日期','2019-06-12 08:01:41',NULL),(689,66,NULL,'','created_time','String',0,1,NULL,NULL,NULL,'','2019-06-12 08:01:41',NULL),(690,66,NULL,'发射器蓝牙名称','emitter_','String',0,1,20,NULL,NULL,'发射器蓝牙名称','2019-06-12 08:01:41',NULL),(691,67,NULL,'主键','id_','Long',0,0,NULL,NULL,NULL,'主键','2019-06-12 08:01:41',NULL),(692,67,NULL,'用户id','user_id','Long',0,0,NULL,NULL,NULL,'用户id','2019-06-12 08:01:41',NULL),(693,67,NULL,'事件类型代码(1','event_type','Integer',0,0,NULL,NULL,NULL,'事件类型代码(1:饮食;2:注射胰岛素;3:用药;4:锻炼;5:情绪)','2019-06-12 08:01:41',NULL),(694,67,NULL,'餐别(1-早餐,2-中餐,3-晚餐)','meal_type','Integer',0,1,NULL,NULL,NULL,'餐别(1-早餐,2-中餐,3-晚餐)','2019-06-12 08:01:41',NULL),(695,67,NULL,'餐食内容','food_','String',0,1,100,NULL,NULL,'餐食内容','2019-06-12 08:01:41',NULL),(696,67,NULL,'胰岛素名称','insulin_','String',0,1,40,NULL,NULL,'胰岛素名称','2019-06-12 08:01:41',NULL),(697,67,NULL,'胰岛素单位','insulin_unit','Integer',0,1,NULL,NULL,NULL,'胰岛素单位','2019-06-12 08:01:41',NULL),(698,67,NULL,'用药药品名称','medicine_','String',0,1,40,NULL,NULL,'用药药品名称','2019-06-12 08:01:41',NULL),(699,67,NULL,'用药剂量','medicine_unit','Integer',0,1,NULL,NULL,NULL,'用药剂量','2019-06-12 08:01:41',NULL),(700,67,NULL,'锻炼时长(分钟)','exercise_time','Integer',0,1,NULL,NULL,NULL,'锻炼时长(分钟)','2019-06-12 08:01:41',NULL),(701,67,NULL,'事件时间','event_time','String',0,1,19,NULL,NULL,'事件时间','2019-06-12 08:01:41',NULL),(702,67,NULL,'录入人','creator_id','Long',0,0,NULL,NULL,NULL,'录入人','2019-06-12 08:01:41',NULL),(703,67,NULL,'录入时间','created_time','String',0,0,19,NULL,NULL,'录入时间','2019-06-12 08:01:41',NULL),(704,67,NULL,'备注','remark_','String',0,1,300,NULL,NULL,'备注','2019-06-12 08:01:41',NULL),(705,67,NULL,'','meal_time','Integer',0,1,NULL,NULL,NULL,'','2019-06-12 08:01:41',NULL),(706,67,NULL,'','glucose_peak','Integer',0,1,NULL,NULL,NULL,'','2019-06-12 08:01:41',NULL),(707,67,NULL,'','insulin_efficacy','Integer',0,1,NULL,NULL,NULL,'','2019-06-12 08:01:41',NULL),(708,67,NULL,'','medicine_efficacy','Integer',0,1,NULL,NULL,NULL,'','2019-06-12 08:01:41',NULL),(709,67,NULL,'饮食图片id','diet_photo_id','Long',0,1,NULL,NULL,NULL,'饮食图片id','2019-06-12 08:01:41',NULL),(710,67,NULL,'佩戴记录id','wear_id','Long',0,1,NULL,NULL,NULL,'佩戴记录id','2019-06-12 08:01:41',NULL),(711,68,NULL,'主键','id_','Long',0,0,NULL,NULL,NULL,'主键','2019-06-12 08:01:41',NULL),(712,68,NULL,'用户id','user_id','Long',0,0,NULL,NULL,NULL,'用户id','2019-06-12 08:01:41',NULL),(713,68,NULL,'血糖值','value_','Double',0,0,NULL,NULL,NULL,'血糖值','2019-06-12 08:01:41',NULL),(714,68,NULL,'电流值','current_value','Double',0,1,NULL,NULL,NULL,'电流值','2019-06-12 08:01:41',NULL),(715,68,NULL,'采集时间','collected_time','String',0,1,19,NULL,NULL,'采集时间','2019-06-12 08:01:41',NULL),(716,68,NULL,'创建时间','created_time','String',0,0,19,NULL,NULL,'创建时间','2019-06-12 08:01:41',NULL),(717,68,NULL,'','voltage_','Double',0,0,NULL,NULL,NULL,'','2019-06-12 08:01:41',NULL),(718,68,NULL,'佩戴记录id','wear_id','Long',0,1,NULL,NULL,NULL,'佩戴记录id','2019-06-12 08:01:41',NULL),(719,68,NULL,'','analysis_wear_id','Long',0,1,NULL,NULL,NULL,'','2019-06-12 08:01:41',NULL),(720,69,NULL,'主键','id_','Long',0,0,NULL,NULL,NULL,'主键','2019-06-12 08:01:41',NULL),(721,69,NULL,'标题','title_','String',0,0,40,NULL,NULL,'标题','2019-06-12 08:01:41',NULL),(722,69,NULL,'内容','content_','String',0,1,65535,NULL,NULL,'内容','2019-06-12 08:01:41',NULL),(723,69,NULL,'分享次数','share_count','Integer',0,1,NULL,NULL,NULL,'分享次数','2019-06-12 08:01:41',NULL),(724,69,NULL,'主题类型：1-健康饮食 2-运动健身 3-用药常识 4-胰岛素解疑','type_','Integer',0,1,NULL,NULL,NULL,'主题类型：1-健康饮食 2-运动健身 3-用药常识 4-胰岛素解疑','2019-06-12 08:01:41',NULL),(725,69,NULL,'客户端类型：1-中文版 2-国际版','client_type','Integer',0,1,NULL,NULL,NULL,'客户端类型：1-中文版 2-国际版','2019-06-12 08:01:41',NULL),(726,69,NULL,'发布时间','created_time','String',0,0,19,NULL,NULL,'发布时间','2019-06-12 08:01:41',NULL),(727,69,NULL,'发布人','creator_id','Long',0,1,NULL,NULL,NULL,'发布人','2019-06-12 08:01:41',NULL),(728,69,NULL,'附件图片id','file_id','Long',0,1,NULL,NULL,NULL,'附件图片id','2019-06-12 08:01:41',NULL),(729,69,NULL,'简介','intro_','String',0,1,300,NULL,NULL,'简介','2019-06-12 08:01:41',NULL),(730,70,NULL,'用户id','user_id','Long',0,0,NULL,NULL,NULL,'用户id','2019-06-12 08:01:41',NULL),(731,70,NULL,'佩戴记录id','wear_id','Long',0,1,NULL,NULL,NULL,'佩戴记录id','2019-06-12 08:01:41',NULL),(732,70,NULL,'血糖值','value_','Double',0,0,NULL,NULL,NULL,'血糖值','2019-06-12 08:01:41',NULL),(733,70,NULL,'电流值','current_value','Double',0,1,NULL,NULL,NULL,'电流值','2019-06-12 08:01:41',NULL),(734,70,NULL,'采集时间','collected_time','String',0,1,19,NULL,NULL,'采集时间','2019-06-12 08:01:41',NULL),(735,70,NULL,'创建时间','created_time','String',0,0,19,NULL,NULL,'创建时间','2019-06-12 08:01:41',NULL),(736,70,NULL,'','voltage_','Double',0,0,NULL,NULL,NULL,'','2019-06-12 08:01:41',NULL),(737,71,NULL,'血糖值,mmol/l','value_','Double',0,0,NULL,NULL,NULL,'血糖值,mmol/l','2019-06-12 08:01:41',NULL),(738,71,NULL,'数据时间(HH','time_','String',0,0,4,NULL,NULL,'数据时间(HH:m)','2019-06-12 08:01:41',NULL),(739,72,NULL,'血糖值,mmol/l','value_','Double',0,0,NULL,NULL,NULL,'血糖值,mmol/l','2019-06-12 08:01:42',NULL),(740,72,NULL,'数据时间(HH','time_','String',0,0,4,NULL,NULL,'数据时间(HH:m)','2019-06-12 08:01:42',NULL),(741,73,NULL,'患者用户ID','user_id','Long',0,0,NULL,NULL,NULL,'患者用户ID','2019-06-12 08:01:42',NULL),(742,73,NULL,'住院号','hospital_code','String',0,1,30,NULL,NULL,'住院号','2019-06-12 08:01:42',NULL),(743,73,NULL,'医保卡号','insurance_id','String',0,1,30,NULL,NULL,'医保卡号','2019-06-12 08:01:42',NULL),(744,73,NULL,'身高(cm)','height_','Double',0,1,NULL,NULL,NULL,'身高(cm)','2019-06-12 08:01:42',NULL),(745,73,NULL,'所在省','province_','String',0,1,30,NULL,NULL,'所在省','2019-06-12 08:01:42',NULL),(746,73,NULL,'所在市','city_','String',0,1,30,NULL,NULL,'所在市','2019-06-12 08:01:42',NULL),(747,73,NULL,'所在区','area_','String',0,1,30,NULL,NULL,'所在区','2019-06-12 08:01:42',NULL),(748,73,NULL,'糖尿病类型 1','dm_type','Integer',0,1,NULL,NULL,NULL,'糖尿病类型 1:1型 2:2型 3:妊娠 4:其他','2019-06-12 08:01:42',NULL),(749,73,NULL,'从事行业','industry_','String',0,1,30,NULL,NULL,'从事行业','2019-06-12 08:01:42',NULL),(750,73,NULL,'从事职业','job_','String',0,1,30,NULL,NULL,'从事职业','2019-06-12 08:01:42',NULL),(751,73,NULL,'不良孕产史','abnormal_pregnancy','String',0,1,20,NULL,NULL,'不良孕产史','2019-06-12 08:01:42',NULL),(752,73,NULL,'不良孕产史备注','abnormal_pregnancy_desc','String',0,1,500,NULL,NULL,'不良孕产史备注','2019-06-12 08:01:42',NULL),(753,73,NULL,'不良家族史','bad_family','String',0,1,1000,NULL,NULL,'不良家族史','2019-06-12 08:01:42',NULL),(754,73,NULL,'最高血糖告警值','high_alarm','Double',0,1,NULL,NULL,NULL,'最高血糖告警值','2019-06-12 08:01:42',NULL),(755,73,NULL,'最低血糖告警值','low_alarm','Double',0,1,NULL,NULL,NULL,'最低血糖告警值','2019-06-12 08:01:42',NULL),(756,73,NULL,'高血糖持续时长(分钟)','high_sustain_time','Integer',0,1,NULL,NULL,NULL,'高血糖持续时长(分钟)','2019-06-12 08:01:42',NULL),(757,73,NULL,'低血糖持续时长(分钟)','low_sustain_time','Integer',0,1,NULL,NULL,NULL,'低血糖持续时长(分钟)','2019-06-12 08:01:42',NULL),(758,73,NULL,'既往史','past_history','String',0,1,20,NULL,NULL,'既往史','2019-06-12 08:01:42',NULL),(759,73,NULL,'既往史备注','past_history_desc','String',0,1,500,NULL,NULL,'既往史备注','2019-06-12 08:01:42',NULL),(760,73,NULL,'手术史','surgery_history','String',0,1,20,NULL,NULL,'手术史','2019-06-12 08:01:42',NULL),(761,73,NULL,'手术史备注','surgery_history_desc','String',0,1,500,NULL,NULL,'手术史备注','2019-06-12 08:01:42',NULL),(762,73,NULL,'初产年龄','first_age','Integer',0,1,NULL,NULL,NULL,'初产年龄','2019-06-12 08:01:42',NULL),(763,73,NULL,'家庭人均月收入','avg_revenue','Double',0,1,NULL,NULL,NULL,'家庭人均月收入','2019-06-12 08:01:42',NULL),(764,73,NULL,'体重','weight_','Double',0,1,NULL,NULL,NULL,'体重','2019-06-12 08:01:42',NULL),(765,73,NULL,'最后活动时间','last_active_time','String',0,1,19,NULL,NULL,'最后活动时间','2019-06-12 08:01:42',NULL),(766,73,NULL,'','waistline_','Double',0,1,NULL,NULL,NULL,'','2019-06-12 08:01:42',NULL),(767,73,NULL,'','systolic_pressure','Double',0,1,NULL,NULL,NULL,'','2019-06-12 08:01:42',NULL),(768,73,NULL,'','have_family_history','Boolean',0,1,NULL,NULL,NULL,'','2019-06-12 08:01:42',NULL),(769,73,NULL,'','open_alarm','Boolean',0,0,NULL,NULL,NULL,'','2019-06-12 08:01:42',NULL),(770,73,NULL,'0-无糖尿病,1-I型糖尿病,2-II型糖尿病','glucose_type','Integer',0,0,NULL,NULL,NULL,'0-无糖尿病,1-I型糖尿病,2-II型糖尿病','2019-06-12 08:01:42',NULL),(771,74,NULL,'','id_','Integer',0,0,NULL,NULL,NULL,'','2019-06-12 08:01:42',NULL),(772,74,NULL,'用户id','user_id','Integer',0,0,NULL,NULL,NULL,'用户id','2019-06-12 08:01:42',NULL),(773,74,NULL,'日期','day_','String',0,1,10,NULL,NULL,'日期','2019-06-12 08:01:42',NULL),(774,74,NULL,'有效点','valid_count','Integer',0,1,NULL,NULL,NULL,'有效点','2019-06-12 08:01:42',NULL),(775,74,NULL,'有效时间(以小时为单位)','valid_time','Integer',0,1,NULL,NULL,NULL,'有效时间(以小时为单位)','2019-06-12 08:01:42',NULL),(776,74,NULL,'事件数','event_count','Integer',0,1,NULL,NULL,NULL,'事件数','2019-06-12 08:01:42',NULL),(777,74,NULL,'参比数','refer_count','Integer',0,1,NULL,NULL,NULL,'参比数','2019-06-12 08:01:42',NULL),(778,74,NULL,'最早时间','start_time','String',0,1,19,NULL,NULL,'最早时间','2019-06-12 08:01:42',NULL),(779,74,NULL,'最后时间','end_time','String',0,1,19,NULL,NULL,'最后时间','2019-06-12 08:01:42',NULL),(780,74,NULL,'最高血糖值','max_','Double',0,1,NULL,NULL,NULL,'最高血糖值','2019-06-12 08:01:42',NULL),(781,74,NULL,'最低血糖值','min_','Double',0,1,NULL,NULL,NULL,'最低血糖值','2019-06-12 08:01:42',NULL),(782,74,NULL,'葡萄糖平均值','avg_','Double',0,1,NULL,NULL,NULL,'葡萄糖平均值','2019-06-12 08:01:42',NULL),(783,74,NULL,'最大血糖波动幅度','lage_','Double',0,1,NULL,NULL,NULL,'最大血糖波动幅度','2019-06-12 08:01:42',NULL),(784,74,NULL,'血糖水平标准差','sdbg_','Double',0,1,NULL,NULL,NULL,'血糖水平标准差','2019-06-12 08:01:42',NULL),(785,74,NULL,'日间血糖平均绝对差','avg_diff','Double',0,1,NULL,NULL,NULL,'日间血糖平均绝对差','2019-06-12 08:01:42',NULL),(786,74,NULL,'血糖曲线下面积—高血糖','area_high','Double',0,1,NULL,NULL,NULL,'血糖曲线下面积—高血糖','2019-06-12 08:01:42',NULL),(787,74,NULL,'血糖曲线下面积—低血糖','area_low','Double',0,1,NULL,NULL,NULL,'血糖曲线下面积—低血糖','2019-06-12 08:01:42',NULL),(788,74,NULL,'早餐后2小时平均值','breakfast_avg','Double',0,1,NULL,NULL,NULL,'早餐后2小时平均值','2019-06-12 08:01:42',NULL),(789,74,NULL,'早餐后2小时最小值','breakfast_min','Double',0,1,NULL,NULL,NULL,'早餐后2小时最小值','2019-06-12 08:01:42',NULL),(790,74,NULL,'早餐后2小时最大值','breakfast_max','Double',0,1,NULL,NULL,NULL,'早餐后2小时最大值','2019-06-12 08:01:42',NULL),(791,74,NULL,'午餐后2小时平均值','lunch_avg','Double',0,1,NULL,NULL,NULL,'午餐后2小时平均值','2019-06-12 08:01:42',NULL),(792,74,NULL,'午餐后2小时最小值','lunch_min','Double',0,1,NULL,NULL,NULL,'午餐后2小时最小值','2019-06-12 08:01:42',NULL),(793,74,NULL,'午餐后2小时最大值','lunch_max','Double',0,1,NULL,NULL,NULL,'午餐后2小时最大值','2019-06-12 08:01:42',NULL),(794,74,NULL,'晚餐后2小时平均值','supper_avg','Double',0,1,NULL,NULL,NULL,'晚餐后2小时平均值','2019-06-12 08:01:42',NULL),(795,74,NULL,'晚餐后2小时最小值','supper_min','Double',0,1,NULL,NULL,NULL,'晚餐后2小时最小值','2019-06-12 08:01:42',NULL),(796,74,NULL,'晚餐后2小时最大值','supper_max','Double',0,1,NULL,NULL,NULL,'晚餐后2小时最大值','2019-06-12 08:01:42',NULL),(797,74,NULL,'高血糖百分比>=11.1','high_percent','Double',0,1,NULL,NULL,NULL,'高血糖百分比>=11.1','2019-06-12 08:01:42',NULL),(798,74,NULL,'高血糖百分比>=7.8','high7_percent','Double',0,1,NULL,NULL,NULL,'高血糖百分比>=7.8','2019-06-12 08:01:42',NULL),(799,74,NULL,'正常血糖百分比3.9~7.8','normal_percent','Double',0,1,NULL,NULL,NULL,'正常血糖百分比3.9~7.8','2019-06-12 08:01:42',NULL),(800,74,NULL,'低血糖百分比<=3.9','low_percent','Double',0,1,NULL,NULL,NULL,'低血糖百分比<=3.9','2019-06-12 08:01:42',NULL),(801,74,NULL,'','modd_','Double',0,1,NULL,NULL,NULL,'','2019-06-12 08:01:42',NULL),(802,75,NULL,'主键','id_','Long',0,0,NULL,NULL,NULL,'主键','2019-06-12 08:01:42',NULL),(803,75,NULL,'用户id','user_id','Long',0,0,NULL,NULL,NULL,'用户id','2019-06-12 08:01:42',NULL),(804,75,NULL,'血糖单位 1-mmol/L 2-mg/dl','unit_','Integer',0,0,NULL,NULL,NULL,'血糖单位 1-mmol/L 2-mg/dl','2019-06-12 08:01:42',NULL),(805,75,NULL,'血糖','value_','Double',0,0,NULL,NULL,NULL,'血糖','2019-06-12 08:01:42',NULL),(806,75,NULL,'采集时间','collected_time','String',0,1,19,NULL,NULL,'采集时间','2019-06-12 08:01:42',NULL),(807,75,NULL,'创建时间','created_time','String',0,0,19,NULL,NULL,'创建时间','2019-06-12 08:01:42',NULL),(808,75,NULL,'相对差平均值','mard_','Double',0,1,NULL,NULL,NULL,'相对差平均值','2019-06-12 08:01:42',NULL),(809,75,NULL,'佩戴记录id','wear_id','Long',0,1,NULL,NULL,NULL,'佩戴记录id','2019-06-12 08:01:42',NULL),(810,75,NULL,'100-upload init 110-hide on graph 111-hide on app 200-handle create 210-push to app 211-drop on app','status_','Integer',0,1,NULL,NULL,NULL,'100-upload init 110-hide on graph 111-hide on app 200-handle create 210-push to app 211-drop on app','2019-06-12 08:01:42',NULL),(811,76,NULL,'主键','id_','Long',0,0,NULL,NULL,NULL,'主键','2019-06-12 08:01:42',NULL),(812,76,NULL,'名称','name_','String',0,0,60,NULL,NULL,'名称','2019-06-12 08:01:42',NULL),(813,76,NULL,'版本','version_','String',0,0,32,NULL,NULL,'版本','2019-06-12 08:01:42',NULL),(814,76,NULL,'版本数字','version_num','Integer',0,1,NULL,NULL,NULL,'版本数字','2019-06-12 08:01:42',NULL),(815,76,NULL,'语言','language_','String',0,1,10,NULL,NULL,'语言','2019-06-12 08:01:42',NULL),(816,76,NULL,'类型,1','type_','Integer',0,1,NULL,NULL,NULL,'类型,1:PC客户端;2:手机客户端','2019-06-12 08:01:42',NULL),(817,76,NULL,'安装包附件id','file_id','Long',0,1,NULL,NULL,NULL,'安装包附件id','2019-06-12 08:01:42',NULL),(818,76,NULL,'版本说明','release_note','String',0,1,500,NULL,NULL,'版本说明','2019-06-12 08:01:42',NULL),(819,76,NULL,'发布人id','creator_id','Long',0,0,NULL,NULL,NULL,'发布人id','2019-06-12 08:01:42',NULL),(820,76,NULL,'发布时间','created_time','String',0,0,19,NULL,NULL,'发布时间','2019-06-12 08:01:42',NULL),(821,77,NULL,'','id_','Long',0,0,NULL,NULL,NULL,'','2019-06-12 08:01:42',NULL),(822,77,NULL,'视频标题','title_','String',0,0,50,NULL,NULL,'视频标题','2019-06-12 08:01:42',NULL),(823,77,NULL,'视频文件附件id','video_id','Long',0,1,NULL,NULL,NULL,'视频文件附件id','2019-06-12 08:01:42',NULL),(824,77,NULL,'图片文件附件id','image_id','Long',0,1,NULL,NULL,NULL,'图片文件附件id','2019-06-12 08:01:42',NULL),(825,77,NULL,'创建时间','created_time','String',0,1,19,NULL,NULL,'创建时间','2019-06-12 08:01:42',NULL),(826,77,NULL,'创建人','creator_id','Long',0,1,NULL,NULL,NULL,'创建人','2019-06-12 08:01:42',NULL),(827,77,NULL,'浏览次数','times_','Integer',0,1,NULL,NULL,NULL,'浏览次数','2019-06-12 08:01:42',NULL),(828,78,NULL,'','id_','Long',0,0,NULL,NULL,NULL,'','2019-06-12 08:01:42',NULL),(829,78,NULL,'','user_id','Long',0,0,NULL,NULL,NULL,'','2019-06-12 08:01:42',NULL),(830,78,NULL,'开始时间','start_time','String',0,0,19,NULL,NULL,'开始时间','2019-06-12 08:01:42',NULL),(831,78,NULL,'结束时间','end_time','String',0,1,19,NULL,NULL,'结束时间','2019-06-12 08:01:42',NULL),(832,78,NULL,'发射器编号','emitter_code','String',0,1,50,NULL,NULL,'发射器编号','2019-06-12 08:01:42',NULL),(833,78,NULL,'传感器批号','sensor_code','String',0,1,50,NULL,NULL,'传感器批号','2019-06-12 08:01:42',NULL),(834,78,NULL,'创建时间','created_time','String',0,1,19,NULL,NULL,'创建时间','2019-06-12 08:01:42',NULL),(835,78,NULL,'创建人id','creator_id','Long',0,1,NULL,NULL,NULL,'创建人id','2019-06-12 08:01:42',NULL),(836,78,NULL,'采集血糖数','glucose_count','Integer',0,1,NULL,NULL,NULL,'采集血糖数','2019-06-12 08:01:42',NULL),(837,78,NULL,'平均血糖值','avg_glucose','Double',0,1,NULL,NULL,NULL,'平均血糖值','2019-06-12 08:01:42',NULL),(838,78,NULL,'最大血糖值','max_glucose','Double',0,1,NULL,NULL,NULL,'最大血糖值','2019-06-12 08:01:42',NULL),(839,78,NULL,'最小血糖值','min_glucose','Double',0,1,NULL,NULL,NULL,'最小血糖值','2019-06-12 08:01:42',NULL),(840,78,NULL,'血糖水平标准差','sdbg_','Double',0,1,NULL,NULL,NULL,'血糖水平标准差','2019-06-12 08:01:42',NULL),(841,78,NULL,'佩戴状态','status_','Integer',0,1,NULL,NULL,NULL,'佩戴状态:1-佩戴中,2-佩戴结束','2019-06-12 08:01:42',NULL),(842,78,NULL,'血糖单位','unit_','Integer',0,1,NULL,NULL,NULL,'血糖单位:1-mmol/L,2-mg/dl','2019-06-12 08:01:42',NULL),(843,78,NULL,'数据来源软件版本(android(1.开始)、ios(2.开始)、pc(3.开始))','version_','String',0,1,30,NULL,NULL,'数据来源软件版本(android(1.开始)、ios(2.开始)、pc(3.开始))','2019-06-12 08:01:42',NULL),(844,78,NULL,'设备类型 1-TA 2-TB 3-TC 4-TH','device_type','Integer',0,1,NULL,NULL,NULL,'设备类型 1-TA 2-TB 3-TC 4-TH','2019-06-12 08:01:42',NULL),(845,78,NULL,'','quality_','Integer',0,1,NULL,NULL,NULL,'','2019-06-12 08:01:42',NULL),(846,78,NULL,'相对差平均值','mard_','Double',0,0,NULL,NULL,NULL,'相对差平均值','2019-06-12 08:01:42',NULL),(847,78,NULL,'最大mard','mard_max','Double',0,0,NULL,NULL,NULL,'最大mard','2019-06-12 08:01:42',NULL),(848,78,NULL,'最小mard','mard_min','Double',0,0,NULL,NULL,NULL,'最小mard','2019-06-12 08:01:42',NULL),(849,78,NULL,'','high_percent','Double',0,0,NULL,NULL,NULL,'','2019-06-12 08:01:42',NULL),(850,78,NULL,'','low_percent','Double',0,0,NULL,NULL,NULL,'','2019-06-12 08:01:42',NULL),(851,78,NULL,'餐后血糖','postprandial_glucose','Double',0,0,NULL,NULL,NULL,'餐后血糖','2019-06-12 08:01:42',NULL),(852,78,NULL,'空腹血糖','fasting_glucose','Double',0,0,NULL,NULL,NULL,'空腹血糖','2019-06-12 08:01:42',NULL),(853,78,NULL,'糖化血红蛋白','glycated_hemoglobin','Double',0,0,NULL,NULL,NULL,'糖化血红蛋白','2019-06-12 08:01:42',NULL),(854,78,NULL,'1-E1毛刺 2-E2漂移 3-Hi高电流 4-L1(1~10nA) 5-L2(10~50nA) 6-L3(先低后正常) 7-负电流 8-拉直线 9-先高后低 10-跳电流 21-过短 22-丢弃','current_quality','Integer',0,1,NULL,NULL,NULL,'1-E1毛刺 2-E2漂移 3-Hi高电流 4-L1(1~10nA) 5-L2(10~50nA) 6-L3(先低后正常) 7-负电流 8-拉直线 9-先高后低 10-跳电流 21-过短 22-丢弃','2019-06-12 08:01:42',NULL),(855,78,NULL,'','complete_status','Integer',0,1,NULL,NULL,NULL,'','2019-06-12 08:01:42',NULL),(856,79,NULL,'','id_','Long',0,0,NULL,NULL,NULL,'','2019-06-12 08:01:42',NULL),(857,79,NULL,'患者id','user_id','Long',0,0,NULL,NULL,NULL,'患者id','2019-06-12 08:01:42',NULL),(858,79,NULL,'分娩时间','birth_time','String',0,0,19,NULL,NULL,'分娩时间','2019-06-12 08:01:42',NULL),(859,79,NULL,'分娩孕周','birth_week','Integer',0,1,NULL,NULL,NULL,'分娩孕周','2019-06-12 08:01:42',NULL),(860,79,NULL,'分娩孕周(天)','birth_day','Integer',0,1,NULL,NULL,NULL,'分娩孕周(天)','2019-06-12 08:01:42',NULL),(861,79,NULL,'胎数','child_count','Integer',0,1,NULL,NULL,NULL,'胎数','2019-06-12 08:01:42',NULL),(862,79,NULL,'分娩方式','birth_type','Integer',0,1,NULL,NULL,NULL,'分娩方式:1-阴道分娩,2-剖宫产','2019-06-12 08:01:42',NULL),(863,79,NULL,'产后出血量(ml)','postpartum_hemorrhage','Integer',0,1,NULL,NULL,NULL,'产后出血量(ml)','2019-06-12 08:01:42',NULL),(864,79,NULL,'羊水量(ml)','amniotic_volume','Integer',0,1,NULL,NULL,NULL,'羊水量(ml)','2019-06-12 08:01:42',NULL),(865,79,NULL,'羊水性状','amniotic_characteristics','Integer',0,1,NULL,NULL,NULL,'羊水性状:1-清,2-I度,3-II度,4-III度','2019-06-12 08:01:42',NULL),(866,79,NULL,'Apgar评分(一分钟)','apgar_one_minute','Integer',0,1,NULL,NULL,NULL,'Apgar评分(一分钟)','2019-06-12 08:01:42',NULL),(867,79,NULL,'Apgar评分(五分钟)','apgar_five_minute','Integer',0,1,NULL,NULL,NULL,'Apgar评分(五分钟)','2019-06-12 08:01:42',NULL),(868,79,NULL,'Apgar评分(十分钟)','apgar_ten_minute','Integer',0,1,NULL,NULL,NULL,'Apgar评分(十分钟)','2019-06-12 08:01:42',NULL),(869,79,NULL,'特殊情况','special_case','Integer',0,1,NULL,NULL,NULL,'特殊情况:1-早产,2-畸形,3-死胎,4-死产','2019-06-12 08:01:42',NULL),(870,79,NULL,'性别','sex_','Integer',0,1,NULL,NULL,NULL,'性别:1-男,0-女','2019-06-12 08:01:42',NULL),(871,79,NULL,'体重(kg)','weight_','Double',0,1,NULL,NULL,NULL,'体重(kg)','2019-06-12 08:01:42',NULL),(872,79,NULL,'身长(cm)','height_','Double',0,1,NULL,NULL,NULL,'身长(cm)','2019-06-12 08:01:42',NULL),(873,79,NULL,'头围(cm)','head_girth','Double',0,1,NULL,NULL,NULL,'头围(cm)','2019-06-12 08:01:42',NULL),(874,79,NULL,'胸围(cm)','bust_','Double',0,1,NULL,NULL,NULL,'胸围(cm)','2019-06-12 08:01:42',NULL),(875,79,NULL,'新生儿疾病','newborn_diseases','String',0,1,300,NULL,NULL,'新生儿疾病','2019-06-12 08:01:42',NULL),(876,79,NULL,'围产儿结局','perinatal_outcomes','String',0,1,300,NULL,NULL,'围产儿结局','2019-06-12 08:01:42',NULL),(877,79,NULL,'胎儿畸形','fetal_malformations','String',0,1,300,NULL,NULL,'胎儿畸形','2019-06-12 08:01:42',NULL),(878,79,NULL,'即可血糖','right_glucose','Double',0,1,NULL,NULL,NULL,'即可血糖','2019-06-12 08:01:42',NULL),(879,79,NULL,'分娩后一小时','one_hour_glucose','Double',0,1,NULL,NULL,NULL,'分娩后一小时','2019-06-12 08:01:42',NULL),(880,79,NULL,'分娩后两小时','two_hour_glucose','Double',0,1,NULL,NULL,NULL,'分娩后两小时','2019-06-12 08:01:42',NULL),(881,79,NULL,'分娩后三小时','three_hour_glucose','Double',0,1,NULL,NULL,NULL,'分娩后三小时','2019-06-12 08:01:42',NULL),(882,79,NULL,'分娩后四小时','four_hour_glucose','Double',0,1,NULL,NULL,NULL,'分娩后四小时','2019-06-12 08:01:42',NULL),(883,79,NULL,'分娩后五小时','five_hour_glucose','Double',0,1,NULL,NULL,NULL,'分娩后五小时','2019-06-12 08:01:42',NULL),(884,79,NULL,'备注(分娩后血糖监测)','after_birth_desc','String',0,1,100,NULL,NULL,'备注(分娩后血糖监测)','2019-06-12 08:01:42',NULL),(885,79,NULL,'空腹血糖','fasting_glucose','Double',0,1,NULL,NULL,NULL,'空腹血糖','2019-06-12 08:01:42',NULL),(886,79,NULL,'早餐后(2H)血糖','after_breakfast_glucose','Double',0,1,NULL,NULL,NULL,'早餐后(2H)血糖','2019-06-12 08:01:42',NULL),(887,79,NULL,'午餐前血糖','before_lunch_glucose','Double',0,1,NULL,NULL,NULL,'午餐前血糖','2019-06-12 08:01:42',NULL),(888,79,NULL,'午餐后(2H)血糖','after_lunch_glucose','Double',0,1,NULL,NULL,NULL,'午餐后(2H)血糖','2019-06-12 08:01:42',NULL),(889,79,NULL,'晚餐前血糖','before_supper_glucose','Double',0,1,NULL,NULL,NULL,'晚餐前血糖','2019-06-12 08:01:42',NULL),(890,79,NULL,'晚餐后(2H)血糖','after_supper_glucose','Double',0,1,NULL,NULL,NULL,'晚餐后(2H)血糖','2019-06-12 08:01:42',NULL),(891,79,NULL,'临睡前血糖','bedtime_glucose','Double',0,1,NULL,NULL,NULL,'临睡前血糖','2019-06-12 08:01:42',NULL),(892,79,NULL,'备注(出院前血糖监测)','before_leave_desc','String',0,1,100,NULL,NULL,'备注(出院前血糖监测)','2019-06-12 08:01:42',NULL),(893,79,NULL,'','created_time','String',0,1,19,NULL,NULL,'','2019-06-12 08:01:42',NULL),(894,79,NULL,'','creator_id','Long',0,1,NULL,NULL,NULL,'','2019-06-12 08:01:42',NULL),(895,80,NULL,'','id_','Long',0,0,NULL,NULL,NULL,'','2019-06-12 08:01:42',NULL),(896,80,NULL,'患者id','user_id','Long',0,1,NULL,NULL,NULL,'患者id','2019-06-12 08:01:42',NULL),(897,80,NULL,'住院号','hospital_code','String',0,0,50,NULL,NULL,'住院号','2019-06-12 08:01:42',NULL),(898,80,NULL,'入院日期','hospitalized_date','String',0,0,19,NULL,NULL,'入院日期','2019-06-12 08:01:42',NULL),(899,80,NULL,'出院日期','leave_date','String',0,1,19,NULL,NULL,'出院日期','2019-06-12 08:01:42',NULL),(900,80,NULL,'入院孕周','hospitalized_week','Integer',0,0,NULL,NULL,NULL,'入院孕周','2019-06-12 08:01:42',NULL),(901,80,NULL,'入院天数','hospitalized_day','Integer',0,1,NULL,NULL,NULL,'入院天数','2019-06-12 08:01:42',NULL),(902,80,NULL,'孕次','pregnant_times','Integer',0,1,NULL,NULL,NULL,'孕次','2019-06-12 08:01:42',NULL),(903,80,NULL,'产次','birth_times','Integer',0,1,NULL,NULL,NULL,'产次','2019-06-12 08:01:42',NULL),(904,80,NULL,'胰岛素治疗','is_insulin_treatment','Integer',0,1,NULL,NULL,NULL,'胰岛素治疗:0-否,1-是','2019-06-12 08:01:42',NULL),(905,80,NULL,'合并症','is_merge_disease','Integer',0,1,NULL,NULL,NULL,'合并症:0-否,1-是','2019-06-12 08:01:42',NULL),(906,80,NULL,'子痫前期','merge_preeclampsia','Integer',0,1,NULL,NULL,NULL,'子痫前期:1-轻度,2-重度','2019-06-12 08:01:42',NULL),(907,80,NULL,'子痫','eclampsia_','Integer',0,1,NULL,NULL,NULL,'子痫:0-无,1-有','2019-06-12 08:01:42',NULL),(908,80,NULL,'HELLP','hellp_','Integer',0,1,NULL,NULL,NULL,'HELLP:0-无,1-有','2019-06-12 08:01:42',NULL),(909,80,NULL,'妊娠期高血压','gestational_hypertension','Integer',0,1,NULL,NULL,NULL,'妊娠期高血压:0-否,1-是','2019-06-12 08:01:42',NULL),(910,80,NULL,'慢性高血压','chronic_hypertension','Integer',0,1,NULL,NULL,NULL,'慢性高血压:0-无,1-有','2019-06-12 08:01:42',NULL),(911,80,NULL,'甲状腺疾病','thyroid_disease','Integer',0,1,NULL,NULL,NULL,'甲状腺疾病:0-无,1-甲减,2-甲亢,3-亚甲炎','2019-06-12 08:01:42',NULL),(912,80,NULL,'血脂异常','dyslipidemia_','Integer',0,1,NULL,NULL,NULL,'血脂异常:0-无,1-有','2019-06-12 08:01:42',NULL),(913,80,NULL,'羊水量','amniotic_volume','Integer',0,1,NULL,NULL,NULL,'羊水量:1-正常,2-过多,3-过少,4-偏少','2019-06-12 08:01:42',NULL),(914,80,NULL,'妊娠期肝内胆汁淤积症','cholestasis_','Integer',0,1,NULL,NULL,NULL,'妊娠期肝内胆汁淤积症:0-无,1-有','2019-06-12 08:01:42',NULL),(915,80,NULL,'胎儿生长受限','fetal_growth_restriction','Integer',0,1,NULL,NULL,NULL,'胎儿生长受限:0-无,1-有','2019-06-12 08:01:42',NULL),(916,80,NULL,'肾炎','nephritis_','Integer',0,1,NULL,NULL,NULL,'肾炎:0-无,1-有','2019-06-12 08:01:42',NULL),(917,80,NULL,'感染(多选)','infection_','String',0,1,8,NULL,NULL,'感染(多选):0-无,1-生殖系统,2-泌尿系统,3-软组织,4-呼吸系统,5-其他','2019-06-12 08:01:42',NULL),(918,80,NULL,'合并心脏病','merge_heart','Integer',0,1,NULL,NULL,NULL,'合并心脏病:0-无,1-先天性心脏病,2-风心病,3-心肌炎,4-心衰,5-其他','2019-06-12 08:01:42',NULL),(919,80,NULL,'贫血','anemia_','Integer',0,1,NULL,NULL,NULL,'贫血:0-无,1-轻度,2-重度','2019-06-12 08:01:42',NULL),(920,80,NULL,'胎盘早剥','abruption_','Integer',0,1,NULL,NULL,NULL,'胎盘早剥:0-无,1-有','2019-06-12 08:01:42',NULL),(921,80,NULL,'前置胎盘','placenta_previa','Integer',0,1,NULL,NULL,NULL,'前置胎盘:0-无,1-边缘性,2-部分性,3-完全性,4-凶险性','2019-06-12 08:01:42',NULL),(922,80,NULL,'羊水性状','amniotic_characteristics','Integer',0,1,NULL,NULL,NULL,'羊水性状:1-清,2-I度,3-II度,4-III度','2019-06-12 08:01:42',NULL),(923,80,NULL,'胎膜早破','prom_','Integer',0,1,NULL,NULL,NULL,'胎膜早破:0-无,1-有','2019-06-12 08:01:42',NULL),(924,80,NULL,'瘢痕子宫','uterine_scar','Integer',0,1,NULL,NULL,NULL,'瘢痕子宫:0-无,1-有','2019-06-12 08:01:42',NULL),(925,80,NULL,'出院诊断','hospital_diagnosis','String',0,1,1000,NULL,NULL,'出院诊断','2019-06-12 08:01:42',NULL),(926,80,NULL,'','created_time','String',0,1,19,NULL,NULL,'','2019-06-12 08:01:42',NULL),(927,80,NULL,'','creator_id','Long',0,1,NULL,NULL,NULL,'','2019-06-12 08:01:42',NULL),(928,81,NULL,'','id_','Long',0,0,NULL,NULL,NULL,'','2019-06-12 08:01:42',NULL),(929,81,NULL,'患者id','user_id','Long',0,0,NULL,NULL,NULL,'患者id','2019-06-12 08:01:42',NULL),(930,81,NULL,'随访日期','record_date','String',0,1,10,NULL,NULL,'随访日期','2019-06-12 08:01:42',NULL),(931,81,NULL,'分娩日期','birth_date','String',0,1,10,NULL,NULL,'分娩日期','2019-06-12 08:01:42',NULL),(932,81,NULL,'目前体重(kg)','weight_','Double',0,1,NULL,NULL,NULL,'目前体重(kg)','2019-06-12 08:01:42',NULL),(933,81,NULL,'腰围(cm)','waist_','Double',0,1,NULL,NULL,NULL,'腰围(cm)','2019-06-12 08:01:42',NULL),(934,81,NULL,'臀围(cm)','hips_','Double',0,1,NULL,NULL,NULL,'臀围(cm)','2019-06-12 08:01:42',NULL),(935,81,NULL,'目前血压(mmHg)','now_pressure','String',0,1,15,NULL,NULL,'目前血压(mmHg)','2019-06-12 08:01:42',NULL),(936,81,NULL,'红细胞(10^9/l)','erythrocyte_','Double',0,1,NULL,NULL,NULL,'红细胞(10^9/l)','2019-06-12 08:01:42',NULL),(937,81,NULL,'血红蛋白(g/l)','hemoglobin_','Double',0,1,NULL,NULL,NULL,'血红蛋白(g/l)','2019-06-12 08:01:42',NULL),(938,81,NULL,'白细胞(10^9/l)','leukocyte_','Double',0,1,NULL,NULL,NULL,'白细胞(10^9/l)','2019-06-12 08:01:42',NULL),(939,81,NULL,'血小板(10^9/l)','platelet_','Double',0,1,NULL,NULL,NULL,'血小板(10^9/l)','2019-06-12 08:01:42',NULL),(940,81,NULL,'红细胞压积(%)','hematokrit_','Double',0,1,NULL,NULL,NULL,'红细胞压积(%)','2019-06-12 08:01:42',NULL),(941,81,NULL,'尿蛋白','urine_protein','Integer',0,1,NULL,NULL,NULL,'尿蛋白','2019-06-12 08:01:42',NULL),(942,81,NULL,'尿蛋白定量(g/l)','ration_','Double',0,1,NULL,NULL,NULL,'尿蛋白定量(g/l)','2019-06-12 08:01:42',NULL),(943,81,NULL,'尿糖','urine_sugar','Integer',0,1,NULL,NULL,NULL,'尿糖','2019-06-12 08:01:42',NULL),(944,81,NULL,'尿酮体','urine_acetone_bodies','Integer',0,1,NULL,NULL,NULL,'尿酮体','2019-06-12 08:01:42',NULL),(945,81,NULL,'管型','urethral_tube','Integer',0,1,NULL,NULL,NULL,'管型:1-颗粒,2-透明,3-病理','2019-06-12 08:01:42',NULL),(946,81,NULL,'单位(个/PL)','urethral_tube_value','Integer',0,1,NULL,NULL,NULL,'单位(个/PL)','2019-06-12 08:01:42',NULL),(947,81,NULL,'糖耐量空腹血糖(mmol/L)','sugar_tolerance_fasting','Double',0,1,NULL,NULL,NULL,'糖耐量空腹血糖(mmol/L)','2019-06-12 08:01:42',NULL),(948,81,NULL,'糖耐量一小时血糖(mmol/L)','sugar_tolerance_one_hour','Double',0,1,NULL,NULL,NULL,'糖耐量一小时血糖(mmol/L)','2019-06-12 08:01:42',NULL),(949,81,NULL,'糖耐量二小时血糖(mmol/L)','sugar_tolerance_two_hour','Double',0,1,NULL,NULL,NULL,'糖耐量二小时血糖(mmol/L)','2019-06-12 08:01:42',NULL),(950,81,NULL,'空腹血糖(mmol/L)','fasting_glucose','Double',0,1,NULL,NULL,NULL,'空腹血糖(mmol/L)','2019-06-12 08:01:42',NULL),(951,81,NULL,'糖化血红蛋白(%)','glycated_hemoglobin','Double',0,1,NULL,NULL,NULL,'糖化血红蛋白(%)','2019-06-12 08:01:42',NULL),(952,81,NULL,'总胆固醇(mmol/L)','total_cholesterol','Double',0,1,NULL,NULL,NULL,'总胆固醇(mmol/L)','2019-06-12 08:01:42',NULL),(953,81,NULL,'甘油三脂(mmol/L)','triglyceride','Double',0,1,NULL,NULL,NULL,'甘油三脂(mmol/L)','2019-06-12 08:01:42',NULL),(954,81,NULL,'高密度脂蛋白(mmol/L)','high_density_lipoprotein','Double',0,1,NULL,NULL,NULL,'高密度脂蛋白(mmol/L)','2019-06-12 08:01:42',NULL),(955,81,NULL,'低密度脂蛋白(mmol/L)','low_density_lipoprotein','Double',0,1,NULL,NULL,NULL,'低密度脂蛋白(mmol/L)','2019-06-12 08:01:42',NULL),(956,81,NULL,'超重','over_weight','Integer',0,1,NULL,NULL,NULL,'超重:0-否,1-是','2019-06-12 08:01:42',NULL),(957,81,NULL,'肥胖','fat_','Integer',0,1,NULL,NULL,NULL,'肥胖:0-否,1-是','2019-06-12 08:01:42',NULL),(958,81,NULL,'高血压','hypertension_','Integer',0,1,NULL,NULL,NULL,'高血压:0-否,1-是','2019-06-12 08:01:42',NULL),(959,81,NULL,'血脂异常','dyslipidemia_','Integer',0,1,NULL,NULL,NULL,'血脂异常:0-否,1-是','2019-06-12 08:01:42',NULL),(960,81,NULL,'二型糖尿病','type_two_diabetes','Integer',0,1,NULL,NULL,NULL,'二型糖尿病:0-否,1-是','2019-06-12 08:01:42',NULL),(961,81,NULL,'糖耐量受损','impaired_glucose_tolerance','Integer',0,1,NULL,NULL,NULL,'糖耐量受损:0-否,1-是','2019-06-12 08:01:42',NULL),(962,81,NULL,'空腹血糖受损','impaired_fasting_glucose','Integer',0,1,NULL,NULL,NULL,'空腹血糖受损:0-否,1-是','2019-06-12 08:01:42',NULL),(963,81,NULL,'','created_time','String',0,1,19,NULL,NULL,'','2019-06-12 08:01:42',NULL),(964,81,NULL,'','creator_id','Long',0,1,NULL,NULL,NULL,'','2019-06-12 08:01:42',NULL),(965,82,NULL,'','id_','Long',0,0,NULL,NULL,NULL,'','2019-06-12 08:01:42',NULL),(966,82,NULL,'母亲用户id','user_id','Long',0,0,NULL,NULL,NULL,'母亲用户id','2019-06-12 08:01:42',NULL),(967,82,NULL,'随访日期','record_date','String',0,1,10,NULL,NULL,'随访日期','2019-06-12 08:01:42',NULL),(968,82,NULL,'出生日期','birth_date','String',0,1,10,NULL,NULL,'出生日期','2019-06-12 08:01:42',NULL),(969,82,NULL,'姓名','name_','String',0,0,30,NULL,NULL,'姓名','2019-06-12 08:01:42',NULL),(970,82,NULL,'性别','sex_','Integer',0,0,NULL,NULL,NULL,'性别:0-女,1-男','2019-06-12 08:01:42',NULL),(971,82,NULL,'实足年龄','age_','Integer',0,0,NULL,NULL,NULL,'实足年龄','2019-06-12 08:01:42',NULL),(972,82,NULL,'身高(cm)','height_','Double',0,1,NULL,NULL,NULL,'身高(cm)','2019-06-12 08:01:42',NULL),(973,82,NULL,'体重(kg)','weight_','Double',0,1,NULL,NULL,NULL,'体重(kg)','2019-06-12 08:01:42',NULL),(974,82,NULL,'头围(cm)','head_girth','Double',0,1,NULL,NULL,NULL,'头围(cm)','2019-06-12 08:01:42',NULL),(975,82,NULL,'胸围(cm)','bust_','Double',0,1,NULL,NULL,NULL,'胸围(cm)','2019-06-12 08:01:42',NULL),(976,82,NULL,'皮下脂肪厚度/肩胛下皮褶厚度(cm)','skinfold_','Double',0,1,NULL,NULL,NULL,'皮下脂肪厚度/肩胛下皮褶厚度(cm)','2019-06-12 08:01:42',NULL),(977,82,NULL,'备注(智能及运动发育)','wisc_growth_desc','String',0,1,300,NULL,NULL,'备注(智能及运动发育)','2019-06-12 08:01:42',NULL),(978,82,NULL,'空腹血糖(mmol/L)','fasting_glucose','Double',0,1,NULL,NULL,NULL,'空腹血糖(mmol/L)','2019-06-12 08:01:42',NULL),(979,82,NULL,'随即血糖(mmol/L)','immediately_glucose','Double',0,1,NULL,NULL,NULL,'随即血糖(mmol/L)','2019-06-12 08:01:42',NULL),(980,82,NULL,'糖耐量空腹血糖(mmol/L)','sugar_tolerance_fasting','Double',0,1,NULL,NULL,NULL,'糖耐量空腹血糖(mmol/L)','2019-06-12 08:01:42',NULL),(981,82,NULL,'糖耐量一小时血糖(mmol/L)','sugar_tolerance_one_hour','Double',0,1,NULL,NULL,NULL,'糖耐量一小时血糖(mmol/L)','2019-06-12 08:01:42',NULL),(982,82,NULL,'糖耐量二小时血糖(mmol/L)','sugar_tolerance_two_hour','Double',0,1,NULL,NULL,NULL,'糖耐量二小时血糖(mmol/L)','2019-06-12 08:01:42',NULL),(983,82,NULL,'总胆固醇(mmol/L)','total_cholesterol','Double',0,1,NULL,NULL,NULL,'总胆固醇(mmol/L)','2019-06-12 08:01:42',NULL),(984,82,NULL,'甘油三脂(mmol/L)','triglyceride','Double',0,1,NULL,NULL,NULL,'甘油三脂(mmol/L)','2019-06-12 08:01:42',NULL),(985,82,NULL,'高密度脂蛋白(mmol/L)','high_density_lipoprotein','Double',0,1,NULL,NULL,NULL,'高密度脂蛋白(mmol/L)','2019-06-12 08:01:42',NULL),(986,82,NULL,'低密度脂蛋白(mmol/L)','low_density_lipoprotein','Double',0,1,NULL,NULL,NULL,'低密度脂蛋白(mmol/L)','2019-06-12 08:01:42',NULL),(987,82,NULL,'白细胞(10^9/l)','leukocyte_','Double',0,1,NULL,NULL,NULL,'白细胞(10^9/l)','2019-06-12 08:01:42',NULL),(988,82,NULL,'中性粒细胞(%)','neutrophil_','Double',0,1,NULL,NULL,NULL,'中性粒细胞(%)','2019-06-12 08:01:42',NULL),(989,82,NULL,'淋巴细胞(%)','lymphocyte_','Double',0,1,NULL,NULL,NULL,'淋巴细胞(%)','2019-06-12 08:01:42',NULL),(990,82,NULL,'红细胞(10^12/l)','erythrocyte_','Double',0,1,NULL,NULL,NULL,'红细胞(10^12/l)','2019-06-12 08:01:42',NULL),(991,82,NULL,'血红蛋白(g/L)','hemoglobin_','Double',0,1,NULL,NULL,NULL,'血红蛋白(g/L)','2019-06-12 08:01:42',NULL),(992,82,NULL,'红细胞压积(%)','hematokrit_','Double',0,1,NULL,NULL,NULL,'红细胞压积(%)','2019-06-12 08:01:42',NULL),(993,82,NULL,'血小板(10^9/l)','platelet_','Double',0,1,NULL,NULL,NULL,'血小板(10^9/l)','2019-06-12 08:01:42',NULL),(994,82,NULL,'尿蛋白(g/L)','urine_protein','Double',0,1,NULL,NULL,NULL,'尿蛋白(g/L)','2019-06-12 08:01:42',NULL),(995,82,NULL,'尿蛋白定量(g/L)','ration_','Double',0,1,NULL,NULL,NULL,'尿蛋白定量(g/L)','2019-06-12 08:01:42',NULL),(996,82,NULL,'尿糖(mmol/L)','urine_sugar','Double',0,1,NULL,NULL,NULL,'尿糖(mmol/L)','2019-06-12 08:01:42',NULL),(997,82,NULL,'尿酮体(mmol/L)','urine_acetone_bodies','Double',0,1,NULL,NULL,NULL,'尿酮体(mmol/L)','2019-06-12 08:01:42',NULL),(998,82,NULL,'管型','urethral_tube','Integer',0,1,NULL,NULL,NULL,'管型:1-颗粒,2-透明,3-病理','2019-06-12 08:01:42',NULL),(999,82,NULL,'单位(个/LP)','urethral_tube_value','Integer',0,1,NULL,NULL,NULL,'单位(个/LP)','2019-06-12 08:01:42',NULL),(1000,82,NULL,'','created_time','String',0,1,19,NULL,NULL,'','2019-06-12 08:01:42',NULL),(1001,82,NULL,'','creator_id','Long',0,1,NULL,NULL,NULL,'','2019-06-12 08:01:42',NULL),(1002,83,NULL,'','id_','Long',0,0,NULL,NULL,NULL,'','2019-06-12 08:01:42',NULL),(1003,83,NULL,'','name_','String',0,1,50,NULL,NULL,'','2019-06-12 08:01:42',NULL),(1004,83,NULL,'','content_','String',0,1,10000,NULL,NULL,'','2019-06-12 08:01:42',NULL),(1005,83,NULL,'','created_time','String',0,1,19,NULL,NULL,'','2019-06-12 08:01:42',NULL),(1006,83,NULL,'','creator_id','Long',0,1,NULL,NULL,NULL,'','2019-06-12 08:01:42',NULL),(1007,84,NULL,'','id_','Long',0,0,NULL,NULL,NULL,'','2019-06-12 08:01:42',NULL),(1008,84,NULL,'患者id','user_id','Long',0,0,NULL,NULL,NULL,'患者id','2019-06-12 08:01:42',NULL),(1009,84,NULL,'检验日期','inspection_date','String',0,1,10,NULL,NULL,'检验日期','2019-06-12 08:01:42',NULL),(1010,84,NULL,'体温(℃)','temperature_','Double',0,1,NULL,NULL,NULL,'体温(℃)','2019-06-12 08:01:42',NULL),(1011,84,NULL,'心率(次/分)','heart_rate','Double',0,1,NULL,NULL,NULL,'心率(次/分)','2019-06-12 08:01:42',NULL),(1012,84,NULL,'基础血压(mmHg)','base_pressure','String',0,1,20,NULL,NULL,'基础血压(mmHg)','2019-06-12 08:01:42',NULL),(1013,84,NULL,'目前血压(mmHg)','now_pressure','String',0,1,20,NULL,NULL,'目前血压(mmHg)','2019-06-12 08:01:42',NULL),(1014,84,NULL,'孕前体重(kg)','weight_','Double',0,1,NULL,NULL,NULL,'孕前体重(kg)','2019-06-12 08:01:42',NULL),(1015,84,NULL,'目前体重(kg)','pregnant_weight','Double',0,1,NULL,NULL,NULL,'目前体重(kg)','2019-06-12 08:01:42',NULL),(1016,84,NULL,'身高(cm)','height_','Double',0,1,NULL,NULL,NULL,'身高(cm)','2019-06-12 08:01:42',NULL),(1017,84,NULL,'腹围(cm)','abdominal_girth','Double',0,1,NULL,NULL,NULL,'腹围(cm)','2019-06-12 08:01:42',NULL),(1018,84,NULL,'宫高(cm)','fundal_height','Double',0,1,NULL,NULL,NULL,'宫高(cm)','2019-06-12 08:01:42',NULL),(1019,84,NULL,'浮肿(+)','edema_','Integer',0,1,NULL,NULL,NULL,'浮肿(+)','2019-06-12 08:01:42',NULL),(1020,84,NULL,'糖耐量空腹血糖(mmol/L)','sugar_tolerance_fasting','String',0,1,20,NULL,NULL,'糖耐量空腹血糖(mmol/L)','2019-06-12 08:01:42',NULL),(1021,84,NULL,'糖耐量一小时血糖(mmol/L)','sugar_tolerance_one_hour','String',0,1,20,NULL,NULL,'糖耐量一小时血糖(mmol/L)','2019-06-12 08:01:42',NULL),(1022,84,NULL,'糖耐量二小时血糖(mmol/L)','sugar_tolerance_two_hour','String',0,1,20,NULL,NULL,'糖耐量二小时血糖(mmol/L)','2019-06-12 08:01:42',NULL),(1023,84,NULL,'妊娠期空腹血糖(mmol/L)','fasting_glucose','String',0,1,20,NULL,NULL,'妊娠期空腹血糖(mmol/L)','2019-06-12 08:01:42',NULL),(1024,84,NULL,'糖化血红蛋白HBAlc(%)','glycated_hemoglobin','String',0,1,20,NULL,NULL,'糖化血红蛋白HBAlc(%)','2019-06-12 08:01:42',NULL),(1025,84,NULL,'总胆固醇(mmol/L)','total_cholesterol','String',0,1,20,NULL,NULL,'总胆固醇(mmol/L)','2019-06-12 08:01:42',NULL),(1026,84,NULL,'甘油三脂(mmol/L)','triglyceride','String',0,1,20,NULL,NULL,'甘油三脂(mmol/L)','2019-06-12 08:01:42',NULL),(1027,84,NULL,'高密度脂蛋白(mmol/L)','high_density_lipoprotein','String',0,1,20,NULL,NULL,'高密度脂蛋白(mmol/L)','2019-06-12 08:01:42',NULL),(1028,84,NULL,'低密度脂蛋白(mmol/L)','low_density_lipoprotein','String',0,1,20,NULL,NULL,'低密度脂蛋白(mmol/L)','2019-06-12 08:01:42',NULL),(1029,84,NULL,'尿蛋白','urine_protein','Integer',0,1,NULL,NULL,NULL,'尿蛋白','2019-06-12 08:01:42',NULL),(1030,84,NULL,'蛋白定量(g/L)','ration_','String',0,1,20,NULL,NULL,'蛋白定量(g/L)','2019-06-12 08:01:42',NULL),(1031,84,NULL,'尿糖','urine_sugar','Integer',0,1,NULL,NULL,NULL,'尿糖','2019-06-12 08:01:42',NULL),(1032,84,NULL,'尿酮体','urine_acetone_bodies','Integer',0,1,NULL,NULL,NULL,'尿酮体','2019-06-12 08:01:42',NULL),(1033,84,NULL,'管型','urethral_tube','Integer',0,1,NULL,NULL,NULL,'管型:1-颗粒,2-透明,3-病理','2019-06-12 08:01:42',NULL),(1034,84,NULL,'颗粒','urethral_tube_granule','Integer',0,1,NULL,NULL,NULL,'颗粒','2019-06-12 08:01:42',NULL),(1035,84,NULL,'尿素氮(mmol/L)','urea_','String',0,1,20,NULL,NULL,'尿素氮(mmol/L)','2019-06-12 08:01:42',NULL),(1036,84,NULL,'肌酐(umol/L)','creatinine_','String',0,1,20,NULL,NULL,'肌酐(umol/L)','2019-06-12 08:01:42',NULL),(1037,84,NULL,'尿酸(umol/L)','uric_acid','String',0,1,20,NULL,NULL,'尿酸(umol/L)','2019-06-12 08:01:42',NULL),(1038,84,NULL,'白细胞(10^9/l)','leukocyte_','String',0,1,20,NULL,NULL,'白细胞(10^9/l)','2019-06-12 08:01:42',NULL),(1039,84,NULL,'中性粒细胞(%)','neutrophil_','String',0,1,20,NULL,NULL,'中性粒细胞(%)','2019-06-12 08:01:42',NULL),(1040,84,NULL,'淋巴细胞(%)','lymphocyte_','String',0,1,20,NULL,NULL,'淋巴细胞(%)','2019-06-12 08:01:42',NULL),(1041,84,NULL,'红细胞(10^12/l)','erythrocyte_','String',0,1,20,NULL,NULL,'红细胞(10^12/l)','2019-06-12 08:01:42',NULL),(1042,84,NULL,'血红蛋白浓度(g/l)','hemoglobin_','String',0,1,20,NULL,NULL,'血红蛋白浓度(g/l)','2019-06-12 08:01:42',NULL),(1043,84,NULL,'红细胞压积(%)','hematokrit_','String',0,1,20,NULL,NULL,'红细胞压积(%)','2019-06-12 08:01:42',NULL),(1044,84,NULL,'血小板(10^9/l)','platelet_','String',0,1,20,NULL,NULL,'血小板(10^9/l)','2019-06-12 08:01:42',NULL),(1045,84,NULL,'活化部分凝血活酶时间(s)','aptt_','String',0,1,20,NULL,NULL,'活化部分凝血活酶时间(s)','2019-06-12 08:01:42',NULL),(1046,84,NULL,'凝血酶原时间PT(s)','pt_','String',0,1,20,NULL,NULL,'凝血酶原时间PT(s)','2019-06-12 08:01:42',NULL),(1047,84,NULL,'凝血酶时间(s)','tt_','String',0,1,20,NULL,NULL,'凝血酶时间(s)','2019-06-12 08:01:42',NULL),(1048,84,NULL,'纤维蛋白原(g/l)','fib_','String',0,1,20,NULL,NULL,'纤维蛋白原(g/l)','2019-06-12 08:01:42',NULL),(1049,84,NULL,'血浆D-二聚体D-D(ug/ml)','plasma_d_dimer','String',0,1,20,NULL,NULL,'血浆D-二聚体D-D(ug/ml)','2019-06-12 08:01:42',NULL),(1050,84,NULL,'国际标准化比值PT','pt_ratio','String',0,1,20,NULL,NULL,'国际标准化比值PT','2019-06-12 08:01:42',NULL),(1051,84,NULL,'钾(mmol/L)','potassium_','String',0,1,20,NULL,NULL,'钾(mmol/L)','2019-06-12 08:01:42',NULL),(1052,84,NULL,'钠(mmol/L)','sodium_','String',0,1,20,NULL,NULL,'钠(mmol/L)','2019-06-12 08:01:42',NULL),(1053,84,NULL,'钙(mmol/L)','calcium_','String',0,1,20,NULL,NULL,'钙(mmol/L)','2019-06-12 08:01:42',NULL),(1054,84,NULL,'铁(umol/L)','iron_','String',0,1,20,NULL,NULL,'铁(umol/L)','2019-06-12 08:01:42',NULL),(1055,84,NULL,'镁(umol/L)','magnesium_','String',0,1,20,NULL,NULL,'镁(umol/L)','2019-06-12 08:01:42',NULL),(1056,84,NULL,'总蛋白(g/l)','total_protein','String',0,1,20,NULL,NULL,'总蛋白(g/l)','2019-06-12 08:01:42',NULL),(1057,84,NULL,'白蛋白(g/l)','albumin_','String',0,1,20,NULL,NULL,'白蛋白(g/l)','2019-06-12 08:01:42',NULL),(1058,84,NULL,'球蛋白(g/l)','globulin_','String',0,1,20,NULL,NULL,'球蛋白(g/l)','2019-06-12 08:01:42',NULL),(1059,84,NULL,'谷丙转氨酶(U/l)','alanine_amino','String',0,1,20,NULL,NULL,'谷丙转氨酶(U/l)','2019-06-12 08:01:42',NULL),(1060,84,NULL,'谷草转氨酶(U/l)','aspartate_amino','String',0,1,20,NULL,NULL,'谷草转氨酶(U/l)','2019-06-12 08:01:42',NULL),(1061,84,NULL,'总胆红素(umol/L)','total_bilirubin','String',0,1,20,NULL,NULL,'总胆红素(umol/L)','2019-06-12 08:01:42',NULL),(1062,84,NULL,'直接胆红素(umol/L)','direct_bilirubin','String',0,1,20,NULL,NULL,'直接胆红素(umol/L)','2019-06-12 08:01:42',NULL),(1063,84,NULL,'间接胆红素(umol/L)','indirect_bilirubin','String',0,1,20,NULL,NULL,'间接胆红素(umol/L)','2019-06-12 08:01:42',NULL),(1064,84,NULL,'谷氨酰胺转移酶(U/l)','transglutaminase_','String',0,1,20,NULL,NULL,'谷氨酰胺转移酶(U/l)','2019-06-12 08:01:42',NULL),(1065,84,NULL,'碱性磷酸酶(U/l)','alp_','String',0,1,20,NULL,NULL,'碱性磷酸酶(U/l)','2019-06-12 08:01:42',NULL),(1066,84,NULL,'总胆汁酸(umol/ml)','tba_','String',0,1,20,NULL,NULL,'总胆汁酸(umol/ml)','2019-06-12 08:01:42',NULL),(1067,84,NULL,'肝胆酸(ug/ml)','bile_acid','String',0,1,20,NULL,NULL,'肝胆酸(ug/ml)','2019-06-12 08:01:42',NULL),(1068,84,NULL,'肌酸激酶(U/l)','creatine_kinase','String',0,1,20,NULL,NULL,'肌酸激酶(U/l)','2019-06-12 08:01:42',NULL),(1069,84,NULL,'肌酸激酶同工酶(U/l)','creatine_lsoenzyme','String',0,1,20,NULL,NULL,'肌酸激酶同工酶(U/l)','2019-06-12 08:01:42',NULL),(1070,84,NULL,'乳酸脱氢酶(U/l)','lactate_dehydrogenase','String',0,1,20,NULL,NULL,'乳酸脱氢酶(U/l)','2019-06-12 08:01:42',NULL),(1071,84,NULL,'血型ABO(妻)','wife_blood_type','Integer',0,1,NULL,NULL,NULL,'血型ABO(妻):1-A,2-B,3-O,4-AB','2019-06-12 08:01:42',NULL),(1072,84,NULL,'血型RH(妻)','wife_rh','String',0,1,20,NULL,NULL,'血型RH(妻):1-+,2--','2019-06-12 08:01:42',NULL),(1073,84,NULL,'血型ABO(夫)','husband_blood_type','Integer',0,1,NULL,NULL,NULL,'血型ABO(夫):1-A,2-B,3-O,4-AB','2019-06-12 08:01:42',NULL),(1074,84,NULL,'血型RH(夫)','husband_rh','String',0,1,20,NULL,NULL,'血型RH(夫):1-+,2--','2019-06-12 08:01:42',NULL),(1075,84,NULL,'IgG抗A效价','igga_','String',0,1,20,NULL,NULL,'IgG抗A效价:1:32','2019-06-12 08:01:42',NULL),(1076,84,NULL,'IgG抗B效价','iggb_','String',0,1,20,NULL,NULL,'IgG抗B效价:1:64','2019-06-12 08:01:42',NULL),(1077,84,NULL,'IgG抗D效价','iggd_','String',0,1,20,NULL,NULL,'IgG抗D效价:1:64','2019-06-12 08:01:42',NULL),(1078,84,NULL,'人类免疫缺陷病毒抗体','hiva_','String',0,1,20,NULL,NULL,'人类免疫缺陷病毒抗体:0-阴,1-阳','2019-06-12 08:01:42',NULL),(1079,84,NULL,'梅毒螺旋体特异抗体','tpsa_','String',0,1,20,NULL,NULL,'梅毒螺旋体特异抗体:0-阴,1-阳','2019-06-12 08:01:42',NULL),(1080,84,NULL,'RPR','rpr_','String',0,1,20,NULL,NULL,'RPR:0-阴,1-阳','2019-06-12 08:01:42',NULL),(1081,84,NULL,'HBsAg','hbsag_','String',0,1,20,NULL,NULL,'HBsAg:0-阴,1-阳','2019-06-12 08:01:42',NULL),(1082,84,NULL,'HBsAb','hbsab_','String',0,1,20,NULL,NULL,'HBsAb:0-阴,1-阳','2019-06-12 08:01:42',NULL),(1083,84,NULL,'HBeAg','hbeag_','String',0,1,20,NULL,NULL,'HBeAg:0-阴,1-阳','2019-06-12 08:01:42',NULL),(1084,84,NULL,'HBeAb','hbeab_','String',0,1,20,NULL,NULL,'HBeAb:0-阴,1-阳','2019-06-12 08:01:42',NULL),(1085,84,NULL,'HBcAb','hbcab_','String',0,1,20,NULL,NULL,'HBcAb:0-阴,1-阳','2019-06-12 08:01:42',NULL),(1086,84,NULL,'丙肝抗体','hca_','String',0,1,20,NULL,NULL,'丙肝抗体:0-阴,1-阳','2019-06-12 08:01:42',NULL),(1087,84,NULL,'孕周','pregnant_week','Integer',0,1,NULL,NULL,NULL,'孕周','2019-06-12 08:01:42',NULL),(1088,84,NULL,'孕周(天)','pregnant_day','Integer',0,1,NULL,NULL,NULL,'孕周(天)','2019-06-12 08:01:42',NULL),(1089,84,NULL,'双顶径(mm)','bpd_','Integer',0,1,NULL,NULL,NULL,'双顶径(mm)','2019-06-12 08:01:42',NULL),(1090,84,NULL,'头围(mm)','baby_head_circle','Integer',0,1,NULL,NULL,NULL,'头围(mm)','2019-06-12 08:01:42',NULL),(1091,84,NULL,'腹围(mm)','baby_abdominal_girth','Integer',0,1,NULL,NULL,NULL,'腹围(mm)','2019-06-12 08:01:42',NULL),(1092,84,NULL,'股骨(mm)','baby_femur','Integer',0,1,NULL,NULL,NULL,'股骨(mm)','2019-06-12 08:01:42',NULL),(1093,84,NULL,'羊水指数(mm)','amniotic_fluid_index','Integer',0,1,NULL,NULL,NULL,'羊水指数(mm)','2019-06-12 08:01:42',NULL),(1094,84,NULL,'羊水深度(mm)','amniotic_fluid_deep','Integer',0,1,NULL,NULL,NULL,'羊水深度(mm)','2019-06-12 08:01:42',NULL),(1095,84,NULL,'S/D','s_sub_d','String',0,1,30,NULL,NULL,'S/D','2019-06-12 08:01:42',NULL),(1096,84,NULL,'备注','b_super_desc','String',0,1,300,NULL,NULL,'备注','2019-06-12 08:01:42',NULL),(1097,84,NULL,'游离T3(pg/ml)','thyroid_free_t3','String',0,1,20,NULL,NULL,'游离T3(pg/ml)','2019-06-12 08:01:42',NULL),(1098,84,NULL,'游离T4(ng/dl)','thyroid_free_t4','String',0,1,20,NULL,NULL,'游离T4(ng/dl)','2019-06-12 08:01:42',NULL),(1099,84,NULL,'促甲状腺素(ulU/ml)','thyrotropin_','String',0,1,20,NULL,NULL,'促甲状腺素(ulU/ml)','2019-06-12 08:01:42',NULL),(1100,84,NULL,'C反应蛋白(mg/l)','c_reactive_protein','String',0,1,20,NULL,NULL,'C反应蛋白(mg/l)','2019-06-12 08:01:42',NULL),(1101,84,NULL,'超敏C反应蛋白(mg/l)','hscrp_','String',0,1,20,NULL,NULL,'超敏C反应蛋白(mg/l)','2019-06-12 08:01:42',NULL),(1102,84,NULL,'降钙素(ng/ml)','calcitonin_','String',0,1,20,NULL,NULL,'降钙素(ng/ml)','2019-06-12 08:01:42',NULL),(1103,84,NULL,'眼底情况','fundus_status','Integer',0,1,NULL,NULL,NULL,'眼底情况:1-正常,2-不正常','2019-06-12 08:01:42',NULL),(1104,84,NULL,'眼底备注','fundus_desc','String',0,1,300,NULL,NULL,'眼底备注','2019-06-12 08:01:42',NULL),(1105,84,NULL,'心脏彩超内容','heart_desc','String',0,1,300,NULL,NULL,'心脏彩超内容','2019-06-12 08:01:42',NULL),(1106,84,NULL,'','created_time','String',0,1,19,NULL,NULL,'','2019-06-12 08:01:42',NULL),(1107,84,NULL,'','creator_id','Long',0,1,NULL,NULL,NULL,'','2019-06-12 08:01:43',NULL),(1108,85,NULL,'','id_','Long',0,0,NULL,NULL,NULL,'','2019-06-12 08:01:43',NULL),(1109,85,NULL,'患者id','user_id','Long',0,1,NULL,NULL,NULL,'患者id','2019-06-12 08:01:43',NULL),(1110,85,NULL,'日期','date_','String',0,1,10,NULL,NULL,'日期','2019-06-12 08:01:43',NULL),(1111,85,NULL,'早餐前血糖','before_breakfast_glucose','Double',0,1,NULL,NULL,NULL,'早餐前血糖','2019-06-12 08:01:43',NULL),(1112,85,NULL,'早餐后(2H)血糖','after_breakfast_glucose','Double',0,1,NULL,NULL,NULL,'早餐后(2H)血糖','2019-06-12 08:01:43',NULL),(1113,85,NULL,'午餐前血糖','before_lunch_glucose','Double',0,1,NULL,NULL,NULL,'午餐前血糖','2019-06-12 08:01:43',NULL),(1114,85,NULL,'午餐后(2H)血糖','after_lunch_glucose','Double',0,1,NULL,NULL,NULL,'午餐后(2H)血糖','2019-06-12 08:01:43',NULL),(1115,85,NULL,'晚餐前血糖','before_supper_glucose','Double',0,1,NULL,NULL,NULL,'晚餐前血糖','2019-06-12 08:01:43',NULL),(1116,85,NULL,'晚餐后(2H)血糖','after_supper_glucose','Double',0,1,NULL,NULL,NULL,'晚餐后(2H)血糖','2019-06-12 08:01:43',NULL),(1117,85,NULL,'空腹血糖','fasting_glucose','Double',0,1,NULL,NULL,NULL,'空腹血糖','2019-06-12 08:01:43',NULL),(1118,85,NULL,'临睡血糖','bedtime_glucose','Double',0,1,NULL,NULL,NULL,'临睡血糖','2019-06-12 08:01:43',NULL),(1119,85,NULL,'早餐前尿糖/酮','before_breakfast_urine_ketone','Double',0,1,NULL,NULL,NULL,'早餐前尿糖/酮','2019-06-12 08:01:43',NULL),(1120,85,NULL,'早餐后(2H)尿糖/酮','after_breakfast_urine_ketone','Double',0,1,NULL,NULL,NULL,'早餐后(2H)尿糖/酮','2019-06-12 08:01:43',NULL),(1121,85,NULL,'午餐前尿糖/酮','before_lunch_urine_ketone','Double',0,1,NULL,NULL,NULL,'午餐前尿糖/酮','2019-06-12 08:01:43',NULL),(1122,85,NULL,'午餐后(2H)尿糖/酮','after_lunch_urine_ketone','Double',0,1,NULL,NULL,NULL,'午餐后(2H)尿糖/酮','2019-06-12 08:01:43',NULL),(1123,85,NULL,'晚餐前尿糖/酮','before_supper_urine_ketone','Double',0,1,NULL,NULL,NULL,'晚餐前尿糖/酮','2019-06-12 08:01:43',NULL),(1124,85,NULL,'晚餐后(2H)尿糖/酮','after_supper_urine_ketone','Double',0,1,NULL,NULL,NULL,'晚餐后(2H)尿糖/酮','2019-06-12 08:01:43',NULL),(1125,85,NULL,'空腹尿糖/酮','fasting_urine_ketone','Double',0,1,NULL,NULL,NULL,'空腹尿糖/酮','2019-06-12 08:01:43',NULL),(1126,85,NULL,'临睡尿糖/酮','bedtime_urine_ketone','Double',0,1,NULL,NULL,NULL,'临睡尿糖/酮','2019-06-12 08:01:43',NULL),(1127,85,NULL,'饮食控制','is_diet_control','Integer',0,1,NULL,NULL,NULL,'饮食控制:0-否,1-是','2019-06-12 08:01:43',NULL),(1128,85,NULL,'运动','is_exercise','Integer',0,1,NULL,NULL,NULL,'运动:0-否,1-是','2019-06-12 08:01:43',NULL),(1129,85,NULL,'胰岛素种类','insulin_','String',0,1,10,NULL,NULL,'胰岛素种类:1-诺和锐胰岛素,2-诺合灵R,3-诺合灵N','2019-06-12 08:01:43',NULL),(1130,85,NULL,'早餐前胰岛素','before_breakfast_insulin','String',0,1,20,NULL,NULL,'早餐前胰岛素:a-诺和锐胰岛素,2-诺合灵R,3-诺合灵N','2019-06-12 08:01:43',NULL),(1131,85,NULL,'午餐前胰岛素','before_lunch_insulin','String',0,1,20,NULL,NULL,'午餐前胰岛素:a-诺和锐胰岛素,2-诺合灵R,3-诺合灵N','2019-06-12 08:01:43',NULL),(1132,85,NULL,'晚餐前胰岛素','before_supper_insulin','String',0,1,20,NULL,NULL,'晚餐前胰岛素:a-诺和锐胰岛素,2-诺合灵R,3-诺合灵N','2019-06-12 08:01:43',NULL),(1133,85,NULL,'临睡前胰岛素','bedtime_insulin','String',0,1,20,NULL,NULL,'临睡前胰岛素:a-诺和锐胰岛素,2-诺合灵R,3-诺合灵N','2019-06-12 08:01:43',NULL),(1134,85,NULL,'饮食指导(多选)','diet_guidance','String',0,1,50,NULL,NULL,'饮食指导(多选):a-主食摄入过多,b-主食摄入过少,c-加餐摄入过多,d-加餐摄入过少,e-主食摄入时间提前,f-主食摄入时间延迟,g-加餐摄入时间提前,h-加餐摄入时间延迟,i-动物性食品摄入多,i-动物性食品摄入少','2019-06-12 08:01:43',NULL),(1135,85,NULL,'其他饮食建议','diet_guidance_else','String',0,1,100,NULL,NULL,'其他饮食建议','2019-06-12 08:01:43',NULL),(1136,85,NULL,'备注','desc_','String',0,1,500,NULL,NULL,'备注','2019-06-12 08:01:43',NULL),(1137,85,NULL,'','created_time','String',0,1,19,NULL,NULL,'','2019-06-12 08:01:43',NULL),(1138,85,NULL,'','creator_id','Long',0,1,NULL,NULL,NULL,'','2019-06-12 08:01:43',NULL);
/*!40000 ALTER TABLE `inter_model_parameter` ENABLE KEYS */;
UNLOCK TABLES;

--
-- Table structure for table `inter_parameter`
--

DROP TABLE IF EXISTS `inter_parameter`;
/*!40101 SET @saved_cs_client     = @@character_set_client */;
/*!40101 SET character_set_client = utf8 */;
CREATE TABLE `inter_parameter` (
  `id_` bigint(4) NOT NULL AUTO_INCREMENT,
  `name_` varchar(20) DEFAULT NULL,
  `code_` varchar(20) DEFAULT NULL,
  `type_` varchar(20) DEFAULT NULL,
  `is_array` int(1) DEFAULT NULL,
  `allow_blank` int(1) DEFAULT NULL,
  `length_` int(1) DEFAULT NULL,
  `regex_` varchar(20) DEFAULT NULL,
  `example_` varchar(20) DEFAULT NULL,
  `remark_` varchar(50) DEFAULT NULL,
  `created_time` timestamp NOT NULL DEFAULT CURRENT_TIMESTAMP ON UPDATE CURRENT_TIMESTAMP,
  `creator_id` bigint(4) DEFAULT NULL,
  PRIMARY KEY (`id_`)
) ENGINE=InnoDB AUTO_INCREMENT=2 DEFAULT CHARSET=utf8mb4;
/*!40101 SET character_set_client = @saved_cs_client */;

--
-- Dumping data for table `inter_parameter`
--

LOCK TABLES `inter_parameter` WRITE;
/*!40000 ALTER TABLE `inter_parameter` DISABLE KEYS */;
INSERT INTO `inter_parameter` VALUES (1,'主键','id','Long',NULL,NULL,4,'[0-9]+','1','自增长整形数字','2019-06-05 05:59:32',1);
/*!40000 ALTER TABLE `inter_parameter` ENABLE KEYS */;
UNLOCK TABLES;

--
-- Table structure for table `inter_result_parameter`
--

DROP TABLE IF EXISTS `inter_result_parameter`;
/*!40101 SET @saved_cs_client     = @@character_set_client */;
/*!40101 SET character_set_client = utf8 */;
CREATE TABLE `inter_result_parameter` (
  `id_` bigint(4) NOT NULL AUTO_INCREMENT,
  `url_id` bigint(4) DEFAULT NULL,
  `name_` varchar(20) DEFAULT NULL,
  `code_` varchar(20) DEFAULT NULL,
  `type_` varchar(20) DEFAULT NULL,
  `is_array` int(1) DEFAULT NULL,
  `allow_blank` int(1) DEFAULT NULL,
  `length_` int(1) DEFAULT NULL,
  `regex_` varchar(20) DEFAULT NULL,
  `example_` varchar(20) DEFAULT NULL,
  `remark_` varchar(50) DEFAULT NULL,
  `created_time` timestamp NOT NULL DEFAULT CURRENT_TIMESTAMP ON UPDATE CURRENT_TIMESTAMP,
  `creator_id` bigint(4) DEFAULT NULL,
  PRIMARY KEY (`id_`)
) ENGINE=InnoDB DEFAULT CHARSET=utf8mb4;
/*!40101 SET character_set_client = @saved_cs_client */;

--
-- Dumping data for table `inter_result_parameter`
--

LOCK TABLES `inter_result_parameter` WRITE;
/*!40000 ALTER TABLE `inter_result_parameter` DISABLE KEYS */;
/*!40000 ALTER TABLE `inter_result_parameter` ENABLE KEYS */;
UNLOCK TABLES;

--
-- Table structure for table `inter_upload_parameter`
--

DROP TABLE IF EXISTS `inter_upload_parameter`;
/*!40101 SET @saved_cs_client     = @@character_set_client */;
/*!40101 SET character_set_client = utf8 */;
CREATE TABLE `inter_upload_parameter` (
  `id_` bigint(4) NOT NULL AUTO_INCREMENT,
  `url_id` bigint(4) DEFAULT NULL,
  `name_` varchar(20) DEFAULT NULL,
  `code_` varchar(20) DEFAULT NULL,
  `type_` varchar(20) DEFAULT NULL,
  `is_array` int(1) DEFAULT NULL,
  `allow_blank` int(1) DEFAULT NULL,
  `length_` int(1) DEFAULT NULL,
  `regex_` varchar(20) DEFAULT NULL,
  `example_` varchar(20) DEFAULT NULL,
  `remark_` varchar(50) DEFAULT NULL,
  `created_time` timestamp NOT NULL DEFAULT CURRENT_TIMESTAMP ON UPDATE CURRENT_TIMESTAMP,
  `creator_id` bigint(4) DEFAULT NULL,
  PRIMARY KEY (`id_`)
) ENGINE=InnoDB DEFAULT CHARSET=utf8mb4;
/*!40101 SET character_set_client = @saved_cs_client */;

--
-- Dumping data for table `inter_upload_parameter`
--

LOCK TABLES `inter_upload_parameter` WRITE;
/*!40000 ALTER TABLE `inter_upload_parameter` DISABLE KEYS */;
/*!40000 ALTER TABLE `inter_upload_parameter` ENABLE KEYS */;
UNLOCK TABLES;

--
-- Table structure for table `inter_url`
--

DROP TABLE IF EXISTS `inter_url`;
/*!40101 SET @saved_cs_client     = @@character_set_client */;
/*!40101 SET character_set_client = utf8 */;
CREATE TABLE `inter_url` (
  `id_` bigint(4) NOT NULL AUTO_INCREMENT,
  `application_id` bigint(4) DEFAULT NULL,
  `group_id` bigint(4) DEFAULT NULL,
  `name_` varchar(20) DEFAULT NULL,
  `url_` varchar(20) DEFAULT NULL,
  `type_` int(1) DEFAULT NULL,
  `position_` int(1) DEFAULT NULL,
  `logic_` varchar(50) DEFAULT NULL,
  `operate_` int(1) DEFAULT NULL,
  `regex_` varchar(20) DEFAULT NULL,
  `upload_type` int(1) DEFAULT NULL,
  `upload_data` varchar(20) DEFAULT NULL,
  `upload_example` varchar(20) DEFAULT NULL,
  `result_type` int(1) DEFAULT NULL,
  `result_data` varchar(20) DEFAULT NULL,
  `result_example` varchar(20) DEFAULT NULL,
  `status_` bigint(1) DEFAULT NULL,
  `remark_` varchar(50) DEFAULT NULL,
  `created_time` timestamp NOT NULL DEFAULT CURRENT_TIMESTAMP ON UPDATE CURRENT_TIMESTAMP,
  `creator_id` bigint(4) DEFAULT NULL,
  PRIMARY KEY (`id_`)
) ENGINE=InnoDB DEFAULT CHARSET=utf8mb4;
/*!40101 SET character_set_client = @saved_cs_client */;

--
-- Dumping data for table `inter_url`
--

LOCK TABLES `inter_url` WRITE;
/*!40000 ALTER TABLE `inter_url` DISABLE KEYS */;
/*!40000 ALTER TABLE `inter_url` ENABLE KEYS */;
UNLOCK TABLES;

--
-- Table structure for table `sys_function`
--

DROP TABLE IF EXISTS `sys_function`;
/*!40101 SET @saved_cs_client     = @@character_set_client */;
/*!40101 SET character_set_client = utf8 */;
CREATE TABLE `sys_function` (
  `id_` bigint(20) NOT NULL AUTO_INCREMENT,
  `parent_id` bigint(20) NOT NULL DEFAULT '0',
  `name_` varchar(50) DEFAULT NULL,
  `code_` varchar(50) DEFAULT NULL,
  `type_` int(11) DEFAULT NULL,
  `url_` varchar(100) DEFAULT NULL,
  `level_` int(11) DEFAULT NULL,
  `order_` int(11) NOT NULL DEFAULT '0',
  `created_time` varchar(19) DEFAULT NULL,
  `creator_id` bigint(20) DEFAULT NULL,
  PRIMARY KEY (`id_`)
) ENGINE=InnoDB AUTO_INCREMENT=47 DEFAULT CHARSET=utf8;
/*!40101 SET character_set_client = @saved_cs_client */;

--
-- Dumping data for table `sys_function`
--

LOCK TABLES `sys_function` WRITE;
/*!40000 ALTER TABLE `sys_function` DISABLE KEYS */;
INSERT INTO `sys_function` VALUES (1,0,'系统管理','system',1,'',NULL,9,'2016-03-25 19:17:54',NULL),(2,1,'菜单管理','menu',1,'/function/page',1,9,'2016-03-25 18:44:49',1),(3,1,'用户管理','user',1,'/user/page',NULL,0,'2016-03-25 19:15:11',NULL),(4,1,'角色管理','role',1,'/role/page',NULL,0,'2016-03-25 19:14:53',NULL),(23,1,'系统参数','sys_parameter',1,'/sys/parameter/page',NULL,4,'2016-11-02 18:42:56',NULL),(24,1,'首页设置','sys_index',1,'/sys/index/page',NULL,10,'2016-11-03 10:50:41',NULL),(42,0,'应用管理','application',1,'',NULL,10,'2019-06-05 13:38:27',NULL),(43,42,'参数管理','inter_parameter',1,'/inter/parameter/page',NULL,1,'2019-06-05 13:56:16',NULL),(44,42,'应用管理','inter_application',1,'/inter/application/page',NULL,2,'2019-06-05 13:57:07',NULL),(45,0,'模型管理','template',1,'',NULL,11,'2019-06-05 14:03:19',NULL),(46,45,'模型信息','template_info',1,'/template/info/page',NULL,1,'2019-06-05 14:04:10',NULL);
/*!40000 ALTER TABLE `sys_function` ENABLE KEYS */;
UNLOCK TABLES;

--
-- Table structure for table `sys_index`
--

DROP TABLE IF EXISTS `sys_index`;
/*!40101 SET @saved_cs_client     = @@character_set_client */;
/*!40101 SET character_set_client = utf8 */;
CREATE TABLE `sys_index` (
  `id_` bigint(20) NOT NULL AUTO_INCREMENT,
  `name_` varchar(50) DEFAULT NULL,
  `url_` varchar(100) DEFAULT NULL,
  `type_` int(11) DEFAULT NULL,
  `object_id` bigint(20) DEFAULT NULL,
  `created_time` varchar(19) DEFAULT NULL,
  `creator_id` bigint(20) DEFAULT NULL,
  PRIMARY KEY (`id_`)
) ENGINE=InnoDB AUTO_INCREMENT=2 DEFAULT CHARSET=utf8;
/*!40101 SET character_set_client = @saved_cs_client */;

--
-- Dumping data for table `sys_index`
--

LOCK TABLES `sys_index` WRITE;
/*!40000 ALTER TABLE `sys_index` DISABLE KEYS */;
INSERT INTO `sys_index` VALUES (1,'菜单管理','/function/page',1,1,'2016-03-25 19:13:46',1);
/*!40000 ALTER TABLE `sys_index` ENABLE KEYS */;
UNLOCK TABLES;

--
-- Table structure for table `sys_parameter`
--

DROP TABLE IF EXISTS `sys_parameter`;
/*!40101 SET @saved_cs_client     = @@character_set_client */;
/*!40101 SET character_set_client = utf8 */;
CREATE TABLE `sys_parameter` (
  `id_` bigint(20) NOT NULL AUTO_INCREMENT,
  `name_` varchar(50) DEFAULT NULL,
  `code_` varchar(50) DEFAULT NULL,
  `int_value` int(11) DEFAULT NULL,
  `string_value` varchar(100) DEFAULT NULL,
  `double_value` decimal(10,0) DEFAULT NULL,
  `long_value` bigint(20) DEFAULT NULL,
  `char_value` char(1) DEFAULT NULL,
  `boolean_value` tinyint(1) DEFAULT NULL,
  `remark_` varchar(300) DEFAULT NULL,
  `created_time` varchar(19) DEFAULT NULL,
  `creator_id` bigint(20) DEFAULT NULL,
  PRIMARY KEY (`id_`)
) ENGINE=InnoDB DEFAULT CHARSET=utf8;
/*!40101 SET character_set_client = @saved_cs_client */;

--
-- Dumping data for table `sys_parameter`
--

LOCK TABLES `sys_parameter` WRITE;
/*!40000 ALTER TABLE `sys_parameter` DISABLE KEYS */;
/*!40000 ALTER TABLE `sys_parameter` ENABLE KEYS */;
UNLOCK TABLES;

--
-- Table structure for table `sys_role`
--

DROP TABLE IF EXISTS `sys_role`;
/*!40101 SET @saved_cs_client     = @@character_set_client */;
/*!40101 SET character_set_client = utf8 */;
CREATE TABLE `sys_role` (
  `id_` bigint(20) NOT NULL AUTO_INCREMENT,
  `name_` varchar(50) DEFAULT NULL,
  `code_` varchar(50) DEFAULT NULL,
  `status_` char(1) DEFAULT NULL,
  `remark_` varchar(300) DEFAULT NULL,
  `created_time` varchar(19) DEFAULT NULL,
  `creator_id` bigint(20) DEFAULT NULL,
  PRIMARY KEY (`id_`)
) ENGINE=InnoDB AUTO_INCREMENT=4 DEFAULT CHARSET=utf8;
/*!40101 SET character_set_client = @saved_cs_client */;

--
-- Dumping data for table `sys_role`
--

LOCK TABLES `sys_role` WRITE;
/*!40000 ALTER TABLE `sys_role` DISABLE KEYS */;
INSERT INTO `sys_role` VALUES (1,'admin','admin','1','超级管理员，应该把此角色写入代码中，作为静态变量，并且可以不需要设置访问任何的接口','2016-03-25 18:40:38',1),(3,'超级管理员','super_admin','1','超级管理员，拥有本应用大部分权限','2016-12-08 15:49:28',1);
/*!40000 ALTER TABLE `sys_role` ENABLE KEYS */;
UNLOCK TABLES;

--
-- Table structure for table `sys_role_function`
--

DROP TABLE IF EXISTS `sys_role_function`;
/*!40101 SET @saved_cs_client     = @@character_set_client */;
/*!40101 SET character_set_client = utf8 */;
CREATE TABLE `sys_role_function` (
  `id_` bigint(20) NOT NULL AUTO_INCREMENT,
  `role_id` bigint(20) DEFAULT NULL,
  `function_id` bigint(20) DEFAULT NULL,
  PRIMARY KEY (`id_`)
) ENGINE=InnoDB AUTO_INCREMENT=52 DEFAULT CHARSET=utf8;
/*!40101 SET character_set_client = @saved_cs_client */;

--
-- Dumping data for table `sys_role_function`
--

LOCK TABLES `sys_role_function` WRITE;
/*!40000 ALTER TABLE `sys_role_function` DISABLE KEYS */;
INSERT INTO `sys_role_function` VALUES (1,1,1),(4,1,21),(5,1,22),(9,1,21),(10,1,22),(11,2,25),(14,2,22),(16,2,29),(17,2,31),(18,2,36),(19,2,35),(21,2,30),(22,3,25),(25,3,14),(26,3,17),(27,3,18),(28,3,20),(29,3,19),(32,3,34),(33,3,36),(34,3,30),(35,3,35),(36,3,22),(37,3,31),(38,3,29),(39,3,21),(40,3,27),(42,3,1),(43,3,4),(44,3,3),(45,3,23),(46,3,24),(47,3,2),(48,3,37),(49,2,38),(50,2,39),(51,2,27);
/*!40000 ALTER TABLE `sys_role_function` ENABLE KEYS */;
UNLOCK TABLES;

--
-- Table structure for table `sys_user`
--

DROP TABLE IF EXISTS `sys_user`;
/*!40101 SET @saved_cs_client     = @@character_set_client */;
/*!40101 SET character_set_client = utf8 */;
CREATE TABLE `sys_user` (
  `id_` bigint(20) NOT NULL AUTO_INCREMENT,
  `role_id` bigint(20) DEFAULT NULL,
  `user_name` varchar(50) DEFAULT NULL,
  `login_name` varchar(50) DEFAULT NULL,
  `login_pwd` varchar(100) DEFAULT NULL,
  `status_` char(1) DEFAULT NULL,
  `created_time` varchar(19) DEFAULT NULL,
  `creator_id` bigint(20) DEFAULT NULL,
  PRIMARY KEY (`id_`)
) ENGINE=InnoDB AUTO_INCREMENT=2 DEFAULT CHARSET=utf8;
/*!40101 SET character_set_client = @saved_cs_client */;

--
-- Dumping data for table `sys_user`
--

LOCK TABLES `sys_user` WRITE;
/*!40000 ALTER TABLE `sys_user` DISABLE KEYS */;
INSERT INTO `sys_user` VALUES (1,1,'管理员','admin','21232f297a57a5a743894a0e4a801fc3','1','2016-03-25 18:37:43',1);
/*!40000 ALTER TABLE `sys_user` ENABLE KEYS */;
UNLOCK TABLES;

--
-- Table structure for table `template_frame`
--

DROP TABLE IF EXISTS `template_frame`;
/*!40101 SET @saved_cs_client     = @@character_set_client */;
/*!40101 SET character_set_client = utf8 */;
CREATE TABLE `template_frame` (
  `id_` bigint(4) NOT NULL AUTO_INCREMENT,
  `name_` varchar(20) DEFAULT NULL,
  `remark_` varchar(50) DEFAULT NULL,
  `created_time` timestamp NOT NULL DEFAULT CURRENT_TIMESTAMP ON UPDATE CURRENT_TIMESTAMP,
  `creator_id` bigint(4) DEFAULT NULL,
  PRIMARY KEY (`id_`)
) ENGINE=InnoDB AUTO_INCREMENT=2 DEFAULT CHARSET=utf8mb4;
/*!40101 SET character_set_client = @saved_cs_client */;

--
-- Dumping data for table `template_frame`
--

LOCK TABLES `template_frame` WRITE;
/*!40000 ALTER TABLE `template_frame` DISABLE KEYS */;
INSERT INTO `template_frame` VALUES (1,'spring-boot-mybatis3','spring boot application mybatis3 ','2019-06-12 02:21:10',1);
/*!40000 ALTER TABLE `template_frame` ENABLE KEYS */;
UNLOCK TABLES;

--
-- Table structure for table `template_info`
--

DROP TABLE IF EXISTS `template_info`;
/*!40101 SET @saved_cs_client     = @@character_set_client */;
/*!40101 SET character_set_client = utf8 */;
CREATE TABLE `template_info` (
  `id_` bigint(4) NOT NULL AUTO_INCREMENT,
  `frame_id` bigint(4) DEFAULT NULL,
  `group_` varchar(50) DEFAULT NULL,
  `name_` varchar(50) DEFAULT NULL,
  `type_` varchar(20) DEFAULT NULL,
  `update_type` int(4) DEFAULT NULL,
  `save_path_model` varchar(50) DEFAULT NULL,
  `save_file_model` varchar(50) DEFAULT NULL,
  `remark_` varchar(100) DEFAULT NULL,
  `created_time` timestamp NOT NULL DEFAULT CURRENT_TIMESTAMP ON UPDATE CURRENT_TIMESTAMP,
  `creator_id` bigint(4) DEFAULT NULL,
  PRIMARY KEY (`id_`)
) ENGINE=InnoDB AUTO_INCREMENT=12 DEFAULT CHARSET=utf8mb4;
/*!40101 SET character_set_client = @saved_cs_client */;

--
-- Dumping data for table `template_info`
--

LOCK TABLES `template_info` WRITE;
/*!40000 ALTER TABLE `template_info` DISABLE KEYS */;
INSERT INTO `template_info` VALUES (1,0,'controller','controller.ftl','model',0,'src/main/java/com.web.@{app}.controller.@{little}','@{large}Controller.java','控制器模板,生成查询/创建/修改/删除方法','2019-06-12 08:43:18',NULL),(2,1,'config','ibatis.ftl','model',0,'src/main/resources/mapping','@{large}Mapper.xml','mybatis3 selectList selectCount insert delete update ','2019-06-12 08:23:42',NULL),(3,1,'application','spring-application.ftl','application',0,'src/main/java/com.web.@{app}','SpringWebApplication.java','auto config spring-boot-application','2019-06-12 08:24:29',NULL),(4,1,'config','spring-boot-cors.ftl','application',0,'src/main/java/com.web.@{app}.config','CorsConfig.java','cors config java auto config','2019-06-12 08:08:52',NULL),(5,1,'config','spring-boot-pom.ftl','application',0,'/','pom.xml','spring-boot 2.0 pom.xml','2019-06-12 08:19:19',NULL),(6,1,'config','spring-boot-properties.ftl','application',0,'src/main/resources','application.properties','spring-boot-properties','2019-06-12 08:25:13',NULL),(7,1,'controller','spring-boot-controller.ftl','model',0,'src/main/java/com.web.@{app}.controller','@{large}Controller.java','spring-mvc-api-controller','2019-06-12 04:01:17',NULL),(8,1,'entity','entity.ftl','model',0,'src/main/java/com.web.@{app}.entity','@{large}.java','model java','2019-06-12 08:09:02',NULL),(9,1,'dao','mapper.ftl','model',0,'src/main/java/com.web.@{app}.mapper','@{large}Mapper.java','mybatis3-mapper interface','2019-06-12 08:08:57',NULL),(10,1,'config','response-body-advice.ftl','application',0,'src/main/java/com.web.@{app}.config','ResponseBodyHandler.java','api 统一返回数据格式','2019-06-12 09:07:43',NULL),(11,1,'config','response-body-result.ftl','application',0,'src/main/java/com.web.@{app}.config','ResponseBodyResult.java','返回消息体结果','2019-06-12 09:05:28',NULL);
/*!40000 ALTER TABLE `template_info` ENABLE KEYS */;
UNLOCK TABLES;
/*!40103 SET TIME_ZONE=@OLD_TIME_ZONE */;

/*!40101 SET SQL_MODE=@OLD_SQL_MODE */;
/*!40014 SET FOREIGN_KEY_CHECKS=@OLD_FOREIGN_KEY_CHECKS */;
/*!40014 SET UNIQUE_CHECKS=@OLD_UNIQUE_CHECKS */;
/*!40101 SET CHARACTER_SET_CLIENT=@OLD_CHARACTER_SET_CLIENT */;
/*!40101 SET CHARACTER_SET_RESULTS=@OLD_CHARACTER_SET_RESULTS */;
/*!40101 SET COLLATION_CONNECTION=@OLD_COLLATION_CONNECTION */;
/*!40111 SET SQL_NOTES=@OLD_SQL_NOTES */;

-- Dump completed on 2019-06-12 17:31:45
